vin,model,mfg_year,fuel_type,base_kmpl
0PC7HZN5,Chevrolet Silverado 4500HD,2023,Diesel,13.97
L3MLNPSF,Arrival Van,2017,Diesel,6.01
EM2BGA7S,Volvo VNL,2025,Petrol,11.21
RRRRRRRR,Kenworth T680,2019,LNG,11.71
FXWT4SNH,International LT,2012,Petrol,15.72
V16XEGHP,Chevrolet Silverado 4500HD,2012,CNG,13.23
W2EB5FA7,Hino 268,2019,Hybrid,10.86
UM1Q9DVO,Hino 268,2004,LNG,9.12
WB00N114,Thomas Saf-T-Liner,2004,LNG,11.82
SR8XT2K1,Ram ProMaster,2022,Electric,5.76
7OONNCIL,Peterbilt 579,2026,Petrol,14.58
TS91AFF0,International LT,2018,diesel,16.13
AURL33TR,Blue Bird All American,2018,Electric,5.48
XX1W36CO,Mack Anthem,2023,CNG,11.0
3L26YXK,International LT,2005,CNG,14.14
TXCY1R4R,Hino 268,2016,CNG,15.91
3S87SOLH,Mack Anthem,2025,CNG,15.02
IVBTXDMB,IC Bus CE Series,2024,Petrol,7.65
NT9IWRSB,Isuzu NPR,2022,Petrol,"8,34"
FAA4QP7S,Rivian EDV,2020,Diesel,12.08
ZQGL40PR,Chevrolet Silverado 4500HD,2000,Petrol,14.88
HV6ID2BN,4814,2008,CNG,11.54
6Z9HFTLK,Ram ProMaster,2015,Petrol,16.56
YDMT8VT4,Ram ProMaster,2013,Hybrid,21.59
SN1SL17Y,"Freightliner M2, Heavy Duty",2014,Electric,5.5
5EJAJ88A,Ram ProMaster,2007,LNG,11.7
M8MIKM85,Blue Bird All American,2013,CNG,14.41
HPN6YHGB,Ford F-750,2010,LNG,7.45
LUVCTHBZ,IC Bus CE Series,2025,Diesel,7.84
  BVSCH4II  , Volvo VNL , 2011 , LNG , 12.69 
33FR30P9,Tesla Semi,2020,CNG,9.0
9ZUBCG04,Thomas Saf-T-Liner,2005,Diesel,5.45
QZQDN2D0B2X10WVKIHSL,Mack Anthem,2008,Hybrid,11.98
NEEKDU4L,Tesla Semi,2023,Electric,-17.91
XHDQF8C6,Arrival Van,2016,CNG,"14,48"
X45GJBFW,IC Bus CE Series,2024,Diesel,unknown
YUPMANQY,Thomas Saf-T-Liner,2006,Petrol,13.4
F28IJ6NL,Thomas Saf-T-Liner,2017,Hybrid,10.72
89HCL526,Isuzu NPR,2009,LNG,8.92
FCOG7GVM,Hyundai XCIENT,2019,Diesel,14.94
79G20YT1,Chevrolet Silverado 4500HD,2006,LNG,13.16
MFXTI0BU,Freightliner M2,2004,LNG,9.39
MS4VZV6U,"Freightliner M2, Heavy Duty",2022,Diesel,5.96
18L30PYN,Chevrolet Silverado 4500HD,2014,Diesel,13.96
55IF3BQ0,Hyundai XCIENT,2013,Petrol,0
GFT8DV0M,Ford Transit,2003,Electric,4.2
LFSI0LJ7,Rivian EDV,2009,Hybrid,12.11
P18A4JVK,Kenworth T680,2001,Hybrid,13.35
61ZS4ES9,Arrival Van,2010,Hybrid,20.18
ABWM15GM,Ford F-750,2023,Electric,3.18
1503OG6A,Arrival Van,2006,CNG,11.2
Y82LUJW0,Isuzu NPR,2022,Petrol,16.4
S6JBVIMZ,Isuzu NPR,2006,CNG,13.94
Y4RGPMC5,Arrival Van,2001,Diesel,9.31
545YRWVT,Ford F-750,2003,LNG,8.53
ARX3DA1L,Blue Bird All American,2020,Diesel,12.37
5I6SEZOC,Ram ProMaster,2024,CNG,17.3645189651
SVU3NPWA,Volvo VNL,N/A,LNG,8.6
VNGCFOLT,Ford F-750,2009,CNG,10.42
JJ460638,Blue Bird All American,2011,Petrol,11.14
F32BCQUN,Chevrolet Silverado 4500HD,2024,LNG,12.41
1ZF35YPE,Western Star 5700XE,2001,LNG,10.01
OHXLMM4R,Isuzu NPR,2008,Electric,20.83
LJ8XTXE0,Arrival Van,2025.4,Petrol,9.19
8OSUTUG4,Ford F-750,2013,cng,21.96
0MGUM2D0,Western Star 5700XE,2018,CNG,10.07
9AZL70QV,Freightliner M2,2024,Diesel,8.74
7z5q9t63,Volvo VNL,2011,Electric,5.07
VXPSDCKM,"Freightliner M2, Heavy Duty",2014,Hybrid,20.98
T1TZU9QE,International LT,2020,Hybrid,17.0
23HAQRAD,Peterbilt 579,2021,Diesel,10.4
TVFH7B0A,Western Star 5700XE,2006,CNG,9.87
FL2MOXQ9,BYD 8TT,2000,Petrol,7.92
RBAB7JFQ,Kenworth T680,2016,Electric,3.16
6U2BZQST,Kenworth T680,2026,Electric,3.62
ZI3M9TR5,Hino 268,2006,LNG,7.99
WX0IOUIS,Nikola Tre,2003,Hybrid,14.65
XWYZR3CU,Chevrolet Silverado 4500HD,2025,Hybrid,16.06
13DNZGA3,Mercedes Sprinter,2000,Diesel,14.85
5BDWA5RU,Chevrolet Silverado 4500HD,2022,CNG,11.7
W23OGQ7Y,Ram ProMaster,2020,Hybrid,17.8
9F6CTY5G,Rivian EDV,2021,CNG,15.47
UINII5LZ,International LT,2012,Electric,4.27
   ,	, ,  , 
Y9AM5T7C,"Freightliner M2, Heavy Duty",2019,Diesel,11.14
0Z0E677M,Kenworth T680,2009,LNG,9.54
DOSVN5L6,Peterbilt 579,2013,CNG,12.18
IQ8SYO2H,Volvo VNL,2019,Diesel,13.81
V17MIAV1,International LT,2025,Electric,5.88
LF52P9I1,Western Star 5700XE,2017,Hybrid,13.19
8R3YHSEV,Ram ProMaster,2002,Petrol,8.71
NSQHACME,Arrival Van,2004,Hybrid,15.02
47NX1QSN,Ram ProMaster,2011,LNG,12.23
TJDU6J35,Hyundai XCIENT,2012,Hybrid,20.63
YM7D019L,Rivian EDV,2005,Hybrid,12.42
UA5ER5Q4,Thomas Saf-T-Liner,2012,CNG,10.23
N6TBSPWYJ8,Volvo VNL,2010,Diesel,5.44
HUMVLVE9,Freightliner M2,2015,Petrol,6.74
651ABA2H,Hino 268,2018,LNG,good
4N6O9JD3,Isuzu NPR,2009,LNG,8.47
JKEYKUG0,IC Bus CE Series,2022,Hybrid,21.46
  JKQLWYGU  , International LT , 2022 , Electric , 4.87 
VOE3H2K7,Ford Transit,2005,Hybrid,19.6
Y28N3CQF,Rivian EDV,2001,LNG,11.23
!@#$%,Hyundai XCIENT,2003,Electric,5.27
WDULPAES,Mack Anthem,2006,Diesel,5.12
9PZ31F2G,Blue Bird All American,2024,Petrol,10.95
KUXPG3JP,Freightliner M2,2006,CNG,15.84
08I7HPZG,"Freightliner M2, Heavy Duty",2016,LNG,7.52
SSZVVRFF,Freightliner M2,2002,Petrol,13.3
,Volvo VNL,2016,CNG,8.42
NKTT7MUX,Kenworth T680,2013,Petrol,14.14
PHJ4SX9Y,Hino 268,2019,Electric,5.11
DH5BZUD3,Freightliner M2,NULL,CNG,13.58
B1QTGNHU,IC Bus CE Series,2002,Electric,2.79
29Z8KPEM,International LT,2013,Hybrid,21.62
1IRSUIE1,Chevrolet Silverado 4500HD,2017,CNG,15.04
08DU86KK,Ram ProMaster,2026,LNG,8.23
TCS8PE88,Chevrolet Silverado 4500HD,2022,Electric,4.25
30FUZRB0,Ram ProMaster,2001,CNG,
PP00CDNZ,Arrival Van,2009,Electric,5.5
5WFCPKJC,Ram ProMaster,2002,Petrol,9.72
KP3KCROK,Ford Transit,2014,Diesel,5.01
HZG58XYJ,Hyundai XCIENT,2019,Petrol,10.08
A7JZEOY9,Isuzu NPR,2016,Electric,4.44
OV8ZPZLL,Volvo VNL,2024,Electric,5.43
QESXUVYG,Freightliner M2,2006,Petrol,16.69
9QEOLIDZ,"Freightliner M2, Heavy Duty",2004,LNG,7.9
D3SD4XT8,Hino 268,2026,LNG,11.1
YH523GGO,Peterbilt 579,2026,Hybrid,13.93
FP672ZFB,Ford Transit,2005,CNG,8.26
J4TRXBBT,N/A,2016,Diesel,9.52
KJDYVY96,Mercedes Sprinter,2022,Electric,5.62
GMVD9AZI,Hyundai XCIENT,2025,Hybrid,11.4
BTUFDOAP,Blue Bird All American,2010,CNG,13.86
8HJK0XYS,Thomas Saf-T-Liner,2013,Electric,4.07
8YE71TWD,International LT,2001,LNG,8.39
K16LE7NP,Hyundai XCIENT,2023,Hybrid,25
995GHA6D,Freightliner M2,2021,Petrol,6.59
ELLLQXY8,International LT,2012,Diesel,6.52
QOQQZL7N,Hyundai XCIENT,2023,Hybrid,12.13
23T4TCCM,IC Bus CE Series,2007,EV,13.31
X5GYQBCH,Hyundai XCIENT,2002,Electric,3.26
U0QI2PEV,,2026,Electric,5.98
5CF89LPB,Ram ProMaster,2019,CNG,14.02
LAYNDN5G,Hino 268,2007,Diesel,7.69
null,Thomas Saf-T-Liner,2013,Diesel,14.21
O4VTKA4Y,International LT,2005,LNG,-19.01
PQ24NI10,Chevrolet Silverado 4500HD,2026,CNG,10.1
8DIY9D9M,Hyundai XCIENT,2009,Petrol,6.35
1HGB	225,Ram ProMaster,2021,Electric,3.76
W3GTNO9R,Kenworth T680,2020,Hybrid,13.93
FZ4MU7SM,Hino 268,2012,LNG,9.31
38PITSDS,Blue Bird All American,2002,Electric,4.82
CV2WPHJ1,Hyundai XCIENT,2010,Electric,4.97
KAH84BJ6,Volvo VNL,2009,Electric,4.25
DVVH6SD4,Western Star 5700XE,2016,Diesel,13.53
GW5QZDO0,Mack Anthem,2008,LNG,7.6
12HNC0I4,Hyundai XCIENT,2006,CNG,13.98
AIZFGLLA,Ford F-750,2022,Diesel,12.42
YIC7TIXC,Peterbilt 579,2010,Diesel,5.15
P0LFJK56,Western Star 5700XE,2001,Electric,4.34
RO4VZS9H,Arrival Van,20/22,Petrol,13.0
3X27UCAQ,Tesla Semi,2010,Hybrid,18.8
06HU5L0F,Blue Bird All American,2026,Electric,3.87
X30PAJPP,Hino 268,2020,Diesel,8.55
IFDV1MJ6,BYD 8TT,2015,Diesel,11.92
8QR8UPUK,Mack Anthem,2078,Hybrid,11.97
4C,Volvo VNL,2016,Electric,3.48
50HT5IPJ,Blue Bird All American,2019,Electric,inf
3OF3POGT,Mack Anthem,2000,Petrol,9.18
5I1VDV01,Rivian EDV,1993,CNG,13.07
1Z696R2W,Ram ProMaster,2011,PETROL ,24.02
IOQZJOZQ,Nikola Tre,2017,Electric,5.73
NCJUI84J,Freightliner M2,2022,Diesel,7.51
<script>alert(1)</script>,Blue Bird All American,2012,Hybrid,21.22
0V2ZP4JU,BYD 8TT,2011,Diesel,14.27
RL8QXN30,Peterbilt 579,2014,Hybrid,11.2
TZTXD62Y,Peterbilt 579,2005,Hybrid,18.11
71I6YY9O,Freightliner M2,2019,LNG,8.16
L2FLZSZ3,Freightliner M2,2003,LNG,8.8
W5EJE32T,Peterbilt 579,2012,LNG,13.11
3XHS18EW,Ford Transit,2017,Petrol,6.2
8NGWQ3D3,BYD 8TT,2011,LNG,7.62
W90DPIMR,Volvo VNL,2008,Electric,4.98
89H4LMEO,Ford F-750,2010,CNG,-18.69
OFV14J64,International LT,2015,Petrol,15.03
C8WQUUY5,Hyundai XCIENT,2020,Hybrid,21.84
93Z7YC7J,Thomas Saf-T-Liner,2017,Hybrid,-10.92
NOEPRWG5,Ford F-750,2016,Hybrid,19.62
FUTIAZDV,Western Star 5700XE,2014,Electric,5.83
VZ3P3LZG,Freightliner M2,2002,Petrol,12.43
LOW2R576,BYD 8TT,2018,Petrol,8.77
31QH0VSQ,Freightliner M2,2012,Hybrid,15.56
KSVTL6M7,Western Star 5700XE,2023,CNG,15.74
568HJGWB,Hyundai XCIENT,2007,Electric,3.52
C7OIT17J,Volvo VNL,2001,Diesel,12.55
L4VFZYKB,Volvo VNL,2022,Electric,5.58
4MXU8NIH,Hino 268,2003,CNG,12.63
MQZHPO1P,Hino 268,2010,CNG,13.67
UYHTZORI,Rivian EDV,2016,Diesel,11.79
SZBVYE1I,Isuzu NPR,2013,Electric,2.64
FCK5TCG3,Blue Bird All American,2016,LNG,7.41
8ZI9VCCM,Tesla Semi,2011,Hybrid,15.26
1OCF2N0V,Western Star 5700XE,-225,CNG,15.19
FV2EJ8YT,Thomas Saf-T-Liner,2030,LNG,7.97
ED7SWDGK,Tesla Semi,2024,Petrol,14.15
KVOP6U9H,Hyundai XCIENT,2000,Petrol,7.26
L95PIKGQ,Isuzu NPR,2052,CNG,10.17
ADS83GYZ,Isuzu NPR,2002,Petrol,7.63
ECKODY3G,Isuzu NPR,2007,Petrol,13.12
XNR1DEK0,Mercedes Sprinter,2012,Hybrid,16.5
L7ZQPPOA,Tesla Semi,2000,Hybrid,21.49
Q9W2IN2I,Ram ProMaster,2017,Diesel,13.5
U0MAN5SN,Thomas Saf-T-Liner,2018,Petrol,13.32
TDH7E4V9O885G3K,Blue Bird All American,2008,CNG,15.3
DLTGGD08,Ford F-750,2003,Diesel,7.34
V2APLZ6C,Mercedes Sprinter,2019,Petrol,6.76
0OX6JXIJ,Hino 268,2012,CNG/LNG,24.59
BUY3E8CU,IC Bus CE Series,2021,Petrol,11.69
KCEHQO67,Ram ProMaster,2015,CNG,9.65
X2WW7ZYTROG8J7DYYP,Ram ProMaster,2003,Diesel,6.99
WUJF7BUR,BYD 8TT,2016,Electric,5.86
GZY4FCNN,Hino 268,2002,Electric,4.33
Q4F4QMU1,Tesla Semi,2003,Hybrid,21.65
RF3XGS8T,BYD 8TT,2016,CNG,10.95
KE1AZPC2,Ford Transit,2007,Hybrid,20.23
IZI67IVD,Mercedes Sprinter,2025,CNG,14.41
L4JXGYFR,Thomas Saf-T-Liner,2013,Diesel,7.4
8EE61YQH,Volvo VNL,2015,Electric,5.59
W8XGQIVP,Mercedes Sprinter,2023,LNG,10.19
0Z650SO0,IC Bus CE Series,2019,LNG,10.79
  JT9M8BC6  , Freightliner M2 , 2008 , Hybrid , 20.96 
YUKT5B1Y,BYD 8TT 中国,2025,Petrol,17.4
TX57LYQ9,Nikola Tre,2006,LNG,8.81
LY3NFXF4,Nikola Tre,2016,LNG,8.96
7ZD597W5,Chevrolet Silverado 4500HD,2020,Hybrid,11.74
X012GRDM,Tesla Semi,2023,Electric,5.32
AS5DZ63M,Hino 268,2025,Diesel,13.23
SS9600Y2,Mercedes Sprinter,2011,Diesel,9.48
MC3B94KC,Thomas Saf-T-Liner,2014,Petrol,19.097557773
5BEPNPLF,Freightliner M2,2014,Electric,4.97
K4K8GNAC,Tesla Semi,2010,Hybrid,19.69
V8URID3U,Ford F-750,2026,CNG,9.83
HAXHF72B,Arrival Van,2002,Diesel,8.89
RELJTO94,Isuzu NPR,2015,Electric,4.36
7GR6LVXN,Chevrolet Silverado 4500HD,2023,LNG,11.97
SA5UZLZU,Ford F-750,2015,LNG,11.99
8JN8UH2M,Kenworth T680,2014,Petrol,17.11
Z71CZ6ET,"Freightliner M2, Heavy Duty",2005,LNG,12.85
H3O22PSR,Kenworth T680,2000,CNG,10.15
S9V7LP1L,Peterbilt 579,2014,LNG,11.53
390FLIPT,Freightliner M2,2023,LNG,12.44
   ,	, ,  , 
HOCN9J2Q,Thomas Saf-T-Liner,2022,Diesel,14.57
J9UZP8NX,Volvo VNL,2025,Petrol,17.32
TYIFJHS1,Hino 268,2002,CNG,11.63
4RV2YN9H,Tesla Semi,2024,Hybrid,20.71
2FTA08CH,Hyundai XCIENT,2018,LNG,7.44
5M77DNAS,Nikola Tre,2017,CNG,10.72
TYR47SMM,Hyundai XCIENT,2001,Diesel,14.29
OQZW,IC Bus CE Series,2018,Diesel,11.87
BHKM93W8,Blue Bird All American,2026,Petrol,16.55
HSBF2CRY,IC Bus CE Series,2016,Petrol,10.93
TSJP7RFB,Thomas Saf-T-Liner,2012,Hydrogen,13.31
,Western Star 5700XE,2012,LNG,9.83
RXBFQE8S,"Freightliner M2, Heavy Duty",2019,Hybrid,18.2
BU4I4CXG,Mack Anthem,2003,CNG,15.6
1FGMYQBR,Ram ProMaster,2025,Petrol,10.38
78LDF8,Rivian EDV,2014,Hybrid,16.89
8B890ZM8,Hino 268,2019,Diesel,7.82
Q2398NLI,Western Star 5700XE,2002,Petrol,17.71
V4GXOH4R,Western Star 5700XE,2003,LNG,8.23
Z48EGP15,Kenworth T680,2004,Diesel,5.07
3MHTBCXM,Rivian EDV,2003,Electric,5.54
MOWD1BVL,Western Star 5700XE,2000,LNG,
K504K34E,Nikola Tre,2009,LNG,11.92
D07YUIDJ,"Freightliner M2, Heavy Duty",2021,Electric,5.7
1D05AQRJ,Ram ProMaster,2009,Petrol,17.69
253OCH4K,Ram ProMaster,2025,Petrol,14.26
LT5Q4GPO,Freightliner M2,2019,Petrol,17.6798871538
8F6AACD0,"Freightliner M2, Heavy Duty",2015,Hybrid,13.25
BZQ35AW3,Thomas Saf-T-Liner,2017,Petrol,13.19
NRHUOY9O,Nikola Tre,2009,Diesel,7.75
LGO9TNTY,Peterbilt 579,2016,Diesel,12.68
CWQQ2G1K,BYD 8TT,2018,Diesel,9.78
TJGCEDQQ,Rivian EDV,2019,Hybrid,15.9
NZPW28X9,Rivian EDV,2013,Hybrid,13.87
S1NTB8EE,Blue Bird All American,2015, CNG,10.47
PZ1PYRFN,Kenworth T680,2001,Electric,N/A
1OULWOZQ,Hyundai XCIENT,2003,Petrol,16.12
48TF3TUC,Western Star 5700XE,2008,CNG,12.55
HXAY8EB8,Freightliner M2,2017,LNG,9.37
VP4GL7JV,Kenworth T680,2005,Electric,6.0
RLO9W04Q,Blue Bird All American,2019,Petrol,15.96
QPDKJLW2,Rivian EDV,2023,Electric,3.76
B739SYIE,Peterbilt 579,2023,CNG,14.68
A6T6PPYX,     ,2015,LNG,10.49
MPGNU5R6,International LT,2020,CNG,8.08
EVU2J9P1,Western Star 5700XE,2002,LNG,9.93
Q8JDXS0U,Ford Transit,2005,CNG,12.11
V4AISELN,Nikola Tre,2017,Electric,4.59
J7CEBN2K,International LT,2023,Hybrid,13.27
TTEAVT8K,Blue Bird All American,2006,CNG,11.3
YH9ZMY2M,Ram ProMaster,2018,CNG,15.97
72SEKUL7,Blue Bird All American,2001,Hybrid,-19.49
ESXCY1L5,Isuzu NPR,2023,LNG,7.67
1EN18X3L,Hino 268,2011,Petrol,17.82
8FBPSCMQ,Volvo VNL,2011,Petrol,10.62
LJYFCJSK,Thomas Saf-T-Liner,2022,LNG,12.3
8I1WR63J,Nikola Tre,2017,Electric,4.73
L2T7M7DFOXN7MJ,Ford F-750,2002,Hybrid,15.95
81ONRPOJ,IC Bus CE Series,2001,Hybrid,16.75
OXZ3YZMN,Hino 268,2014,Petrol,14.95
MJVMDXO8,Tesla Semi,2007,Diesel,5.74
AISDK0OK,Hino 268,2004,Hybrid,18.74
C0XFEVMY,Mercedes Sprinter,2024,LNG,9.6
AGEC82Y7,Western Star 5700XE,2016,Electric,4.8
H0UYHNQY,Rivian EDV,2016,Petrol,7.81
VQ52IP1W,Hyundai XCIENT,2001,Electric,5.09
OZCYWD14,BYD 8TT,2025,Diesel,6.21
ASRW7SHK,International LT,1931,Petrol,6.75
24CPHKG5,Volvo VNL,2022,diesel,8.09
OJF33,Tesla Semi,2017,CNG,9.18
1FYUHQNW,Rivian EDV,2004,Diesel,5.51
HKZMYSTT,Isuzu NPR,2008,petrol,13.32
J8O4YH6V,International LT,2025,Electric,4.68
GS6Y6AQJ,International LT,2001,LNG,7.64
QNHVYMQ1,Freightliner M2,2013,Petrol,15.9
TUDV5NI0,IC Bus CE Series,2011,LNG,13.15
7RVWZWA0,130,2001,LNG,9.14
DJ4VTRZR,Hyundai XCIENT,2003,Diesel,14.75
3UYPVSC4,Ford Transit,2007,Hybrid,17.07
EYFLPMJW,Ram ProMaster,2009,CNG,15.19
651LZVGW,Blue Bird All American,2006,LNG,12.04
P88528VL,Thomas Saf-T-Liner,2003,LNG,12.54
ZF3R5TJ4,Isuzu NPR,2017,Petrol,14.26
1YKVUBF9,Chevrolet Silverado 4500HD,2018,Diesel,11.3
XX4VDU0O,Kenworth T680,2000,LNG,11.65
NULL,Thomas Saf-T-Liner,2008,Petrol,14.12
W71T319A,Freightliner M2,2009,Hybrid,11.39
0JRX2N75,Hyundai XCIENT,2010,CNG,13.9
IBE3GQYM,Western Star 5700XE,2019,Electric,3.48
L5V32BH1,Freightliner M2,2014,Petrol,16.02
3VB9O3YT,BYD 8TT 中国,2001,CNG,13.15
NKJSQRUV,International LT,2025,Electric,2.6
1CFKO78G,Mercedes Sprinter,2012,Diesel,13.48
0FI26S7O,Thomas Saf-T-Liner,2009,Hybrid,13.12
ALLO3LUS,Arrival Van,2024,Electric,3.05
0YOHUMRE,Kenworth T680,2005,Diesel,5.84
2RB2I18A,Mack Anthem,2020,Diesel,6.12
Z248WJPI,Hino 268,2012,Hybrid,10.98
MXTMV9GY,Arrival Van,2018,Diesel,12.12
FFOFQ1RU,Kenworth T680,2021,Electric,3.66
DMM6OC6I,BYD 8TT,2007,LNG,7.85
GW3ZHOHI,IC Bus CE Series,2000,Diesel,14.19
IVD87WCD,Chevrolet Silverado 4500HD,2004,Electric,4.13
V0MW405G,Western Star 5700XE,2023,Petrol,7.31
PI1LRP1P,Rivian EDV,2022,Electric,14.23
6EWJC80R,Ford Transit,2016,1,13.31
HMF9JCGP,Hino 268,2015,Hybrid,12.86
7JC6QBDE,Ford F-750,2079,Hybrid,14.8
61JP06E0,IC Bus CE Series,2006,Electric,24.59
NB7YICYB,Nikola Tre,2016,Electric,5.94
8JOGAH68,Ford Transit,2023,CNG,12.07
DVGONI9H,Isuzu NPR,2000,Petrol,9.79
UVOB8XG0,International LT,2025,Petrol,17.77
RQR72A4I,Arrival Van,2003,CNG,13.5
9G396EG2,Tesla Semi,2006,Diesel,6.24
7LN23Y30,Arrival Van,2016,Hybrid,11.12
GIC4D9JG,Ford F-750,2006,Hybrid,19.75
JKD9UCEG,Arrival Van,2013,Electric,4.54
ZCJAACP5,Hino 268,2022,CNG,14.11
MIHUNIB5,Peterbilt 579,2000,Electric,3.44
GDKB2APP,Ford Transit,2001,Electric,4.51
8HQDE7M7,Western Star 5700XE,2011,CNG,15.33
MEXF32VD,Arrival Van,2024,Petrol,15.96
JQYF4DA5,Mack Anthem,2018,Electric,2.64
MXKF5PPI,Volvo VNL,2009,Hybrid,-14.78
K5ETGBZK,Freightliner M2,2010,CNG,12.12
PWC0II0C,Volvo VNL,2015,Petrol,17.38
NV0K1DRE,Thomas Saf-T-Liner,2007,CNG,8.37
42SIHXOD,Chevrolet Silverado 4500HD,2016,Hybrid,10.81
8XQ6TCLK,Ford F-750,2026,CNG,9.96
BCY7TXB6,Blue Bird All American,2007,CNG,13.81
BS6E9QYR,Ford F-750,2004,CNG,11.29
KX7EEDTJ,BYD 8TT,2006,Electric,5.01
4P6TU1HW,Ford Transit,2007,Hybrid,18.83
A6MVM539,Ram ProMaster,2013,Diesel,9.91
73UJS3EV,Tesla Semi,2025,LNG,8.35
KOEFUKPV,Chevrolet Silverado 4500HD,2021,CNG,15.56
00PFA3N6,Hino 268,2014,LNG,10.8
YFIAZAUN,Isuzu NPR,2019,CNG,12.59
UALR668S,Thomas Saf-T-Liner,2008,Electric,5.45
J0LXWTR1,Nikola Tre,2025,LNG,7.83
BRMR689Q,Western Star 5700XE,2007,LNG,8.5
ZUFDNU4I,Mercedes Sprinter,2021,LNG,7.65
N/A,IC Bus CE Series,2013,LNG,8.57
XQ101DBA,International LT,2017,Hybrid,16.28
A9X6CWL3,Hyundai XCIENT,2026,CNG,14.57
NBGGJEWE,Ram ProMaster,2003,Hybrid,11.58
L7ZYXMO4,BYD 8TT,2022,Petrol,12.14
7XNCMLDQ,Rivian EDV,2012,LNG,12.08
R43SFFPP,Ram ProMaster,2019,CNG,9.87
JUULUNH2,Peterbilt 579,2011,Hybrid,18.85
VYXLLQCA,Ford Transit,2020,Electric,2.51
OQG954FE,Mack Anthém,2014,CNG,9.97
RD06ZTG5,Mack Anthem,2015,Hybrid,13.2
12DZOD7C,International LT,2005,Disel,11.37
HJSOS58Y,IC Bus CE Series,2002,Electric,3.03
N30122Y9,Thomas Saf-T-Liner,2009,Electric,3.68
23N0GIY4,Arrival Van,2005,Electric,4.11
JVF9I60K,Isuzu NPR,2025,Petrol,6.65
R929BWV5,Freightliner M2,2004,Diesel,5.32
IIIIIIII,Chevrolet Silverado 4500HD,2025,Electric,4.03
EO4UB961,Rivian EDV,2002,Petrol,7.98
HA06NE27,Mercedes Sprinter,2014,Hybrid,17.78
2TS0DCF1,Mack Anthem,2004,LNG,
BTVH6ZWQ,Mack Anthem,2001,Electric,3.7
6QYVII1V,Rivian EDV,2013,LNG,12.14
NNDIOMYI,Hino 268,2012,LNG,7.61
YD3115H6,Volvo VNL,2025,CNG,15.69
  QEVXGXFE  , Hyundai XCIENT , 2022 , CNG , 9.04 
VN5I9EXI,IC Bus CE Series,2011.0,LNG,11.54
0FPI90MB,Peterbilt 579,2012,CNG,14.5
  SWRGKLSW  , Rivian EDV , 2011 , Electric , 3.04 
KT10R709,Mercedes Sprinter,2014,Diesel,14.01
TTYFQW97,Volvo VNL,2016,Electric,4.12
B4XZ3MSK,Rivian EDV,2026,Petrol,10.81
3HS0IXJI,Mack Anthem,2011,Hybrid,20.21
DX3PABPR,Blue Bird All American,2006,LNG,7.52
SRYO4RCB,Isuzu NPR,2009,Electric,2.61
R037ODN6,Chevrolet Silverado 4500HD,2016,Diesel,13.86
L15G35FB,Mack Anthem,2006,Petrol,6.39
45GSL4WN,Freightliner M2,2025,CNG,11.43
91HQ1EOH,Mercedes Sprinter,2010,LNG,13.84
CRX33PFE,Mercedes Sprinter,2002,CNG,10.37
4ZIFGYOT,Chevrolet Silverado 4500HD,2020,LNG,13.5
NAE2DWBN,Tesla Semi,2024,LNG,9.29
YV8B80C3,Volvo VNL,2009,CNG,13.15
QMFW0T2H,Volvo VNL,2019,CNG,12.6
HLZFLFXC,IC Bus CE Series,2007,CNG,9.16
I8MRNT7B,Hyundai XCIENT,2001,Petrol,14.26
18TJLNXP,International LT,2017,LNG,12.97
null,Hyundai XCIENT,2008,LNG,10.71
F1XW53ZG,IC Bus CE Series,2007,LNG,10.57
NULL,Kenworth T680,2005,Diesel,10.13
ME3GZ8KE,Peterbilt 579,2008,LNG,13.74
2Z6V5FHS,BYD 8TT,2002,Hybrid,14.8
ZBQ31M56,Hino 268,2011,CNG,12.46
VQ0GM9ID,Chevrolet Silverado 4500HD,2040,LNG,7.84
II826GYU,Mercedes Sprinter,2014,Diesel,12.69
4RBPWEL6,Volvo VNL,2025,CNG,13.31
0J1MNYW0,Arrival Van,2020,Diesel,6.66
GMYKVYGW,Mack Anthem,2025,Petrol,15.24
6N4A0MCQ,Western Star 5700XE,2004,Electric,2.73
I3CE8ZNA,Thomas Saf-T-Liner,2011,Diesel,5.54
ETBDFATO,Kenworth T680,2003,Electric,3.92
Z7VCRNFY,Hino 268,2009,Electric,2.84
MLTYZ2KS,Thomas Saf-T-Liner,2019,Electric,19
HRKMW74G,Ford F-750,2014,Hybrid,17.66
W9O01E4Z,Blue Bird All American,2005,Diesel,11.98
5CBS58Y9,Arrival Van,2015,Electric,0
DXWF6H38,Ram ProMaster,2016,CNG,11.63
RO03CINY,Ford Transit,2003,Diesel,10.67
4AKBJWTO,Rivian EDV,2013,Hybrid,19.02
FBKYOHBX,"Volvo
VNL",2000,CNG,8.65
DBQZ69ZT,BYD 8TT,2009,Hybrid,14.84
NU5Q1OSS,IC Bus CE Series,2022,Hybrid,19.61
98X16F4Z,Rivian EDV,2003,CNG,12.96
3CQ1DQ92,Blue Bird All American,2010,Diesel,11.42
H8OXENQ7,Hino 268,2022,LNG,7.21
X6RNRWJN,Tesla Semi,2010,LNG,8.43
V3XOLEYR,Nikola Tre,2005,Petrol,13.77
6FXFG468,International LT,2003,LNG,7.4
I8G9AOR9,BYD 8TT,2004,LNG,8.86
81369N0K,Nikola Tre,2013,Petrol,10.1
EZJLM5DQ,International LT,2013,LNG,13.37
RIQZS292,Ram ProMaster,2000,Diesel,11.23
AW63DW4C,Peterbilt 579,2003,LNG,10.48
D5LMULWE,Arrival Van,2002,CNG,10.82
ELJPP9IPKQUU2H,Volvo VNL,2011,CNG,9.37
FRF899OF,Thomas Saf-T-Liner,2012,Diesel,10.91
58Q18WKO,BYD 8TT,2008,Hybrid,10.7
9QNRBZX0,BYD 8TT,2007,CNG,14.76
GPR3RKB0,Volvo VNL,2001,Hybrid,12.14
TWWE3AZS,Mack Anthem,2009,Cng,13.77
7XQ1JW4B,Ford Transit,2016,LNG,9.38
OBK3G84U,Tesla Semi,2007,Petrol,7.14
OV7ZRS6P,Volvo VNL,2002,Petrol,7.58
7I6ZU4LB,Ford F-750,2011,Diesel,12.68
S8VOTQIS,International LT,2019,CNG,14.19
65AFU20V,Blue Bird All American,2021,Electric,2.58
JO1A42YS,Thomas Saf-T-Liner,2017,Petrol,17.41
LPXN9ECA,IC Bus CE Series,2012,Hybrid,20.94
EK78I31G,Mack Anthem,2001,Electric,5.81
2U0NDPFG,Tesla Semi,2012,Diesel,9.05
QGZUCPLK,Nikola Tre,2026,,20.55
2V4FB4BM,Western Star 5700XE,2026,Petrol,16.4069828977
j064k34r,Ram ProMaster,2008,CNG,12.53
O4SSPJ01,Nikola Tre,,Petrol,8.81
00000000,Hino 268,2005,Hybrid,16.06
NQ189Y42,Kenworth T680,2017,CNG,10.12
D9L5SRAQ,Isuzu NPR,2023,CNG,15
K0B1FI1H,Nikola Tre,2027,Petrol,13.67
VT01XFR3SXDMJ4JM,Hyundai XCIENT,2008,Hybrid,10.25
ND2C2FW5,Mack Anthem,2009,Hybrid,15.45
0FAKABYI,Chevrolet Silverado 4500HD,2026,Electric,4.77
2AU46LPK,Mercedes Sprinter,2021,Diesel,1
G5DWCMEH,Ford Transit,2020,LNG,11.8
BBBBBBBB,Western Star 5700XE,2026,Diesel,7.81
1DIS5PFI,Arrival Van,2000,Electric,4.59
FAF5KCIH,Kenworth T680,2023,Diesel,7.45
KNXN52GO,Ford Transit,2004,CNG,10.88
A90UEAHA,Ram ProMaster,2020,Hybrid,21.26
8O7SFPKZ,Ford Transit,2015,Electric,4.15
6ZLLL86Y,Freightliner M2,2004,Hybrid,19.82
CFJB0MM9,Thomas Saf-T-Liner,2000,LNG,9.95
SXUAOZMZ,Volvo VNL élite,2012,Diesel,11.13
SJ0WAM3C,Mack Anthem,2009,Petrol,14.57
WFEOJGFA,Western Star 5700XE,2002,Electric,5.53
RTC0Z7Q0,Isuzu NPR,2019,CNG,15.87
GXCLAOLH,Rivian EDV,2026,Electric,4.58
0G5W5FIE,Peterbilt 579,2000,Diesel,6.07
7FFTG4CV,Arrival Van,2023,Hybrid,18.22
FRRLOA8O,Thomas Saf-T-Liner,2026,Petrol,7.67
6T2GL9S0,Rivian EDV,2009,Petrol,6.35
8F1V3ZIH,Nikola Tre,2025,LNG,9.65
GKHAT8ZJ,Ford Transit,2004,LNG,8.92
ENACMRNM,Ford Transit,Year2022,Petrol,9.27
SNIMUX73,Freightliner M2,2012,LNG,12.95
5J6A2SQM,Hyundai XCIENT,2016,Electric,5.56
VUAZXKDQ,Ford Transit,2015,Diesel,6.71
8T3670CH,Kenworth T680,2018,CNG,8.74
F8CGVYIE,Nikola Tre,2007,Electric,4.53
0D74GUCD,Thomas Saf-T-Liner,2016,Diesel,9.23
0ZKY5UN7,Tesla Semi,2009,CNG,8.75
YKFVDK3C,Volvo VNL,2016,Petrol,8.32
5Q7GX2SL,International LT,2012,Diesel,9.02
87XIR2G4,Rivian EDV,2000,Hybrid,14.78
RH7CJJEY,Mercedes Sprinter,2020,Diesel,7.45
hq3ozbwy,Peterbilt 579,2003,LNG,7.32
8QA7JMOS,Kenworth T680,2004,CNG,13.01
V6N1QDKJ,Freightliner M2 – 特别版,2026,LNG,13.8
D5LGCDMM,Peterbilt 579,2012,Hybrid,20.36
3CKY6N66,Thomas Saf-T-Liner,2018,CNG,13.09
FOTP3Z4R,Thomas Saf-T-Liner,2022,Electric,4.25
HVVL74C5,Rivian EDV,2023,LNG,8.24
6aq2sw17,Kenworth T680,2020,LNG,12.0
UI75YJF6,Hino 268,2013,LNG,12.58
1TFRSA8Z,International LT,2026,Diesel,5.02
BLS9ADBA,Nikola Tre,2024,Electric,5.65
8VF5T2MA,Hyundai XCIENT,2014,Petrol,N/A
RZ661QYI,Isuzu NPR,2002,Diesel,12.6
6OZAHCPR,Thomas Saf-T-Liner,2003,Hybrid,10.44
G08ZZKK4,Hino 268,2003,Petrol,15.13
5RL321IE,Chevrolet Silverado 4500HD,2004,Petrol,10.46
O0EK219Q,International LT,2010,Petrol,16.41
D32X570L,Freightliner M2,2025,Diesel,13.64
J9ME1V13,Peterbilt 579,2015,Electric,5.95
0MV83TIG,Isuzu NPR,2011,Electric,28.39
OJRGBLGB,Peterbilt 579,2022,Hybrid,13.74
4MMV1W4K,Rivian EDV,2012,Diesel,11.44
EVL4SPQJ,Blue Bird All American,2023,CNG,14.21
XUYFNMMS,Nikola Tre,2003,Petrol,17.95
OO8LOR8W,Hyundai XCIENT,2015,Hybrid,11.15
C3UY718M,"Volvo
VNL",2011,Petrol,15.02
6UWXG6IL,Volvo VNL,2009,Petrol,9.32
Z37SPN09,Isuzu NPR,2019,Electric,5.07
W5ONT8RE,IC Bus CE Series,2020,Diesel,10.56
FXB8F9XLKJV7H,Isuzu NPR,2006,Electric,2.62
86ZMQ0PR,Western Star 5700XE,2013,Diesel,6.87
5Y5Y17EO,Ford Transit,2010,Electric,5.5
PDWXEZIH,Rivian EDV,2011,Diesel,10.94
4CTYAZ06,Freightliner M2,2008,Electric,nan
CX5CIOY5,Ford Transit,2011,Petrol,9.36
MVKEJDVT,Nikola Tre,2017,Petrol,9.01
FPN1BBMF,Hino 268,2013,Hybrid,14.06
I25Y4XVR,Arrival Van,2020,Petrol,7.29
  8O92WFQL  , Blue Bird All American , 2002 , CNG , 15.11 
QGTUMP1L,Chevrolet Silverado 4500HD,2002,Diesel,7.63
FSDA8980,Volvo VNL,2016,Hybrid,16.56
9AQGYATN,Arrival Van,2003,CNG,8.64
WZDMRR6H,International LT,2000,Hybrid,11.74
JJSA4RZY,Arrival Van,2021,Electric,
9ICQV240,Isuzu NPR,2009,CNG,6.9699985989
R0V9D5E9,Ford Transit,2026,Diesel,5.77
1DV63WCE,Ram ProMaster,2008,CNG,14.47
12K5W8V1,Arrival Van,2021,Electric,4.36
GM25LEN6,Mercedes Sprinter,2012,Hybrid,14.07
7ASXYW1G,Blue Bird All American,2018,CNG,11.38
U48GWGHM,Arrival Van,2004,Electric,4.6
3HGGQT2O,Hino 268,2006, CNG,9.13
KGHDYOQ3,Western Star 5700XE,1949,Electric,4.86
XQYM52XG,Mack Anthem,2013,Petrol,12.03
RWDWF1TQ,Nikola Tre,2023,Electric,5.07
68G7DSB5,Nikola Tre,2014,CNG,12.9
L80CEIM0,BYD 8TT,2002,CNG,9.97
,Mack Anthem,2011,Hybrid,19.81
7D4NGQ3V,Ford Transit,2005,CNG,9.11
F2T23RVZ,Nikola Tre,2050,CNG,9.01
JHORNLNY,"Freightliner M2, Heavy Duty",2025,Electric,4.27
GCTS8H5B,Mercedes Sprinter,2000,Diesel,5.93
IWA81MVE,Rivian EDV,2012,Electric,2.65
QJP0XSM9,International LT,2008,LNG,9.39
G1YFYC8N,Freightliner M2,2022,Diesel,12.23
41O2DGE7,Ford F-750,2019,CNG,13.52
LKLY,Isuzu NPR,2019,Hybrid,15.23
VOGSZSPJJOV2V52,International LT,2013,Hybrid,16.78
3839Z01P,Blue Bird All American,2020,CNG,13.72
3ZM1N5FC,Freightliner M2,2012,Petrol,13.92
QCQZBPWA,IC Bus CE Series,2005,Hybrid,6.1453659008
B5180W1Y,Hyundai XCIENT,2009,Hybrid,20.86
5BDVV2P8,Unknown,2014,Petrol,16.05
JBFH515Z,Rivian EDV,2015,Petrol,17.33
XQRW39HP,Thomas Saf-T-Liner,2002,LNG,7.77
3FO1YPIS,Chevrolet Silverado 4500HD,2020,LNG,11.27
Y9LZYEAT,Arrival Van,2014,CNG,9.27
KSP2EX5T,Western Star 5700XE,2013,Electric,4.08
XNJ01V1P,Hino 268,2024,LNG,12.01
2EK1HW67,Arrival Van,2014,CNG,15.79
V6JSLUK4,     ,2010,Electric,5.26
G6MEEBAQ,Western Star 5700XE,2007,Petrol,2
KPWZG0UO,Thomas Saf-T-Liner,2023,Petrol,16.48
YZ0GMV0A,Ford F-750,2004,Petrol,9.04
AD3KSC2M,Isuzu NPR,2016,Electric,4.82
NSI9SIPX,Kenworth T680,2013,Hybrid,14.49
NO491GSU,Mack Anthem,2010,Hybrid,11.29
UG82Z8EX,Ford Transit,2001,Petrol,10.6
J7U98VWB,Isuzu NPR,2022,LNG,10.97
JKPS73IL,IC Bus CE Series,2012,LNG,7.27
XR16E2R9,Tesla Semi,2025,CNG,12.48
OR6RQ70I,Rivian EDV,2023,CNG,15.17
IYUB31P3,Rivian EDV,2017,LNG,11.39
KB68RERV,Ram ProMaster,2000,Diesel,14.87
CKISSVVJ,Hyundai XCIENT,2014,Hybrid,19.91
X2H8V2WV,Freightliner M2,2002,LNG,12.43
IMW4HGIL,International LT,2004,Diesel,7.93
1HGB/225,Kenworth T680,2013,LNG,13.18
  82L4H3IJ  , Tesla Semi , 2012 , Electric , 3.95 
X8XC31DO,Ram ProMaster,2006,Petrol,12.35
X0BMZDD2,International LT,2021,CNG,10.14
5H28N0D5,Nikola Tre,2002,Hybrid,12.1
I4VB8DSZ,Mack Anthem,2021,Petrol,NaN
QAD28E6R,Blue Bird All American,20 22,LNG,13.63
0CQAK666,IC Bus CE Series,2012,LNG,8.95
NQJU6IKK,International LT,2024,LNG,7.92
4JYMUJQP,Volvo VNL,1938,Hybrid,19.04
3OAG4G9O,Ford Transit,2025,Electric,4.57
0QOJ9N5X,Mack Anthem,2021,LNG,-inf
V5LH9USR,Mack Anthem,2001,Petrol,17.24
6UZS1XKE,Western Star 5700XE,2009,Petrol,17.33
O56RX1HO,Rivian EDV,2011,LNG,8.82
MBAOQR8S,Tesla Semi,2025,Hybrid,19.63
9FC1XX6C,Hyundai XCIENT,2022,Diesel,12.99
A1VB0BS9,Hyundai XCIENT,2007,LNG,10.09
SDZNZGBL,Mercedes Sprinter,2012,Diesel,7.8
ETCFPUFN,Ford Transit,2017,Electric,4.95
XCBY0T0I,BYD 8TT,2024,Electric,5.55
Z50VQ2FI,Nikola Tre,2019,LNG,13.91
LHVG6DOZ,Western Star 5700XE,2015,LNG,11.19
GQNOWUXN,Ford F-750,2010,Electric,nan
JEZ9HNYU,Thomas Saf-T-Liner,2017,LNG,10.37
GHVUNVJJ,Ford F-750,2010,Electric,5.79
BV5ZHP6P,IC Bus CE Series,2026,Electric,4.45
TAVJRUG6,Tesla Semi,2019,Petrol,17.37
8MJIJ8WL,IC Bus CE Series,2017,Diesel,8.29
I791522O,Nikola Tre,2024,LNG,12.48
5X9E0RAG,Western Star 5700XE,2019,Petrol,9.53
P98SNLC1,Tesla Semi,2020,Diesel,8.31
1BT8I3VY,     ,2020,LNG,10.54
Z9CBO41J,BYD 8TT,2007,Diesel,14.2
FE8FGKVT,Ford Transit,2017,CNG,14.75
1VO8S37N,Tesla Semi,2026,Electric,5.11
RRVSFFCX,Western Star 5700XE,2004,Petrol,8.24
BAACOU0O,Rivian EDV,2007,Electric,5.24
2SPVBAXI,Freightliner M2,2020,LNG,10.15
ZOJ42ZJJ,Arrival Van,2017,Hybrid,12.26
Y79LP5SK,Ford Transit,2016,Hybrid,21.47
E3Z19C57,Peterbilt 579,2007,Petrol,7.65
C8MDRXB8,Hyundai XCIENT,2015,Hybrid,11.99
8QAQX9V3,Peterbilt 579,2006,Electric,2.84
KIKSOEHP,Mack Anthem,2021,Petrol,10.59
BWZLO23C,Rivian EDV,2005,Diesel,10.69
9ODEDNF9,Arrival Van,2012,Electric,17
MTK7P6XS,BYD 8TT,2012,Electric,3.47
XA766D93,Arrival Van,2011,Electric,5.63
DHCCENJ2,Hyundai XCIENT,2014,LNG,11.55
H3UXE0IZ,"Volvo
VNL",2012,Petrol,9.75
2ESJCT6O,BYD 8TT,2000,LNG,12.19
,Peterbilt 579,2022,Petrol,12.89
,Tesla Semi,2008,Petrol,12.66
HXD2SB8D,Peterbilt 579,2014,Electric,23.7
WHZ711LC,International LT,2009,Hybrid,15.46
  VXE9FFST  , Tesla Semi , 2020 , CNG , 13.69 
PAJMFOTE,Kenworth T680,2019,Diesel,13.2
ES2RI2B6,Western Star 5700XE,2011,Petrol,13.34
329P6X7Z,Rivian EDV,2000,Electric,2.98
FKMSBZZR,Volvo VNL,2022,CNG,15.2
BOR3H5JU,Mercedes Sprinter,2013.3,Diesel,14.58
0188QR7J,Peterbilt 579,2008,Petrol,NaN
KN0JZYU3,Ford F-750,2017,Electric,3.77
VB6P325N,Western Star 5700XE,2011,LNG,12.26
Q3CYBYC4,Isuzu NPR,2006,LNG,13.42
UT4IEC1G,Thomas Saf-T-Liner,2006,CNG,13.38
4U2I1W5E,IC Bus CE Series,2017,LNG,10.43
93ENVRJQ,Isuzu NPR,2016,Hybrid,11.53
RR1JUVJK,Kenworth T680,2017,LNG,13.07
2G24ABYQ,Ford F-750,2018,Hybrid,17.55
KBG0IM28,Ram ProMaster,2005,CNG,12.08
Z06QW64A,Mercedes Sprinter,2017,CNG,8.68
A8B4KMNS,Rivian EDV,2006,Electric,21.63
Y2J3YYDH,Ford Transit,2020,Diesel,13.32
M6WG6A1A,Tesla Semi,2024,CNG,14.4
28SIE7CO,Kenworth T680,2008,Diesel,12.48
FE52M1AL,Kenworth T680,2015,Petrol,14.47
HIW4FDF9,Blue Bird All American,2013,Diesel,"19,71"
PI0H5X19,Volvo VNL,2000,CNG,8.37
2JS9TZYZ,Kenworth T680,2017,CNG,8.87
QVNDBZM0,International LT,2010,CNG,11.86
EISTG9BM,Unknown,2004,Diesel,13.63
3GHA1YNZ,Ford Transit,2023,Diesel,9.12
Z1Y3N0MW,Mack Anthem,2013,Petrol,12.26
3I6ZIBGH,Ram ProMaster,2022,LNG,13.78
59A35YIQ,Mercedes Sprinter,2006,3,18.8
HQM0JMRZ,Mack Anthem,2006,Electric,5.13
TRE188Y4,     ,2015,Petrol,14.08
SB6ZX7QM,Western Star 5700XE,2024,Hybrid,19.39
CYNL63GA,International LT,2021,Hybrid,16.81
FPHMZOIM,BYD 8TT,2001,Diesel,12.04
7VBJRBZJ,Hyundai XCIENT,2001,Electric,5.9
EQGMDVKO,Ford F-750,2015,LNG,12.7
G1W75DVQ,Arrival Van,2024,Hybrid,17.48
DUPE6ZNA,Ford F-750,2014,Petrol,10.69
4V3DBYJ9,Ford Transit,2008,Hybrid,15.06
WGGG1IAU,Arrival Van,2023,Hybrid,13.38
4QD102KK,BYD 8TT,2019,Diesel,9.96
H9J7MJQO,International LT,2003,CNG,12.41
6O3ACJ1N,Mercedes Sprinter,2026,Hybrid,17.14
NZ5UIYTY,Chevrolet Silverado 4500HD,2007,Electric,4.12
O8PNBIFE,Nikola Tre,2010,Electric,3.86
HTNCVHZT,Freightliner M2,2020,Electric,4.9
1ZGNDN0C,Mack Anthem,2007,Hybrid,-6.28
BWIKOTCK,Mack Anthem,2013,LNG,8.4
9G3B6551,Arrival Van,2026,Petrol,11.05
GMVV6V3V,BYD 8TT,2025,LNG,13.66
VSYXBBF4,Western Star 5700XE,2004,Petrol,13.23
XW2TOZO6,BYD 8TT,2008,Hybrid,13.9
BRV4CKRN,International LT,2012,Electric,3.32
URPJQHV0,BYD 8TT,2004,Petrol,7.47
V4KFIWKE,Ram ProMaster,2018,Electric,5.6
BFJR8WB9,Hino 268,2005,LNG,12.92
C46ECQJQ,Volvo VNL,2001,Hybrid,20.62
83VRIEOV,Tesla Semi,2008,CNG,11.03
0SQG4EIJ,Rivian EDV,2023,Petrol,6.96
XENFRRYB,Kenworth T680,2011,Diesel,13.22
ZWVA26OV,Arrival Van,2012,Electric,4.7
S35XJ5TD,Western Star 5700XE,2002,LNG,9.47
RKAOREXF,Ram ProMaster,2007,Electric,5.05
RRPV12T7,Ford F-750,2018,LNG,10.22
9GBL6OE1,Hino 268,2022,Hybrid,18.23
WBXZWAIU,IC Bus CE Series,2006,Hybrid,16.32
C020ZTX6,Mercedes Sprinter,2016,Electric,5.86
45YU4OZY,Chevrolet Silverado 4500HD,2012,Petrol,14.38
8L14QKE8,Mack Anthem,2018,Hybrid,18.58
HLZ86V6W,Thomas Saf-T-Liner,2001,Diesel,7.43
U7Q7HR8F,Thomas Saf-T-Liner,2012,Electric,3.81
KTX6QCAL,Nikola Tre,2016,LNG,9.09
7PVCF4US,Arrival Van,2005,Electric,4.15
PCXWAYMH,Peterbilt 579,2007,CNG,13.24
0W4FKE9M,Thomas Saf-T-Liner,2000,CNG,12.81
ZQZH53A8,Thomas Saf-T-Liner,2023,CNG,8.97
H3TT62D8,Mercedes Sprinter,2022,Petrol,13.51
F3TF14FR,Tesla Semi,2019,Hybrid,17.7
410A3924,3690,2003,Hybrid,17.53
1CVMV4FR,Rivian EDV,2001,Hybrid,17.23
AOBC3OKO,Volvo VNL,2018,Petrol,15.59
Y5CNM3W6,Hino 268,2014,LNG,7.01
W0K26BPL,Mercedes Sprinter,2016,LNG,13.97
RUPVK8R6,Peterbilt 579,2019,Electric,2.83
32GY422K,Hino 268,2020,Hybrid,17.57
BBQLEGQC,Ram ProMaster,2023,Electric,4.04
   ,	, ,  , 
491JJRKI,Mercedes Sprinter,2006,Diesel,6.98
1TBWP90O,Tesla Semi,twenty-twenty,Electric,5.71
FC6QIK3F,BYD 8TT,2014,Hybrid,21.73
LNXYSDRD,Arrival Van,2020,LNG,8.1
YQ9H7U8C,Ram ProMaster,2012,CNG,14.49
CCKB6JCS,Mack Anthem,2000,CNG,13.08
9FWPA4RL,Nikola Tre,2004,Petrol,6.83
NULL,Tesla Semi,2019,Diesel,13.11
4KM3LJSM,Ram ProMaster,2026,Hybrid,21.41
DR6CENXJCRQXWTO,Ford Transit,2018,Hybrid,15.69
86MY5SW0,Rivian EDV,2013,CNG,13.99
UALMUI1J,Rivian EDV,2000,Hybrid,12.32
   ,	, ,  , 
BGNGCFVX,International LT,2015,Electric,5.57
NFIZ0MQG,BYD 8TT,2000,LNG,8.46
0VAQD4OJ,Isuzu NPR,1906,LNG,8.72
CFA09WOK,Ford F-750,2006,LNG,9.66
A4D2SPER,Blue Bird All American,2009,Electric,4.85
E715JG73,Hyundai XCIENT,2000,Diesel,8387.06
0QUDGZL8,BYD 8TT,2015,CNG,unknown
V6YJOAOE,Hino 268,2014,CNG,12.79
V4PSV8JS,Thomas Saf-T-Liner,2025,CNG,10.23
AXWDSB99,Thomas Saf-T-Liner,2010,Hybrid,10.82
0UFBC16L,Ford F-750,2017,Petrol,12.05
J385A9GU,Nikola Tre,2015,Hybrid,20.05
L3K11V3Q,Ford Transit,2020,Hybrid,13.3
6S5J81GT,Blue Bird All American,2010,Hybrid,15.4
75XTUCXG,Nikola Tre,2007,Petrol,17.19
VHVK3VSN,Chevrolet Silverado 4500HD,2009,Hybrid,-4.23
P0DT79T6,Hino 268,2016,LNG,12.22
1HQB1EG4,Thomas Saf-T-Liner,2014,Petrol,8.4
QC63YQIY,IC Bus CE Series,2024,LNG,10.94
52QFE980,Tesla Semi,2016,Electric,4.69
08Y6JGJU,Kenworth T680,2026,Petrol,6.32
AWOFSMSL,Kenworth T680,2025,CNG,8.07
Z1P8IM19,Hyundai XCIENT,2004,Hybrid,16.68
LW8D6QOD,Arrival Van,2005,LNG,11.87
1HIP93NU,Freightliner M2,2016,Hybrid,12.12
RQGMO1TA,Thomas Saf-T-Liner,2012,LNG,9.64
,IC Bus CE Series,2021,Hybrid,12.33
ICYAXZRB,Isuzu NPR,2004,Petrol,17.45
L9GVBMQQ,IC Bus CE Series,2014,Diesel,13.69
I46KA0HM,Hyundai XCIENT,2020,Hybrid,18.38
VPDP6TO2,Hyundai XCIENT,2006,Electric,5.92
AUA4CXH5,Hino 268,-211,Diesel,11.96
ATOYVG4G,Hino 268,N/A,Diesel,13.86
OZ8BULO1,Volvo VNL,2026,Diesel,13.66
I3FIQJKK,Chevrolet Silverado 4500HD,2016,Electric,3.93
RBI5E2HU,Peterbilt 579,2021,CNG,10.69
13Y3TDHH,Isuzu NPR,2013,LNG,11.73
WUGZBGUQ,Hino 268,2024,Diesel,7.67
LUGY0L8Y,Thomas Saf-T-Liner,2002,LNG,20
UFCBSHUT,Nikola Tre,2021,Petrol,16.83
NZYMWV6S,Tesla Semi,2000,Diesel,10.01
ZTMVOHF0,Mack Anthem,2025,Hybrid,19.95
UY7XL7GK,Hino 268,2011,LNG,161.64
H08BFZMS,Freightliner M2,2008,CNG,9.09
K7XUJ6AD,Rivian EDV,2026,Petrol,10.12
IEPTSCUS,Mercedes Sprinter,2022,LNG,7.43
4DUAWZOW,Ford Transit,2000,Hybrid,20.93
P4H78QA4,BYD 8TT,2023,Diesel,7.14
N/A,Arrival Van,2011,CNG,10.95
AXR57EV1,Hino 268,2011,LNG,8.26
9MQG7SVG,Ford Transit,2009,Electric,23
T58KOMMY,Ford F-750,2005,Petrol,7.97
4OZKFNOT,Isuzu NPR,2000,LNG,7.25
HOLQC3O1,Rivian EDV,2000,Hybrid,20.28
PIAJD8EE,Hino 268,2012,Diesel,5.96
m4ues1ng,Western Star 5700XE,2023,LNG,10.04
6W51OB53,Ford Transit,2015,LNG,12.16
  5UKNHMFH  , Isuzu NPR , 2001 , Hybrid , 17.16 
931TKWLX,Ford F-750,2010,Electric,2.7
A,Blue Bird All American,2006,CNG,13.72
LX6PC67V,Chevrolet Silverado 4500HD,2022,Petrol,16.91
VOKPDEAF,Hyundai XCIENT,2014,Hybrid,21.78
null,Mercedes Sprinter,2019,Hybrid,18.69
16FO2D12,Volvo VNL,2000,Electric,
FOPDKHV4,Freightliner M2,2006,Petrol,13.7
LTGC3V8M,IC Bus CE Series,2011,Diesel,13.01
JVAA08D7,Hino 268,2026,CNG,11.68
6F7761XS,Kenworth T680,2012,Hybrid,17.8
ARZV34FD,Hino 268,2024,hybrid,23.06
3888XP8F,Western Star 5700XE,2015,Petrol,17.73
9F2TBW4P,Arrival Van,2001,Electric,4.74
3RRLPIZC,Hyundai XCIENT,2024,Petrol,369.31
O5JLYEGL,Volvo VNL,2021,Electric,5.91
V3M13O1B,Ram ProMaster,2017,LNG,8.51
,,,,
NYY17PHB,BYD 8TT,2004,Hybrid,12.93
UEGU13LU,Tesla Semi,2022,LNG,11.93
HIPFKWX5,Chevrolet Silverado 4500HD,NULL,Petrol,14.83
JF12PE14,Mack Anthem,2007,CNG,14.75
7T125T24,Ford Transit,2002,Petrol,7.98
L6ZTNRB8,IC Bus CE Series,2005,LNG,8.19
SYLZTGXN,International LT,2019,Petrol,12.83
HU4C4YCS,Rivian EDV,2008,LNG,8.65
V3GY0YNO,Arrival Van,2010,Diesel,5.08
8LSTU0CG,Mack Anthem,2020,Hybrid,19.39
59I3HZ3Z,Ram ProMaster,2019,CNG,9.45
ZE0IIMR5,Ford Transit,2025,Diesel,9.12
CVHUMKCW,     ,2014,Hybrid,19.24
JLXNT6HY,Ford Transit,2020,Electric,5.29
XAFSUMUX,Mercedes Sprinter,2020,CNG,10.2
9V6ZSMWO,Thomas Saf-T-Liner,2010,Petrol,9.3
8QKBR9FY,Arrival Van,2007,Petrol,13.16
BU7TZZXH,Ford F-750,2024,Diesel,13.05
24GSY5YB,Isuzu NPR,2008,Hybrid,15.33
0W6A718F,Nikola Tre,2013,Electric,4.78
YE1SOFPV,IC Bus CE Series,2003,Hybrid,11.61
9SMGP44D,Rivian EDV,2026,Electric,5.25
738EJBD0,Mack Anthem,2007,Hybrid,13.12
4B7H2BSU,Thomas Saf-T-Liner,2023,Electric,4.47
KU5NCT4R,Ram ProMaster,2005,Petrol,11.01
VPLDII2P,Kenworth T680,2010,Petrol,11.56
7GG3Z4ZL,Kenworth T680,2001,Diesel,5.04
P5N8JPEB,Ford F-750,1912,Petrol,15.02
887N5CMS,Rivian EDV,2024,LNG,13.15
TB6Z5ZKB,Arrival Van,2006,Petrol,8.6701942195
FUYYQTFM,Isuzu NPR,2002,LNG,10.62
60O4QAZ3,Hino 268,2009,LNG,11.86
CTJM5O43,Ford Transit,2014,Diesel,13.32
833QC4AE,Kenworth T680,2025,Diesel,23
8EC1H4J8,Mercedes Sprinter,2015,CNG,13.32
79HB82CM,Volvo VNL,2026,Diesel,6.03
DR0YGMW9,IC Bus CE Series,2021,Petrol,6.36
SGP3JK8X,IC Bus CE Series,2018,CNG,10.46
UI9MJET1,Mack Anthem,2013,Electric,3.52
347NUMCJ,Ram ProMaster,2008,CNG,13.75
VIN-123,Freightliner M2,2002,Electric,5.56
  TSMJUDLV  , Ford F-750 , 2025 , Petrol , 12.85 
09WNZMO7,Western Star 5700XE,2019,LNG,7.76
A55NABM5,Rivian EDV,2013,Diesel,7.9
S2SLR4EH,Chevrolet Silverado 4500HD,2008,Hybrid,17.53
UX0L45UB,Blue Bird All American,2015,CNG,10.35
E86QG8OC,Isuzu NPR,2025,Electric,2.78
5FC79M96,Rivian EDV,2000,LNG,10.02
J7BCND86,Ford F-750,2017,CNG,11.36
VRQPKOCU,Rivian EDV,2008,CNG,14.08
5AMKLVCW,BYD 8TT,2016,Hybrid,inf
73KUY8WC,Ford Transit,2015,Disel,1.21
N2TOIW3V,Kenworth T680,2004,CNG,15.57
3DI2ZG88,Volvo VNL,2017,Electric,3.82
ZLBORIQ8,Western Star 5700XE,2016,Petrol,9.63
  07XC2EKZ  , Western Star 5700XE , 2007 , Electric , 3.46 
A2KWVTFX,Freightliner M2,2015,Petrol,13.84
PNNGH8RI,Mack Anthem,2004,Hybrid,10.93
5KZQC8CO,Peterbilt 579,2017,CNG,NaN
50ITWZ3I,Hino 268,2010,LNG,7.81
,Ram ProMaster,2002,LNG,10.72
E4UNY181,Freightliner M2,2018,Petrol,6.81
YH1SS9R4,Ford Transit,2001,Hybrid,14.67
N/A,Volvo VNL,2016,Petrol,12.59
HHHHHHHH,IC Bus CE Series,2009,Hybrid,15.43
0PLZTE44,Ford Transit,2006,Hybrid,17.38
YSYQBBPK,Blue Bird All American,2003,Hybrid,19.74
U4JMVBJ6,Ram ProMaster,2006,Hybrid,17.42
ZNAXOYCG,Ram ProMaster,2004,Electric,5.05
RQ9NZ612,Western Star 5700XE,2024,LNG,8.73
ZM1PSXN3,Arrival Van,1971,CNG,12.85
R92R6NEM,International LT,2015,Hybrid,19.34
JSOMPXXD,Rivian EDV,2015,CNG,12.42
A,Chevrolet Silverado 4500HD,2004,Electric,5.0
0WTEWGYH,Freightliner M2,2031,CNG,13.07
J9XDH6RW,Ram ProMaster,2023,Petrol,14.34
1TOZHDV5,IC Bus CE Series,2008,Petrol,7.75
G6JY0KT9,BYD 8TT,2000,Hybrid,15.76
OQC3XNCH,Ford F-750,2024,CNG,12.79
J7KOHGQT,Rivian EDV,2023,Petrol,15.47
CJUVPCVV,Nikola Tre,2015,Hybrid,11.62
   ,	, ,  , 
WDQ6LPWL,International LT,2000,Electric,3.81
VM3I0GXH,Kenworth T680,2005,Diesel,14.1
X0JYD1CS,Mercedes Sprinter,2010,Diesel,5.07
ST7MNOED,Kenworth T680,2008,Electric,3.95
null,Western Star 5700XE,2014,Hybrid,10.58
6N18BEQE,Ford Transit,2024,CNG,9.17
Y5G01G4G,IC Bus CE Series,N/A,LNG,11.88
QGV1TPY7,Freightliner M2,2020,LNG,12.15
K945Y9KG,Chevrolet Silverado 4500HD,2005,Hybrid,12.23
FKNR9V2N,Arrival Van,2000,LNG,10.74
8WFXHOEA,Volvo VNL,2016,H2,13.17
A9VGYOSE,Volvo VNL,2008,Hybrid,18.64
2NF1P6RD,Ford Transit,2026,LNG,8.12
Q9F3LEFX,IC Bus CE Series,2001,CNG,15.05
CK19AD82,Mack Anthem,2007,Hybrid,21.26
1WR0A2XX,Volvo VNL élite,2021,Diesel,14.56
XU3623Q6,Chevrolet Silverado 4500HD,2051,Electric,5.98
PCENLK8A,International LT,2015,Petrol,12.21
KQSZIS0W,International LT,2012,CNG,9.43
38ZBO2IT,Tesla Semi,2024,Petrol,15.6
W438771V,Volvo VNL,2017,Petrol,11.51
ILBQNWYE,Hino 268,2005,Electric,5.6
KA1LSE9G,Tesla Semi,2026,LNG,13.82
CLOL9MFN,Thomas Saf-T-Liner,2025,Diesel,13.01
WY423PAC,Mack Anthem,2025,Diesel,13.25
TY0OI7XC,Mack Anthem,2008,Hybrid,12.39
4VNNSKZ,Freightliner M2,2012,Petrol,13.13
I5CM15BT,Freightliner M2,2021,CNG,13.27
JV7FXP32,Ram ProMaster,2001,Hybrid,20.96
MBX1UYSB,International LT,2021,LNG,9.9
V5WKB8X2,Kenworth T680,2009,Diesel,12.36
84TC2QSI,International LT,2022,Electric,5.78
ozylqiua,Western Star 5700XE,2009,Electric,3.62
,,,,
IVSOLMLG,Ram ProMaster,2020,CNG,8.91
TLXLZS49,Kenworth T680,2003,Diesel,9.26
FLQ8XPA9,Kenworth T680,2005,CNG,13.43
X5KOB45U,Ford F-750,2015,Petrol,14.0
G4663J79,Thomas Saf-T-Liner,2011,Petrol,12.56
GBMEOF46,Chevrolet Silverado 4500HD,2004,Hybrid,20.71
2SBHJ81H,BYD 8TT,2015,Electric,4.25
104RP59Q,Rivian EDV,2013,Diesel,11.94
F4QSFB3O,Hino 268,2022,Diesel,10.34
MJ6MBEY5,Kenworth T680,2003,CNG,14.04
QA8P5BQJ,Freightliner M2,2002,Diesel,7.82
TTVZUXRU,Ram ProMaster,2018,LNG,11.03
3CI2UQXQ,Nikola Tre,2023,Electric,3.14
S07ZP3UF,Ford Transit,2025,Hybrid,20.09
J5Y48D98,NULL,2018,Electric,5.89
VGSF18RN,Nikola Tre,2004,Diesel,8.25
CFB5BPM9,Volvo VNL élite,2017,Petrol,15.86
KIG5JQ80,Tesla Semi,2017,ELECTRIC,3.82
8P6L5YWC,Western Star 5700XE,2024,Hybrid,11.12
BGDJJZIS,,2021,Diesel,11.02
RRQSX696,Western Star 5700XE,2021,Electric,3.26
PGI4608O,Western Star 5700XE,2068,Hybrid,21.68
US37UOBA,Blue Bird All American,2015,3,11.28
05XF36L3,Mack Anthem,2010,Diesel,11.65
M4SR9DMG,Freightliner M2,2097,LNG,13.58
FGEEIT8A,Volvo VNL,2020,Electric,4.23
35XR5I9H,Western Star 5700XE,2007,ELECTRIC,15.6
8GRL0CBJ,Isuzu NPR,2002,PETROL ,11.02
VPJOASAO,Kenworth T680,2010,Hybrid,14.8
DJE3QF7T,Volvo VNL,2014,CNG,13.18
QMHHOPYB,Ford F-750,2021,CNG,8.97
7ZTGLCNU,Volvo VNL,2023,CNG,14.58
L1C32OC6,Nikola Tre,2022,Hybrid,13.78
FCJ0OSOH,BYD 8TT,2019,Electric,4.72
AKAFQMPZ,Hyundai XCIENT,2006,Petrol,16.8
D4ZYP88M,Blue Bird All American,2015,Petrol,11.58
L5L3V772,BYD 8TT,2011,Electric,4.03
5Q8B2D4732,Western Star 5700XE,2019,Diesel,6.27
SXUHF228,Blue Bird All American,2023,Electric,5.94
54MYZ0KS,Volvo VNL,2009,LNG,9.83
WWWWWWWW,Ford F-750,2020,Diesel,12.69
MDNRWUPY,Thomas Saf-T-Liner,2009,Petrol,8.39
9EH7OLJQ,Rivian EDV,2015,Electric,2.84
J81RTAOG,Peterbilt 579,2003,Hybrid,14.21
6U23NLTI,Thomas Saf-T-Liner,2001,Bio-Diesel,21.66
ZGEHUIQS,Isuzu NPR,2018,Diesel,12.92
URTYDHFR,Ford Transit,2026,LNG,8.68
GCCFS951,Ford Transit,2010,Petrol,15.87
QEWCHV9H,571,2002,CNG,15.65
N6V4JEN6,Rivian EDV,2003,LNG,13.0
NULL,Chevrolet Silverado 4500HD,2014,Diesel,8.04
EP4VGCVF,Thomas Saf-T-Liner,2020,Electric,-11.85
1RCWT4YZ,IC Bus CE Series,2024,Electric,5.61
BQLR13MW,Thomas Saf-T-Liner,2018,Petrol,15.29
Y5JUGOX8,Kenworth T680,2023,Petrol,11.45
UPHPUNMN,4778,2006,Hybrid,14.28
8M3M0X3R,Tesla Semi,2000,Hybrid,19.05
DZQCBZAM,Peterbilt 579,2021,Diesel,13.0
URPCK6PH,Peterbilt 579,2003,LNG,11.49
4CC3MLDS,International LT,2005,Diesel,9.15
9NGH3L8X,Ford F-750,2014,Electric,3.09
T6AAR17Q,Ford Transit,2001,LNG,12.13
JE2EN9WV,Kenworth T680,2017,CNG,12.59
H7JXNS1C,Peterbilt 579,2012,EV,1.01
EDGS6FAX,Kenworth T680,2013,Diesel,14.04
l445ppqu,Arrival Van,2023,Petrol,11.01
S0MB07E0,Isuzu NPR,2026,Hybrid,19.81
BAKAGO03,Ram ProMaster,2024,CNG,14.89
W7AQ82T1,Kenworth T680,2004,CNG,9.51
NULL,Hyundai XCIENT,2005,Diesel,7.35
8Q8M113J,Hyundai XCIENT,2003,CNG,13.85
1VAJLWPS,"Freightliner M2, Heavy Duty",2014,Diesel,13.72
8GGUG04N,Hino 268,2025,LNG,-inf
OTT0T151,Mercedes Sprinter,2013,Diesel,6.78
0ES6EOJA,Ford F-750,N/A,Electric,3.72
JADIE5NW,IC Bus CE Series,2013,Electric,0
491DGCRM,Ford F-750,2023,Diesel,0
7W1N50ZA,Nikola Tre,2026,Petrol,14.36
457WY0KR,Peterbilt 579,2022,Electric,14.03
W7JCKLI4,Nikola Tre,2004,Hybrid,16.03
0WF5LKM5,Mercedes Sprinter,2013,Hybrid,13.56
2VTR9C0S,Volvo VNL,2002,CNG,6
IP4HE6K3,Volvo VNL,2020,LNG,11.4
L6VX4H9L,Hyundai XCIENT,2002,LNG,13.38
A4PO5CB4,IC Bus CE Series,2016,CNG,9.62
0N3PI6W3,Western Star 5700XE,2025,Hybrid,16.98
S2W013NH,Western Star 5700XE,2005,Hybrid,
2S81YWUQ,NULL,2020,Electric,3.24
DIP3IAJ4,Blue Bird All American,2021,CNG,9.25
BY3MYE5A,Ram ProMaster,2008,Electric,18.21
7J8XWP2T,Arrival Van,2006,Diesel,7.55
MZQCRS5X,Tesla Semi,2016,Diesel,14.73
C4VW3DBM,International LT,2015,CNG,12.43
Q35224RT,Tesla Semi,2000,Hybrid,12.01
9VRD7WIF,Peterbilt 579,2014,CNG,11.86
4GYBVJTR,Ford Transit,2016,Petrol,7.49
B0U2HVMB,IC Bus CE Series,2021,Diesel,13.49
4X2BFIBJ,Rivian EDV,2014,Electric,4.03
7RDLJR8P,Blue Bird All American,2005,Electric,3.59
JQ2KX7X3,Peterbilt 579,2025,Hybrid,11.63
WR9L6OAF,Freightliner M2,2024,LNG,12.04
9XX936XY,Isuzu NPR,2006,Petrol,16.22
7V8FY1AP,Freightliner M2,2014,LNG,12.14
P6X4N5J8,Chevrolet Silverado 4500HD,2006,Diesel,10.18
6JR758RK,Blue Bird All American,20 22,Petrol,10.71
VFH3MI2D,Blue Bird All American,2006,Diesel,8.95
2TPL7AJM,Mack Anthem,2016,Hybrid,10.32
WQ7AN7P7,Isuzu NPR,2001,Diesel,14.65
N9SZ6RVD,Western Star 5700XE,2016,Hybrid,21.6
DG6FWRON,Volvo VNL,2019,Hybrid,14.05
FPKP555N,Mack Anthem,2015,Petrol,8.2
BXD9JIFZ,Isuzu NPR,2017,Petrol,10.89
NAFI835J,BYD 8TT,2016,Petrol,13.77
AZVORQ59,Kenworth T680,2004,Diesel,14.05
RRRRRRRR,IC Bus CE Series,2022,Diesel,9.38
NF3VCLHO,Nikola Tre,2019,Hybrid,16.91
FU7X3BJX,Hino 268,2011.1,Diesel,10.61
RMOOCXK5,Arrival Van,2006,LNG,13.03
Y9GQQMQW,Isuzu NPR,2024,Diesel,6.3
ZY7N0Q87,Mercedes Sprinter,-90,LNG,8.69
7DT6GSH3,Western Star 5700XE,2024,Petrol,15.46
04DV0UP6,International LT,2014,LNG,11.72
KHQLKJ6G,Rivian EDV,2018,Petrol,7.99
M10Z8M0E,International LT,2015,CNG,14.25
R6LUU6IF,Arrival Van,2024,LNG,13.8
LI8ZSFH4,Mack Anthem,2002,Petrol,10.19
3ECB6IL0,Ram ProMaster,2021,LNG,11.74
9GDTH3MQ,Freightliner M2,2015,Electric,4.88
OZGNNXZ6,Mack Anthem,2001,Diesel,6.79
T2E077U5,Peterbilt 579,2002,Petrol,11.65
UG5N1Y6D,Peterbilt 579,2022,CNG,11.44
TJUX9R3K,BYD 8TT 中国,2013,Diesel,9.51
75GBOTXX,International LT,2006,Petrol,12.25
I9H0OGBQ,Isuzu NPR,2020,Petrol,12.86
RX6TP9QO,Mercedes Sprinter,2002,Petrol,13.65
CAZCFDA6,Ram ProMaster,2002,Electric,3.43
7SNYOENI,Chevrolet Silverado 4500HD,2018,LNG,9.88
KUMCISYO,Hyundai XCIENT,2003,CNG,11.18
CXFCBYFW,Hyundai XCIENT,2017,CNG,13.02
SBNB70UF,Thomas Saf-T-Liner,2001,CNG,10.1
PBBOUZY4,Chevrolet Silverado 4500HD,2019,LNG,10.19
49R1N9,Freightliner M2,2010,Electric,4.73
MAYNQPOU,Ford F-750,2024,Hybrid,17.1
24Q9KSOD,Tesla Semi,2005,Diesel,8.74
RUSA5YLQ,Isuzu NPR,2004,CNG,11.88
XVAJ2K8X,Thomas Saf-T-Liner,2012,LNG,12.96
CJQXFCWK,BYD 8TT,Year2022,Electric,5.02
120OGLYU,Thomas Saf-T-Liner,2006,LNG,8.46
EZ58YM99,Mack Anthem,2001,Electric,28.03
2QW44XRI,Isuzu NPR,2007,Electric,3.12
1W2EKPDV,BYD 8TT,2010,Hybrid,13.03
HBD63H1I,Freightliner M2,2022,CNG,12.87
T4JENETK,Model XXXXXXXXXXXXXXXXXXXXXXXXXXXXXXXXXXXXXXXXXXXXXXXXXXXXXXXXXXXXXXXXXXXXXXXXXXXXXXXXXXXXXXXXXXXXXXXXXXXXXXXXXXXXXXXXXXXXXXXXXXXXXXXXXXXXXXXXXXXXXXXXXXXXXXXXXXXXXXXXXXXXXXXXXXX,2008,Hybrid,19.38
XXWSI1CO,Arrival Van,2016,Petrol,11.06
9HVCHRM3,Hyundai XCIENT,2012,LNG,9.96
NFSLOPFO,Nikola Tre,2026,Diesel,7.85
N3XIVF8E,BYD 8TT,2022,LNG,12.16
PF265AGM,Tesla Semi,2004,Hybrid,11.96
GWIHG8AW,Tesla Semi,2017,Hybrid,10.44
Y70HP87W,Arrival Van,2003,Electric,5.02
OX6QUHPF,Blue Bird All American,2012,Diesel,9.64
LADLWT45,Thomas Saf-T-Liner,2026,Petrol,14.25
N6H614Q8,Volvo VNL,2019,CNG,10.42
M7B5C81J,Western Star 5700XE,2024,Electric,4.5
GWUZ7BXDK7QI,International LT,2023,Petrol,7.55
1QC41J2P,Nikola Tre,2025,Electric,3.88
LNQ1X4Q6,Mack Anthem,2026,Petrol,10.62
U9RN8QTT,Arrival Van,2024,LNG,13.07
IWXMVY,Mack Anthem,2014,Hybrid,13.42
62VGEWB5,Hyundai XCIENT,2023,CNG,12.72
A6LXVHY8,Peterbilt 579,2021,LNG,7.95
PDL1BVL5,Volvo VNL,2019,Diesel,12.65
IX7MKHUO,1990,2010,Electric,3.14
S62PM85T,Isuzu NPR,2008,Diesel,5.22
RA3JBPQZ,Volvo VNL,2000,Petrol,9.56
!@#$%,Mercedes Sprinter,2026,Diesel,10.47
2BQVC0V8,International LT,2017,Petrol,15.35
MYFNCE98,Blue Bird All American,2010,Hybrid,11.85
7Y4GZWDM,"Volvo
VNL",2005,Electric,2.89
BR7GOZZJ,Nikola Tré,2018,Hybrid,13.87
M925GZC2,Western Star 5700XE,2014,Hybrid,20.79
GS2VJL3B,Arrival Van,2010,Hybrid,21.06
IVIQ6UN4,Volvo VNL,2026,Petrol,12.41
0IB3WYZX,Hino 268,2019,Diesel,9.55
LEMRUYP0,Tesla Semi,2009,Hybrid,20.53
2DIGTGU6,Isuzu NPR,2026,LNG,7.14
I773YDD2,Mercedes Sprinter,2024,Hybrid,16.3
XYPPHV9O,Volvo VNL,2018,Electric,5.76
UKND1IVX,Freightliner M2,2014,CNG,11.07
VCQA16P7,Hino 268,2011,LNG,11.93
JT6GTLPR,Blue Bird All American,2013,Diesel,8.29
YDAT8IY0,IC Bus CE Series,2023,CNG,12.39
MJLS78KC,Tesla Semi,20 22,Petrol,13.52
YWP2JI5Z,Hino 268,2018,Petrol,9.01
4HIO5V3J,Mercedes Sprinter,2007,LNG,9.64
N8S45G7I,International LT,2026,Petrol,9.65
UYA088QE,International LT,2023,Petrol,17.6
AJ8FONU6,Tesla Semi,2004,LNG,10.15
VFGEQ9SS,Western Star 5700XE,2002,petrol,18.58
EOYUN445,Rivian EDV,2014,CNG,14.95
3P6SRD84,Volvo VNL,2002,LNG,10.11
HHL7CHVP,Thomas Saf-T-Liner,2000,Petrol,14.52
502EOXGG,Nikola Tre,2006,Hybrid,16.99
AMMDZXC3,Western Star 5700XE,2019,Electric,5.96
6WXQGLDX,Hino 268,2004,CNG,8.26
TR094XYL,Freightliner M2,2009,Diesel,9.39
QD34Q754,Isuzu NPR,2018,Petrol,17.59
UACN582P,Tesla Semi,2014,Electric,3.18
ZY7JRCI4,Kenworth T680,2002,LNG,13.29
OZEV96CR,Ford F-750,2016,Hybrid,17.62
A7KAYPHE,Peterbilt 579,2013,Petrol,13.38
1PGACQK4,Tesla Semi,2025,Electric,3.23
QDLXEOGW,Nikola Tré,2026,CNG,13.6
RAC9PT8J,Mack Anthém,2018,Electric,5.04
VR24KPNG,NULL,2006,Electric,5.42
4CW09K2Y,Volvo VNL,2007,Petrol,16.26
OPFWXEKH,Ford F-750,2016,CNG,11.69
3IXL1CAJ,Mack Anthem,2001,Hybrid,18.14
UEV4NRV6,Peterbilt 579,2018,Electric,3.73
OVRBQ3K9,Peterbilt 579,2017,Diesel,14.02
R3Y2CO7C,International LT,2013,Hybrid,14.46
IFMJJSZJ,Isuzu NPR,2019,Hybrid,N/A
G2TXA7BH,Freightliner M2,2017,LNG,9.71
IB9TXHTR,Blue Bird All American,2004,CNG,10.22
G6ULP6WZ,Peterbilt 579,2015,Hybrid,18.06
602WKTM3,Peterbilt 579,2012,Diesel,12.24
WPJCF07V,Volvo VNL,2024,LNG,11.62
B95N9GZW,Mack Anthem,2015,Diesel,13.06
F6MEFVQC,IC Bus CE Series,2001,Hybrid,10.95
COQAVK65,IC Bus CE Series,2012,LNG,11.8
0MZNMXBF,Isuzu NPR,2003,Hybrid,11.18
A06Y5MIH,Freightliner M2,2003,Electric,5.84
QD29Q3T0,BYD 8TT,2000,Diesel,6.8
UYZPD2TS,Arrival Van,2005,Hybrid,16.41
CJHTXX3Z,Kenworth T680,2022,Hybrid,16.2
0UUSASUB,Volvo VNL,2007,CNG,12.22
KUA7FI1H,Ford Transit,2024,petrol,1.77
FLSPQHMX,Mack Anthem,-40,Electric,4.51
NPZOEULS,Mercedes Sprinter,2017,Petrol,14.38
3S6UWXE4,Volvo VNL,2014,LNG,9.93
2H97H7AJ,Ram ProMaster,2014,Electric,3.51
Z38VF4IC,Arrival Van,2014,Petrol,15.86
BKH79UJ9,Western Star 5700XE,2000,Electric,3.68
KPYEM3X7,"Freightliner M2, Heavy Duty",2003,Electric,3.09
RIGBL9TS,Nikola Tre,2006,CNG,13.58
COQH6TXK,BYD 8TT,2019,2,19.98
LZ50R4R1,NULL,2017,Electric,3.48
UQHR4P2H,Hyundai XCIENT,2002,Diesel,14.37
OIVTSVPT,Ford Transit,2006,LNG,13.76
E9RKOKFX,Blue Bird All American,2001,Electric,4.75
N75BXD8W,Hino 268,2026,Petrol,14.9
J1YORG7L,Tesla Semi,2026,CNG,11.89
O7FBORYH,Thomas Saf-T-Liner,2021,Electric,13.77
D129KZ24,Isuzu NPR,2023,Electric,5.18
J98KSFQE,Western Star 5700XE,2023,CNG,9.19
M1EKI009,Rivian EDV,2017,LNG,11.55
LGT3THT1,Chevrolet Silverado 4500HD,2002,Petrol,12.35
U4PX19QU,Thomas Saf-T-Liner,2004,Petrol,16.75
7DIA5U6H,Kenworth T680,2020,Hybrid,19.89
XGDMFEHB,Blue Bird All American,2021,Petrol,10.7
MFJHOJAL,Volvo VNL,2014,Petrol,8.46
MWMWLMRXH61,Rivian EDV,2018,Electric,3.15
GC2R4LB9,Hyundai XCIENT,2016,lng,20.35
VMZ7ZTF8,Ford Transit,2006,Hybrid,16.57
U6C52T3X,Mack Anthem,2000,Electric,17.7511018456
571MYIIE,Western Star 5700XE,2000,Electric,18.15
2B7YJNXZ,Arrival Van,2003,Hybrid,16.42
F12S49H3,International LT,2012,Diesel,14.22
AILHHVNJ,Thomas Saf-T-Liner,2019,CNG,9.49
3OLLD56E,BYD 8TT,2022,Petrol,13.03
X2BMHN3Q,Freightliner M2,2008,LNG,7.35
0EUPZ4SB,Ram ProMaster,2007,Petrol,15.62
OXQQ8Y1H,Peterbilt 579,2001,Petrol,10.65
YOUHIF80,Kenworth T680,2014,CNG,12.4
RSJW5O8M,Ram ProMaster,2024,Gasoline,3.52
XKR9AI4H4U,Ford F-750,2005,CNG,14.59
6IZZZZW0,     ,2016,Electric,3.84
VQGJUZXG,Peterbilt 579,2019,Petrol,7.01
RA81RXYR,Hino 268,2018,Electric,4.15
49GK44KV,BYD 8TT,2003,Electric,5.1
RK7D30MM,Western Star 5700XE,2016,CNG,11.86
OPB79Q60,Kenworth T680,2002,Electric,2.57
CF1ZZ81J,Kenworth T680,2024,Petrol,7.1
UK17DB20,Isuzu NPR,2016,Diesel,12.8
HOFPQBH0,Ford Transit,2020,Petrol,14.29
C8IM2G7X,Ford F-750,2000,Electric,4.69
P1JWV9S8,Hyundai XCIENT,2011,Hybrid,18.15
2BDRCC0X,Tesla Semi,2015,CNG,15.45
JPTPC1CB,BYD 8TT,2009,Electric,4.87
C3T33TVZ,Thomas Saf-T-Liner,2021,Hybrid,16.29
TMTWQ2VZ,Peterbilt 579,2006,CNG,9.56
X16H7009,Hyundai XCIENT,2007,Hybrid,17.25
1PINIXWK,Mercedes Sprinter,2015,Hybrid,21.32
JK6RGRPI,Hino 268,1980,Petrol,7.27
RXZ135MM,Peterbilt 579,2001,CNG,11.63
GKRO3I3G,Mack Anthem,2014,Petrol,11.73
UEPOYXZ6,BYD 8TT,2005,CNG,13.12
9UVHSDUX,Hyundai XCIENT,2018,Electric,3.52
Y34XX4TS,IC Bus CE Series,2011,Hybrid,16.99
CKIX3QKK,Freightliner M2,2023,Petrol,7.38
K8XMAP3K,Kenworth T680,2014,Electric,5.89
1IN0BX89,Peterbilt 579,2025,CNG,10.8
DCAG4KF3,Rivian EDV,2025,LNG,12.28
64NUN1YI,Rivian EDV,2008,Hybrid,19.4
OHKGDXSR,Nikola Tre,2001,diesel,13.32
4H0CFIKM,Arrival Van,2025,Hybrid,"18,54"
LQ7Y993G,Thomas Saf-T-Liner,2006,Electric,8
RLSR0O8K,Hino 268,2003,Diesel,13.24
O19BQ8DY,Volvo VNL,2025,Electric,20.31
JQWZCTHX,Ram ProMaster,2005,Electric,5.9
2ZVQPK03,Chevrolet Silverado 4500HD,2021,Petrol,6.1
3TPY7264,Ford Transit,2024,CNG,11.07
HDFUB4RC,IC Bus CE Series,2012,Electric,4.99
NS5DICAA,Mack Anthem,2004,Hybrid,0
LHALCKZ3,Nikola Tre,2013,Hybrid,17.62
J86W7BZA,Hino 268,2026,LNG,8.22
GWHF200A,,2001,CNG,11.25
X1G15UAJ,Hino 268,2010,Diesel,9.33
B7QXMDXN,Mercedes Sprinter,1994,LNG,13.55
ZBXPQ5BO,Hyundai XCIENT,2023,Diesel,12.78
ZHG8Q3GC,International LT,2025,LNG,12.31
O6H8CCVA,NULL,2014,Hybrid,10.64
JJNTHMT9,Chevrolet Silverado 4500HD,2018,CNG,8.44
WH9SYXM7,Freightliner M2,2008,CNG,8.74
886PO3CH7IOMYYNJ6U,Isuzu NPR,2005,Petrol,17.79
HMN8533K,Western Star 5700XE,2022,Diesel,14.16
QILQWHMF,Kenworth T680,2006,Hybrid,12.11
YH44TZ20,IC Bus CE Series,2006,Diesel,7.89
8ZKRG6WM,Rivian EDV,2014,Electric,5.11
8K1UQ37G,Thomas Saf-T-Liner,2007,Diesel,8.84
7RP9QQZP,Chevrolet Silverado 4500HD,2013,Hybrid,19.58
RQ94YQ5P,Volvo VNL,2023,Diesel,0
AG4FYX28,Hyundai XCIENT,2026,Diesel,6.34
LDU5CHXK,Freightliner M2 – 特别版,2023,Diesel,13.6
H4HA0MVF,Ram ProMaster,2016,Electric,2.66
OXNFWWWG,International LT,2022,CNG,11.96
Q3OV9JYD,International LT,2016,Electric,4.94
HZA7X73Q,Hyundai XCIENT,2001,Petrol,10.33
RBSSS7KN,International LT,2004,Petrol,6.5
LBYRS5AS,Western Star 5700XE,2018,Hybrid,20.0
8NZF94E8,Arrival Van,2020,Hybrid,16.47
LUC60C1W,Ram ProMaster,2000,Diesel,8.48
M7PL0ARU,Nikola Tre,2008,Hybrid,10.77
YNSD45DX,Ford Transit,2001,Diesel,12.86
YSL5HD9J,Peterbilt 579,2006,Petrol,7.21
85864DN7,Chevrolet Silverado 4500HD,2009,Electric,17.42
2AKKTGM4,Ram ProMaster,2000,Electric,3.91
WPEIKZ06,Tesla Semi,2021,Electric,2.73
4NT4N8YN,Mercedes Sprinter,2012,Electric,3.57
SBOZIQLP,Hyundai XCIENT,2012,Diesel,5.04
O4ASLRTJ,Freightliner M2,2021,Hybrid,19.98
ATATJ9A3,Arrival Van,2013,CNG,14.45
ADOV9WD0,Ford Transit,2021,Petrol,13.08
G9GFO8PW,Isuzu NPR,2025,CNG,12.45
V5TQH61X,International LT,2019,Hybrid,10.54
P14NVV4N,Blue Bird All American,2019,Petrol,12.67
Z1JPAHRX,Thomas Saf-T-Liner,2001,CNG,10.68
YK2FA4K7,Peterbilt 579,2000,Diesel,11.37
PWOWPKUT,Ram ProMaster,2000,Diesel,6.4
0469KB1Z,Chevrolet Silverado 4500HD,2023,Diesel,14.88
CKC3OTUD,Kenworth T680,2019,CNG,13.67
PDUM75F4,Volvo VNL,2008,LNG,9.47
FBFF9663,IC Bus CE Series,2005,Electric,2.67
Q875N69T,Western Star 5700XE,2024,Diesel,7.62
80KT1CMD,,2026,LNG,7.43
WRQ5KGTG,Isuzu NPR,2020,Electric,5.05
RSPXJX8O,Blue Bird All American,2020,Hybrid,Infinity
XCTFGEU3,Ram ProMaster,2022,ELECTRIC,19.74
VV817T1E,Tesla Semi,2007,LNG,12.37
7OESRMKK,Freightliner M2,2015,LNG,"7,46"
IRHYF4QT,Blue Bird All American,2017,Petrol,8.65
EC9WBSM1,Nikola Tre,2022,Diesel,8.43
OVT7WJHH,Nikola Tre,2001,CNG,8.67
YBE1CEO6,Freightliner M2,2005,Petrol,15.26
QUV9QEZG,Blue Bird All American,2020,Hybrid,15.57
B7XKXAY7,Nikola Tre,2021,Petrol,16.44
DUJ4WH6K,Ford Transit,2015,Hybrid,19.71
HM6E933Q,Mack Anthem,2013,CNG,13.63
2FA39E3N,Hyundai XCIENT,2020,CNG,8.67
FBBC38HH,Ford F-750,2006,Diesel,14.64
IHRQAMO9,Nikola Tre,2022,Disel,4.18
G4REPUOC,Ford F-750,2014,CNG,11.05
EEZFWRBM,Nikola Tre,2003,Hybrid,12.51
RNV27JFJ,Mack Anthem,2011,Diesel,6.59
WNV2MK48,Hino 268,2015,Petrol,16.1
4TESN9DU,Nikola Tre,2018,CNG,11.41
9R6I1LGF,Freightliner M2,2018,Electric,4.44
A6KD97GL,Arrival Van,2020,LNG,28
EFTP2T21,Freightliner M2,2018,Petrol,12.36
6H5Z6TEG,Blue Bird All American,2010,LNG,9.34
IG5XIXGS,Mercedes Sprinter,2018,LNG,9.22
5WI6FQJJ,Freightliner M2,2025,Electric,4.13
RVA7MUDE,Blue Bird All American,2024,Petrol,6.7
O6CLASLR,Western Star 5700XE,2018,Electric,2.64
TOFZR896,Kenworth T680,2020,Hybrid,11.73
N/A,International LT,2020,Petrol,16.69
A1346TMP,Hyundai XCIENT,2012,Petrol,17.16
OX69OBFT,Mack Anthem,2014,Hybrid,19.08
TA67J5L3,Mercedes Sprinter,2007,Diesel,13.5
E2YE38D1,IC Bus CE Series,2004,CNG,14.15
8DAQPMBN,Isuzu NPR,2000,Hybrid,12.15
A3YYGDTW,Volvo VNL,2006,Petrol,9.67
SIY6A9WS,Chevrolet Silverado 4500HD,2013,LNG,12.95
DVX5UQIN,Arrival Van,2007,Electric,4.1
SC8779WU,Volvo VNL,2004,CNG,"7,53"
WLX04XSB,Arrival Van,2007,Petrol,15.46
NZ81XN5B,Blue Bird All American,2018,LNG,9.85
JX9D4ZIR,Hyundai XCIENT,2010,Petrol,13.54
H4UNF8P7,Western Star 5700XE,2016,Hybrid,13.75
VZ2FK9XP,Peterbilt 579,2022,Diesel,"13,78"
   ,	, ,  , 
ZPIG5CMH,Tesla Semi,2000,Electric,2.61
RHX5S2LS,Nikola Tre,2017,Electric,4.14
0W38XOWC,Chevrolet Silverado 4500HD,2012,Diesel,14.84
FRUIVHS9,BYD 8TT 中国,2020,Diesel,14.65
KSQNAL6O,Peterbilt 579,2004,LNG,10.76
VTAHYC3Y32CHUSUVRIB,Tesla Semi,2010,Diesel,10.64
X72HG8LR,Nikola Tre,2011,Petrol,11.72
QBA3JP19,IC Bus CE Series,2007,Electric,4.36
TLB37ZOQ,Chevrolet Silverado 4500HD,2011,LNG,7.56
K7I8Y3MH,Tesla Semi,2020,CNG,9.54
NZKF3IKN,Blue Bird All American,2002,Electric,4.42
PLM0A0NH,Western Star 5700XE,2010,CNG,9.95
DKVLRL77,Arrival Van,twenty-twenty,Diesel,12.25
HLEK8D3J,Thomas Saf-T-Liner,2016,CNG,13.06
DO70EP0D,Kenworth T680,2014,Diesel,5.41
I24RMJU1,Rivian EDV,2011,Diesel,6.22
95P6DWCD,Peterbilt 579,2008,Petrol,6.77
9234XDKX,Isuzu NPR,2020,Petrol,9.88
OZY8DDRN,Isuzu NPR,2017.3,Electric,2.9
1IRTT73P,Freightliner M2,2001,Petrol,13.89
8AJZR8ME,Rivian EDV,2001,Diesel,9.97
1CZJE2ST,Nikola Tre,2007,LNG,8.85
L9MBSNUQ,Ram ProMaster,2049,Diesel,8.48
AB1SXAQI,Hyundai XCIENT,2013,CNG,8.18
XE3GV7AY,Ford Transit,2013,LNG,12.26
ZN2OG4VP,Volvo VNL,2000,LNG,7.63
PYLB28CV,Unknown,2006,Electric,4.76
93KMKZEB,Volvo VNL,2017,Petrol,9.51
1RDXCK36,Western Star 5700XE,2008,Petrol,14.8
4B45M3MR,Ford F-750,2026,Diesel,12.74
QU3054OU,Arrival Van,2018,Diesel,14.96
8Y62J6GO,Mercedes Sprinter,2004,LNG,9.24
SF0EU2KM,Blue Bird All American,2004,LNG,12.53
2ZM1ORLV,Nikola Tre,1940,LNG,13.0
LKO48DHC,Volvo VNL,2023,Hybrid,18.37
TFL5XNU9,Western Star 5700XE,2013,Electric,3.57
PI3OPNHQ,International LT,2009,Diesel,8.19
Q7SLS8GU,Hyundai XCIENT,2014,Diesel,12.53
Q12PQQXS,Hino 268,2013,Diesel,5.27
ZBSQ5MBL,Chevrolet Silverado 4500HD,2015,Hybrid,19.55
7CDZPBBW,International LT,2002,CNG,10.14
CRU7EHHD,Western Star 5700XE,2010,LNG,13.28
PXDDUCM1,Peterbilt 579,2013,LNG,11.38
H7DOU030,Rivian EDV,2006,Diesel,5.58
00000000,Rivian EDV,2001,Electric,3.41
JWF9B71Z,Unknown,2004,Diesel,7.73
VPXNOJMG,Chevrolet Silverado 4500HD,2005,Diesel,12.58
948P7A8G,Volvo VNL,2018,Hybrid,15.33
TSX3M083,1990,2002,LNG,12.25
YQO3693Q,IC Bus CE Series,2017,Petrol,14.12
UMYF8K2K,Isuzu NPR,2010,CNG,9.46
HZPYGTTW,Nikola Tre,2017,CNG,9.72
QKJU9YUD,Nikola Tre,2025,Hybrid,13.29
U6XWHK1M,Mack Anthem,2024,LNG,13.27
CSPZU39Z,Mercedes Sprinter,2007,Petrol,15.1203131689
IR7TG68Q,BYD 8TT,2001,Petrol,15.82
GAA5OY3K,Chevrolet Silverado 4500HD,2016,LNG,8.14
CJIZFVE7,Nikola Tre,2019,EV,2.07
69Q43BG0,Arrival Van,2023,CNG,10.11
VJUHBP9V,Ford Transit,2013,Electric,3.85
IN8AQ9FJ,Ford F-750,2015,Hybrid,15.07
QKTM962I,Volvo VNL,2007,LNG,9.83
N4PLKKD3,Isuzu NPR,2001,Diesel,13.0
5Z9H980Z,Thomas Saf-T-Liner,2015,CNG,11.73
SQI1V2UX,Ram ProMaster,2025,Petrol,12.21
JI749IZE,Rivian EDV,2007,Electric,4.55
OVOUSU2E,International LT,2000,CNG,10.46
FTGO6N3J,Hino 268,2019,Hybrid,Infinity
E5RAU33X,Hino 268,2014,Petrol,7.87
ZN4U38BW,Tesla Semi,2013,Diesel,5.43
00000000,Hino 268,2008,Electric,3.46
6EXRW64N,Mercedes Sprinter,2020,LNG,12.66
FTUJFE1K,Tesla Semi,2025,Electric,4.97
M8R8VUGB,Mack Anthem,2011,Hybrid,20.66
G69IK941,Mack Anthem,2016,Diesel,10.02
8OVRGEU4,Ford F-750,2019,CNG,12.41
5OU5RZQT,IC Bus CE Series,2023,LNG,12.42
MFPO60B0,Blue Bird All American,2010,LNG,12.12
S5JITXNG,Nikola Tre,2008,LNG,10.22
X1TEFCYX,Blue Bird All American,2021,Petrol,12.48
FNZQ7I7D,Freightliner M2,2015,1,19.25
EIKY1VMP,Volvo VNL,2010,Hybrid,17.42
KGXM5JWN,Chevrolet Silverado 4500HD,2020,Electric,2.75
DU84QZUD,Hyundai XCIENT,2020,Electric,5.39
J4I3DOYC,Ford F-750,2021,Electric,4.07
YOTOS87M,BYD 8TT,2018,Diesel,12.18
ZTZ1RBDK,Freightliner M2,2016,Electric,4.79
6UFKY28N,BYD 8TT,2008,Electric,4.15
PF7PAOCM,Hyundai XCIENT,2007,Gas,5.72
8GMVVQAY,Ford F-750,2009,Bio-Diesel,1.67
57C34FZ9,Peterbilt 579,2011,Electric,4.44
YQQVW94F,Tesla Semi,2000,Electric,4.07
3T54M87V,Ford F-750,2000,Petrol,7.82
AVROEM2C,Volvo VNL,2017,electric,17.51
V5QKIHR4,Ford Transit,2010,Hybrid,14.15
C2NT9GST,Ford Transit,2004,CNG,10.07
ZC8MBQTU,BYD 8TT,2003,Hybrid,19.63
DEEU2QJW,Ram ProMaster,2007,LNG,9.26
FD9V0XBG,Ford Transit,2008.1,Electric,5.27
1HGB/225,Isuzu NPR,2014,Hybrid,11.98
G8IJILO6,Ram ProMaster,2019,LNG,12.14
08ZVBE5O,Rivian EDV,2009,CNG,14.44
OHICCXLO,Rivian EDV,2009,Hybrid,NULL
DAV8LUG5,Thomas Saf-T-Liner,2024,CNG,14.7
7L7NG70I,Arrival Van,2023,Diesel,10.71
OUY4SXTL,Hyundai XCIENT,2017,Electric,5.08
QXT229Q7,Isuzu NPR,2001,Hybrid,17.06
  A9D9O4UY  , Ford F-750 , 2018 , Hybrid , 16.19 
JAA6SEDC,IC Bus CE Series,NULL,Diesel,13.55
U1QF5KO0,Mack Anthem,2005,LNG,13.91
8WD3OKAN,Isuzu NPR,2005,Hybrid,15.12
VIN-123,Western Star 5700XE,2025,Petrol,14.49
85BG6AHS,Chevrolet Silverado 4500HD,2012,Diesel,12.0
23F42XZH,BYD 8TT,2019,Petrol,13.87
1T4DSTVN,Chevrolet Silverado 4500HD,2008,CNG,8.59
DU684596,Isuzu NPR,2011,Electric,2.95
757957K4,Nikola Tre,2002,Diesel,5.54
WDEKL93B,Freightliner M2,2020,Electric,4.19
AW4UD35E,Blue Bird All American,2020,Electric,3.67
SWE7MCKI,Model XXXXXXXXXXXXXXXXXXXXXXXXXXXXXXXXXXXXXXXXXXXXXXXXXXXXXXXXXXXXXXXXXXXXXXXXXXXXXXXXXXXXXXXXXXXXXXXXXXXXXXXXXXXXXXXXXXXXXXXX,2021,Diesel,8.99
WOJ587P1,BYD 8TT,2020,Hybrid,16.75
CUX94XBM,Thomas Saf-T-Liner,2006,Petrol,10.54
YU50MNM8,"Freightliner M2, Heavy Duty",2015,Electric,4.76
8IJL2Z0L,Hino 268,2007,Hybrid,10.9
Y399H5RG,International LT,2012,LNG,11.61
ISAYAWVT,Thomas Saf-T-Liner,2020,LNG,10.37
UQW4C527,Peterbilt 579,2001,Petrol,10.01
PM3P51LZ,Rivian EDV,2020,LNG,10.25
P4XTKXGY,Rivian EDV,2026,Electric,5.06
6GN33U4N,Mercedes Sprinter,2026,Electric,5.34
UQ648JFL,Tesla Semi,2010,Petrol,-inf
2UPMLJRH,,2026,Petrol,6.55
FDTPHXR9,Hino 268,2017,Diesel,12.97
CHUHX53A,Thomas Saf-T-Liner,2009,Electric,4.45
7P2O4IAR,Ford F-750,2026,CNG,15.6
ZU93RTEN873K8RT6U1C,Kenworth T680,2004,Diesel,11.52
U8M0KR7D,Thomas Saf-T-Liner,2012,Hybrid,10.53
ST0QBT34,Arrival Van,2001,LNG,9.89
HXKA7UAH,Thomas Saf-T-Liner,2025,LNG,7.39
SIOQ4YGA,Ford Transit,2010,Diesel,6.53
S17LQ0FL,Hino 268,2000,CNG,12.6
,Chevrolet Silverado 4500HD,2024,Petrol,8.33
,,,,
K91KEGJ5,Mack Anthem,2017,LNG,11.53
WSC7QVQZ,Hyundai XCIENT,2018,Hybrid,11.99
GT0BX7RB,Ford F-750,2004,Hybrid,13.46
U4W9FNTY,Model XXXXXXXXXXXXXXXXXXXXXXXXXXXXXXXXXXXXXXXXXXXXXXXXXXXXXXXXXXXXXXXXXXXXXXXXXXXXXXXXXXXXXXXXXXXXXXXXXXXXXXXXXXXXXXXXXXXXXXXXXXXXXXXXXXXXXXXXXXXXXXXXXXXXXXXXXXXXXXXXXXX,2010,LNG,13.08
HPGGTF1N,Tesla Semi,2002,CNG,11.86
3G0RRSXQ,Ram ProMaster,2002,LNG,7.08
AZCAMWER,Western Star 5700XE,2026,CNG,14.1
AGTSXTHN,Chevrolet Silverado 4500HD,2019,Electric,5.54
73XYGGUP,Hino 268,2024,LNG,9.52
2WS661KN,Volvo VNL,1942,Diesel,10.84
29US7WW7,Tesla Semi,2000,Electric,4.95
FVL03DUT,Hino 268,2016,Hybrid,15.5
B2DXUB49,IC Bus CE Series,2022,Electric,5.93
9ER14FFY,BYD 8TT,2002,LNG,9.69
3DHSUDFL,Mercedes Sprinter,2017,Diesel,10.2
7O5D5PWY,Mack Anthem,2006,Petrol,0
XG4XNUBY,Rivian EDV,2026,LNG,10.92
TRFLQBMA,Mack Anthem,2006,LNG,12.71
MF62547M,Rivian EDV,2021,Electric,4.9
77J84ZVH,Tesla Semi,2019,Electric,5.12
AXD7HH7N,Tesla Semi,2021,Hybrid,17.82
3VRHXQPV,Freightliner M2,2007,Electric,5.59
G549NM9X,Ford Transit,2006,CNG,13.73
HH4WV0KZ,Rivian EDV,N/A,Diesel,12.04
FPSQ7XLW,Kenworth T680,1941,Petrol,16.77
JHKSBLFR,NULL,2010,CNG,8.68
USSB68QJ,IC Bus CE Series,2001,CNG,12.71
5GW7FXZ6,Ford F-750,2012,Hybrid,14.5
AVXSOA8E,Volvo VNL,2005,Petrol,10.78
IW3W8WN8,IC Bus CE Series,,Hybrid,10.47
9W3877HQ,Ford F-750,2007,Diesel,8.23
CG7FD143,Hyundai XCIENT,2015,LNG,9.98
UILY7E5R,Hyundai XCIENT,2007,Hybrid,15.87
URTSFH8R,International LT,2013,CNG,11.95
A6FMOSV0,Blue Bird All American,2019,Electric,3.54
DUUC90VS,Freightliner M2,2026,CNG,-10.27
79NS5JE2,Freightliner M2,2025,Diesel,nan
EZRA96WR,Peterbilt 579,2022,Petrol,10.62
V3ADQ7GE,Arrival Van,2007,LNG,11.13
FHJ4D0JM,Tesla Semi,2025,Hybrid,13.09
DE7UAXIR,Nikola Tre,2024,Petrol,6.34
FFOWOZML,Volvo VNL,2020,Petrol,13.5
Y0YXF64Y,Ford F-750,2006,Electric,0
2LIWIX9P,Tesla Semi,2008,Petrol,15.91
Z1YNS3BT,Peterbilt 579,2025,LNG,11.85
42158JYS,Mercedes Sprinter,2014,Hybrid,19.91
00000000,Hino 268,2003,LNG,7.51
C0Z24E4H,Hyundai XCIENT,2016,Electric,4.87
CA2NOX8A,International LT,2002,CNG,15.75
J1XNWKXZ,Freightliner M2,2013,Petrol,11.32
J1QI9MQV,Freightliner M2,2022,Hybrid,11.6
YQPENPDK,Rivian EDV,2014,Electric,5.32
  8ZS90XJI  , Isuzu NPR , 2026 , Electric , 3.29 
UNMAIVYB,Western Star 5700XE,2004,Electric,3.34
C73QWDTC,Thomas Saf-T-Liner,2021,CNG,10.5
53UY8U11,Mercedes Sprinter,2021,Petrol,11.53
LTAEYK89,International LT,2007,Diesel,10.18
L5YHCMDC,Nikola Tre,2026,LNG,13.44
ONRRLRNR,Ford F-750,2024,Diesel,11.84
DGV3VQEH,Blue Bird All American,2024,Diesel,9.54
  JTKBRFX8  , IC Bus CE Series , 2004 , CNG , 11.91 
QPTP45BA,Peterbilt 579,2015,CNG,-inf
D6Z5BB70,Rivian EDV,2020,Electric,4.28
twfz0bby,Ram ProMaster,2009,LNG,8.64
C1XN4CIM,IC Bus CE Series,2013,Diesel,6.98
  CHHOUHO9  , Ford F-750 , 2026 , Hybrid , 19.35 
8JPVYXO8,Rivian EDV,2012,CNG,14.54
IDFJ5TP0,Ram ProMaster,2020,Petrol,8.79
X9SOYH91,Hino 268,2011,Electric,3.31
TOTEQAIW,Freightliner M2,2007,LNG,9.01
BCBI3XGT,IC Bus CE Series,2013,Diesel,12.72
SH1WWS6F,Mercedes Sprinter,1970,Diesel,12.2
H5IQUITI,Ram ProMaster,2012,Electric,5.1
L9ZWL473,BYD 8TT,2001,Electric,3.63
Y7RO935Y,BYD 8TT,2000,Hydrogen,2.71
NAR41F9W,Kenworth T680,Year2022,Hybrid,16.07
VIIE23IP,Tesla Semi,2014,Petrol,7.19
2JKZ36C9,Hino 268,2014.1,Diesel,9.29
BVFWB5HS,Tesla Semi,2001,Diesel,10.18
4Q8DW9WO,Freightliner M2,2021,Hybrid,4771.07
TBXPSPAQ,Freightliner M2,2010,CNG,11.02
GT6PB9OY,Ram ProMaster,2013,Electric,4.13
PEA3KK5L,Tesla Semi,2023,Hybrid,15.0
3WWTQLN9,Western Star 5700XE,2015,Hybrid,13.1
MPQ79XTM,Thomas Saf-T-Liner,2002,CNG,9.5
CB2WRSTE,Isuzu NPR,2025,LNG,12.52
46NZ3HA6,Volvo VNL,2023,Diesel,5.38
1HGB H225,Hino 268,2026,Petrol,8.01
17IWPT8M,"Freightliner M2, Heavy Duty",2020,CNG,15.02
OP0Q49RQ,Ram ProMaster,2008,Diesel,13.79
WM9Q7FTM,Mack Anthem,2009,Diesel,11.37
Y5I4DFA2,Ford Transit,2012,Electric,3.85
OTSQEIMB,Arrival Van,2021,Petrol,12.26
PEYMP4EL,Nikola Tre,2007,CNG,10.75
39E6TA6D,Freightliner M2,2000,CNG,8.18
LNZZRJO7,Nikola Tre,2020,LNG,7.26
YMI7VXBB,Mack Anthem,2006,CNG,14.21
X92QD3RH,BYD 8TT,2001,Electric,-1.81
N8FN708F,IC Bus CE Series,2014,Hybrid,11.96
JIQPKNS7,Ford F-750,2013,LNG,10.93
VKAD0TQ2,Isuzu NPR,2011,Electric,5.61
240KY440,Western Star 5700XE,2026,Electric,2.54
26RK0ET6,Hyundai XCIENT,2026,Diesel,12.76
HZTZZEZS,Thomas Saf-T-Liner,2023,Electric,3.33
CEN5PTE4,BYD 8TT,,CNG,14.76
KKSL9AEM,International LT,2026,Petrol,9.71
XUTEQ0R6,Western Star 5700XE,2012,diesel,16.61
KH2NXXMS,Ford Transit,2000,Petrol,6.97
2V0EKDQ1,BYD 8TT,2026,Hybrid,21.44
DC1PV85A,Tesla Semi,2026,LNG,10.04
6QFNTOXC,Thomas Saf-T-Liner,2023,CNG,11.34
XKY9EQMB,Mack Anthem,2000,Petrol,12.92
VF1ZLGGA,"Freightliner M2, Heavy Duty",2015,CNG,8.38
XR3URMWU,Mack Anthem,2025,Hybrid,10.81
GS4VB7W2,Mack Anthem,2023,LNG,12.82
RS4DQCLU,Freightliner M2,2023,LNG,11.35
X38DHEVP,Volvo VNL,2018,Petrol,16.02
0PPX8DY3,Thomas Saf-T-Liner,2004,Petrol,13.39
,,,,
O2Y1EJUO,Isuzu NPR,2020,Electric,3.29
7M08LCWL,Mercedes Sprinter,2015,Petrol,10.06
EUBFN9KR,Mack Anthem,2004,CNG,14.27
LDHTIN9Y,Peterbilt 579,2017,Hybrid,21.29
57805QS5,Peterbilt 579,2059,LNG,7.84
1HGB H225,International LT,2005,CNG,14.7
8RKYXKH0,Tesla Semi,2008,Electric,4.78
HSXPZLC8,International LT,2003,Diesel,9.6
ROQ5B64K,"Freightliner M2, Heavy Duty",2019,Hybrid,16.88
BZS119OL,Western Star 5700XE,2002,Diesel,5.98
SE3AC8W8,Arrival Van,2014,Diesel,8.07
QM73D9I4,Volvo VNL,2009,Electric,3.36
VBVNLY3F,Ram ProMaster,2015,CNG,14.35
1WMQTCWA,Chevrolet Silverado 4500HD,2012,LNG,8.64
EAISRXYE,Western Star 5700XE,2017,CNG,14.47
VPWYMFVT,Freightliner M2,2012,Diesel,5.67
D1UVI5Z2,Chevrolet Silverado 4500HD,2024,Diesel,12.54
COWVUXOO,Nikola Tre,2004,Electric,5.55
FJVJUZHX,Mercedes Sprinter,2025,Diesel,14.81
BM1DBQD5,Western Star 5700XE,2009,Diesel,11.62
NAAUEHS2,Nikola Tre,2001,Diesel,5.98
RAFK1REU,Thomas Saf-T-Liner,2014,Petrol,7.56
D2B9YHQR,Nikola Tre,2002,Electric,5.32
5ZIZC8GI,Arrival Van,2026,Petrol,14.83
VN5NVLBI,Kenworth T680,2025,Hybrid,16.31
PLED0Z4Z,Blue Bird All American,2013,Diesel,6.3
50S56H05,Chevrolet Silverado 4500HD,2000,Diesel,9.05
D3UKHXMT,Arrival Van,2000,Electric,5.23
CJ146K18,Mercedes Sprinter,twenty-twenty,Electric,3.7
G2CCOOQ5,Mack Anthem,2022,Diesel,13.5
ABXW2EOW,Chevrolet Silverado 4500HD,2018,Hybrid,10.99
OMYVUXT9,Ford F-750,2011,CNG,10.6
5INLWW76,Nikola Tre,2004,Diesel,7.89
YVWQJ8VV,Blue Bird All American,2016,LNG,13.53
L1SZOJRC,Thomas Saf-T-Liner,2009,LNG,7.26
Q9NP3WVM,Mercedes Sprinter,2021,LNG,11.15
WB0B1YOA,Hyundai XCIENT,2012,Diesel,7.2
4KNBD9O4,Arrival Van,2005,CNG,11.07
YW9ZR1KF,Nikola Tre,2021,Diesel,7.97
60MPM6UI,International LT,20 22,Electric,4.85
CYWO5GYY,Blue Bird All American,2024,CNG,9.9
SHP9CVV0,Volvo VNL,2017,Diesel,11.99
M5BEHLR5,Tesla Semi,2007,Diesel,9.71
AR1VY7HX,Ford Transit,2013,Diesel,13.58
0PYIZYZ8,Kenworth T680,2024,LNG,10.94
AY0XOFZD,BYD 8TT,1922,Petrol,8.0
BKP48N7P,Ford F-750,2001,Hybrid,15.64
LCUFVJNH,Freightliner M2,2004,Diesel,10.89
M8048IMJ,Blue Bird All American,2002,LNG,12.28
G4QMKNA9,Isuzu NPR,2016,Hybrid,15.07
PN03UJR7,IC Bus CE Series,2076,Diesel,5.87
679J6HDB,Ford F-750,2000,LNG,10.8
JUD15COH,Isuzu NPR,2006,LNG,8.74
W1Q3Q4RS,Ram ProMaster,2003,Electric,4.56
YGB0PYND,Hyundai XCIENT,2025,Diesel,14.14
KFVDHLZ0,Nikola Tre,2022,CNG,10.75
92ADVUHR,Hyundai XCIENT,2013,Electric,4.86
ZXNKLI2Z,Mack Anthem,2006,Diesel,7.52
O752TVRF,BYD 8TT,2024,Diesel,13.42
12CVVI5A,Blue Bird All American,2023,Diesel,13.6
U7TPKB85,Mack Anthem,2002,Petrol,16.83
QAKCW9SA,Kenworth T680,2003,Hybrid,19.25
3YTD9L86,N/A,2012,Electric,5.43
ORK36428,Ford F-750,2017,Hybrid,16.57
SFRNCC1J,Nikola Tre,2007,CNG,12.27
984rp21b,Thomas Saf-T-Liner,2014,CNG,15.2
R5RUP13W,Thomas Saf-T-Liner,2020,LNG,9.98
URKFB4MZ,Tesla Semi,2001,Petrol,7.37
A1UMCEFZ,Blue Bird All American,,CNG,14.79
8I8ZFIIL,BYD 8TT 中国,2024,CNG,15.32
86QJJG3W,Thomas Saf-T-Liner,2021,Electric,4.61
BB1PMNON,Rivian EDV,2010,CNG,11.44
k9te7sjx,Isuzu NPR,2003,CNG,12.13
2K9GKA9G,Freightliner M2,2016,Petrol,14
ACRRBOR2,Peterbilt 579,2024,Diesel,9.7
O04BYV5J,Western Star 5700XE,2024,Petrol,12.75
OKVC3ACI,Hino 268,2000,Petrol,17.36
SPFHV5BR,Blue Bird All American,2017,Diesel,14.34
Z7M4AKGX,Western Star 5700XE,2011,Hybrid,20.57
LB8JOD5J,Western Star 5700XE,2009,Hybrid,17.26
VVEG6UIA,Nikola Tre,2012,Hybrid,14.38
4HN86VWP,Peterbilt 579,2000,Electric,4.65
VYAR63X5,Nikola Tre,2025,Diesel,8.12
NULL,Chevrolet Silverado 4500HD,2018,LNG,10.67
!@#$%,Western Star 5700XE,2022,LNG,7.36
,,,,
7BB2MIRT,Peterbilt 579,N/A,LNG,10.09
BWRY59BG,Arrival Van,2015,Electric,2.69
QXBWDGRW,International LT,2006,Hybrid,17.2
X0LPCJ0H,Ford Transit,2005,Electric,5.95
3TR8QDCJ,Isuzu NPR,2011,CNG,13.53
GIOEHAO1,Mercedes Sprinter,2013,CNG,14.35
E5EGTYLP,Hyundai XCIENT,2007,CNG,15.37
A8AA3I4M,,2007,Petrol,17.2
YEF2L0PI,Hino 268,2013,CNG,12.23
S6U9EINB,Volvo VNL,2009,Petrol,6.3
VWNTVZA3,Chevrolet Silverado 4500HD,2013,CNG,14.17
00000000,Ford Transit,2004,Hybrid,16.49
P9YPDAX6,Ford F-750,2002,CNG,13.67
HS95TWBQ,Western Star 5700XE,2014,Petrol,12.17
DCT4NQYF,Model XXXXXXXXXXXXXXXXXXXXXXXXXXXXXXXXXXXXXXXXXXXXXXXXXXXXXXXXXXXXXXXXXXXXXXXXXXXXXXXXXXXXXXXXXXXXXXXXXXXXXXXXXXXXXXXXXXX,2014,Hybrid,12.66
SCZQWYNV,BYD 8TT,2015,Hybrid,11.86
1WJX3XYR,International LT,2011,LNG,13.6
XRBWE3A9,Chevrolet Silverado 4500HD,2017,CNG,8.24
T7PA46IW,Chevrolet Silverado 4500HD,2018,Petrol,16.08
BT42ZRTG,Rivian EDV,2018,LNG,11.8
8A4IQZ9Z,8911,2026,Hybrid,20.86
DIURF17K,BYD 8TT,2006,Petrol,18.0
F5X9EE34,Rivian EDV,2019,CNG,15.44
8TBZOPSO,Hino 268,2016,LNG,10.02
XVIXJ2JJ,Chevrolet Silverado 4500HD,2019,Electric,2.81
YLJZCCWX,Hyundai XCIENT,2013,Petrol,7.3
1FMS898C,Mack Anthem,2018,CNG,13.06
66DZGG3E,Tesla Semi,2012,Diesel,7.33
2TWRQWKD,Volvo VNL,2014,Petrol,15.1
WU8UTC2A,BYD 8TT,2000,CNG,13.14
TMSXR09B,Arrival Van,-26,LNG,7.62
W4HXIOBC,Mack Anthem,2013,Electric,3.57
  GN4DEHX0  , Isuzu NPR , 2005 , Hybrid , 10.52 
FHO0V0O3,Mercedes Sprinter,1927,Electric,2.73
YYK0XC52,Blue Bird All American,2004,Diesel,-5.28
RWHCRG7Z,Ram ProMaster,2016,CNG,9.87
7BNA2I7P,Volvo VNL,2016,Diesel,11.94
JPA5UGJE,Arrival Van,2024,Electric,5.82
QX2HZG3K,Kenworth T680,2010,Hybrid,19.0
TGVTHNI2,International LT,NULL,CNG,10.48
N6885BBA,Ram ProMaster,2023,Diesel,5.25
FFFFFFFF,Peterbilt 579,2010,CNG,12.99
E2XE0JDC,Rivian EDV,2024,Hybrid,18.79
52frv4a0,Nikola Tre,2005,Hybrid,21.9
TCPXYAQR,Hyundai XCIENT,2096,CNG,12.76
N1XL8YRR,Nikola Tre,2002,Diesel,9.59
SOQ87HBY,Nikola Tre,2000,CNG,10.48
04Y63WQ0,Kenworth T680,2002,LNG,7.48
2LDYR3KV,International LT,2009,Electric,3.86
BBSU04W4,Hino 268,2023,Electric,4.26
D5GVSN4V,Rivian EDV,2004,Petrol,6.89
OTPS98G8,"Freightliner M2, Heavy Duty",2006,LNG,10.34
ZJRUMXQW,International LT,2001,Petrol,17.4
53K48OLD,Kenworth T680,2002,Hybrid,18.76
CM2WLNM2,Hyundai XCIENT,2007,Petrol,11.65
L7TG6CD2,Isuzu NPR,2014,Hybrid,17.59
5XJB683B,Tesla Semi,2007,Electric,3.57
OZMCL2L0,International LT,2024,LNG,7.71
PO7WKWVU,Thomas Saf-T-Liner,2023,Petrol,15.95
N86S20KM,Volvo VNL,2011,Electric,5.25
0N2NOFYR,Ford F-750,2015,Electric,2.99
N42B7RVZ,Ram ProMaster,2025,CNG,12.71
,Peterbilt 579,2014,Petrol,10.4
O55HY7DB,Blue Bird All American,2017,Hybrid,19.78
9ESNF3LP,Volvo VNL,2024,Hybrid,19.85
R30SMXE1,Mercedes Sprinter,2001,Electric,4.09
H7SXITKV,Isuzu NPR,2020,LNG,"5,83"
MDTWBKYH,Peterbilt 579,2006,LNG,7.03
LP23MXOI,BYD 8TT,2021,LNG,10.48
N/A,Blue Bird All American,2005,LNG,12.66
W2SEHE2A,Tesla Semi,2018,Hybrid,14.43
9KHDY5M6,Nikola Tre,2000,CNG,10.57
AELGBMDG,Chevrolet Silverado 4500HD,2011.5,Electric,5.38
NYSYNSKV,Kenworth T680,2009,Hybrid,20.47
K04V8Q8O,"Freightliner M2, Heavy Duty",2015,CNG,12.29
S8K3YO13,Hino 268,2024,Electric,3.06
WC0NBAQK,Blue Bird All American,2016,Diesel,8.85
MC4VPRRS,Rivian EDV,2009,Diesel,12.51
ZS43C5BA,Kenworth T680,2010,Electric,4.52
IAH5FM7P,Mack Anthem,2023,LNG,7.21
I969SFI3,Chevrolet Silverado 4500HD,2025,LNG,13.8
1BTCVW2A,Chevrolet Silverado 4500HD,2017,LNG,12.43
NAN01RPD,Volvo VNL,2008,2,5.43
VNB2SR47,Freightliner M2,2021,LNG,9.46
1CBXWOWH,International LT,2026,LNG,13.93
3P0AMTS7,Arrival Van,2003,Diesel,8.84
HISVI8QPQZD,Isuzu NPR,2003,Hybrid,10.49
3V2OVGJC,Mack Anthem,2004,CNG,11.38
A2NRR6JB,Western Star 5700XE,2012,Hybrid,0
,Tesla Semi,2014,Diesel,9.79
1VAD5MAX,IC Bus CE Series,2026,CNG,13.0
KSBJARUY,Nikola Tre,2012,Electric,"19,1"
NE3ROWV2,Mercedes Sprinter,2018,Electric,2.75
NSPN5MRD,Thomas Saf-T-Liner,2009,Diesel,8.54
FY635GW8,Chevrolet Silverado 4500HD,2008,Petrol,12.84
8Y4LFRHM,Peterbilt 579,2013,Electric,5.62
90I2HQ98,International LT,2022,Electric,3.49
CA6M6MV0,BYD 8TT,2004,Electric,11.9
OPQH5LKR,Chevrolet Silverado 4500HD,2011,CNG,15.66
9XED3A27,Mack Anthem,2007,Diesel,14.18
X68KAQQ2,Ford Transit,2024,Petrol,15.1
Q8GKM6DK,IC Bus CE Series,2019,LNG,9.4
5LYYP6S0,Nikola Tre,2001,Diesel,6.09
SEPT1OL2,Arrival Van,2018,Electric,4.56
GO8FJ6B3,Ram ProMaster,2023,Electric,4.37
D3CV0L5C,Hino 268,2026,Petrol,11.92
OFOSBPR1,Kenworth T680,2011,Hybrid,20.48
11MSH8MJ,Chevrolet Silverado 4500HD,2008,Electric,3.93
KEP9WJS8,Ram ProMaster,2002,Petrol,6.61
4GKS6R6B,Isuzu NPR,2022,Petrol,9.68
IB5SL8S7,Western Star 5700XE,2015,Diesel,5.74
KIWRIQRP,Hyundai XCIENT,2007,Petrol,7.86
1STXR0BO,Isuzu NPR,2006,Electric,602.72
3V2E5NB7,Tesla Semi,2026,Diesel,5.92
MJABFHA1,Blue Bird All American,2026,Diesel,12.08
NMFBAXJ0,Isuzu NPR,2006,Petrol,
HORAX46O,Ram ProMaster,2025,Hybrid,"18,45"
FKBCZEW5,Freightliner M2,2020,CNG,8.72
XMALU6QG,Volvo VNL,2019,Diesel,5.52
Y0RT7NL1,Thomas Saf-T-Liner,2034,LNG,7.59
26ZXI9QI,Ram ProMaster,2016,LNG,9.7
2FZIGULN,Ram ProMaster,2012,Diesel,21
P9JP50EO,Rivian EDV,2015,LNG,9.73
Z5M4IY68,International LT,2012,Electric,2.82
N/A,Volvo VNL,2014,Hybrid,18.73
KJBAJGFM,Blue Bird All American,2024,LNG,8.69
JS6PVS9V,Volvo VNL,2000,Electric,3.79
MRRQSRNH,Tesla Semi,2013,Diesel,5.72
RJRNY204,Mack Anthem,2019,LNG,10.74
,Arrival Van,2005,Hybrid,18.79
JXETBQQRTUMV,International LT,2023,Hybrid,11.25
G0YI0DG9,Ford F-750,2000,CNG,13.89
U34HCXPC,Ram ProMaster,2005,Hybrid,18.5
B1ZSS08U,Freightliner M2,2000,CNG,15.18
N6Y2C2BV,Thomas Saf-T-Liner,2002,CNG,8.81
UA7C8IKO,Tesla Semi,2008,Diesel,6.27
4JPDT12S,Volvo VNL,2006,LNG,7.19
0I4LYCEK,Tesla Semi,2017,LNG,10.14
VTVQ9OPW,Tesla Semi,2000,Petrol,14.2
O1T5WNY5,Hino 268,2007,CNG,15.29
1HGB H225,Volvo VNL,2019,LNG,12.54
C8GC3T4H,IC Bus CE Series,2026,Electric,3.56
SRD9Q46N,Thomas Saf-T-Liner,2001,Petrol,12.75
3CYKJ9BR,Arrival Van,2017,CNG,9.48
F6I962PP,Isuzu NPR,2020,Hybrid,unknown
PJGFJC5Q,Thomas Saf-T-Liner,2016,Hybrid,12.57
G8U03EZ2,International LT,2026,Electric,2.51
EXQ4UR7B,IC Bus CE Series,2079,Diesel,10.97
EQ3DJLFV,Peterbilt 579,2024,Diesel,8.74
QRBNY0QE,Western Star 5700XE,2020,CNG,15.44
VMOT4SAY,Chevrolet Silverado 4500HD,2015,CNG,13.09
S4G5V2NV,Ford F-750,2009,Petrol,8.57
904HT2LS,Nikola Tre,2015,Hybrid,20.63
15H3MK5U,Rivian EDV,2016,Diesel,14.54
V2F8N1R5,Chevrolet Silverado 4500HD,2013,CNG,13.53
CXLVPYMB,Blue Bird All American,2019,CNG,15.99
N2P8C192,Hyundai XCIENT,2018,Electric,0
V0DSZRK6,Isuzu NPR,2005,Hybrid,13.78
LVRFSXOI,Western Star 5700XE,2000,Hybrid,Infinity
I7Z7TB3I,Tesla Semi,2001,Electric,16.2
2A96GORC,Thomas Saf-T-Liner,2017,Electric,2.59
69IM32SJ,Volvo VNL,2026,Hybrid,16.19
CYLTM9R6,Chevrolet Silverado 4500HD,2012,Petrol,8.01
UUUUUUUU,Volvo VNL,2026,Petrol,9.05
7Z8O5XJN,Volvo VNL,2004,LNG,12.91
ZEV8729C,Isuzu NPR,2018,Diesel,7.76
P1387E9R,Ram ProMaster,2012,CNG,11.0
SWFS5ZUT,Western Star 5700XE,2018,Diesel,5.94
7NOB2JDL,Ford F-750,2015,CNG,13.92
CVKFJDUL,Ram ProMaster,2011,Petrol,9.99
NZWQGZXZ,NULL,2000,Diesel,5.82
FH6Q9Y4Y,Rivian EDV,2000,LNG,9.01
C1SSMBW8,Tesla Semi,2003,Hybrid,15.01
Q7NXNGBY,Peterbilt 579,2001,Diesel,13.01
BCTKAZ4Y,Isuzu NPR,2000,Electric,5.23
3MST9V87,3967,2008,Diesel,6.45
PSU7F58J,Volvo VNL,2014,Petrol,7.67
QPL5YJEY,Isuzu NPR,2004,Diesel,6.35
WPGZ5RKS,Kenworth T680,2023,CNG,12.83
BQ2S2WMS,Hyundai XCIENT,2021,Petrol,11.0
F94APTLJ,Ram ProMaster,2000,,9.18
5IMX3S1Z,Rivian EDV,2003,LNG,12.88
0QV28N4Q,Isuzu NPR,2021,Electric,4.24
7XS2E0NK,Freightliner M2,2005,Petrol,7.76
L67C7HP4,Blue Bird All American,2015,Petrol,10.57
A0HLDW9P,IC Bus CE Series,2012.4,Electric,3.04
YUVXMGE0,Ford F-750,2007,CNG,15.12
LJSIASRX,Ford F-750,2021,CNG,10.02
HOAKOEEU,Thomas Saf-T-Liner,2011,Petrol,14.73
P60YKL9R,Thomas Saf-T-Liner,2018,Hybrid,13.66
2EI9212P,Western Star 5700XE,2000,Electric,4.91
JQAEKNY6,Hino 268,2007,Petrol,7.86
JTFIWQ03,Ford Transit,20/22,Diesel,14.08
ZS9BK4UF,Ram ProMaster,2019,Hybrid,10.61
RICV9PWU,Ford F-750,2022,Diesel,8.41
5BEKTJEP,International LT,2006,Petrol,14.28
CIUKYU3L,Isuzu NPR,2020,CNG,8.01
HZNWG3ZR,Rivian EDV,2005,LNG,10.28
SMI614Q9,Western Star 5700XE,2025,Electric,3.87
D86DUDUY,Blue Bird All American,2010,Hybrid,16.39
L3414WQW,Nikola Tre,2017,Electric,4.03
LR75XP0O,Tesla Semi,2017,CNG,8.66
OSD221IY,Ford F-750,NULL,CNG,8.6
M6736Z4D,Ram ProMaster,2002,CNG,13.31
6SWHY3HV,Western Star 5700XE,2010,CNG,0
QHS9CKHA,BYD 8TT,2000,LNG,11.22
A5VV4ADY,BYD 8TT,2012,LNG,13.24
47MXY5AV,Isuzu NPR,2014,CNG,11.81
XES7VNSI,Hino 268,2058,Petrol,16.85
1FZG5T2T,BYD 8TT,2024,Hybrid,21.44
RUXQJBTK,Rivian EDV,2006,Hybrid,19.24
71YUZRYD,Ram ProMaster,2013,Hybrid,20.62
26SWHIBZ,Hino 268,2009,LNG,10.95
6U2C0T3O,Thomas Saf-T-Liner,2008,LNG,13.24
8B29HG7Z,Ram ProMaster,2009,Diesel,10.25
0X3HSKQD,Chevrolet Silverado 4500HD,2026,Hybrid,15.87
SWBKOK3Q,Thomas Saf-T-Liner,2009,Diesel,11.13
BEFRDV64,Mack Anthem,2007,Petrol,14.35
R6X8YIU1,Arrival Van,2004,Petrol,7.17
ol2rtt2f,Thomas Saf-T-Liner,2013,Electric,5.78
WXD8J6BS,Hino 268,2024,Electric,5.4
DM6TFNS6,Tesla Semi,2025,Diesel,10.86
UAKTBW6P,Mercedes Sprinter,2022,Hybrid,17.56
HBIWG7PG,Hino 268,2004,Electric,3.39
RKQCREQF,Tesla Semi,2020,Electric,5.41
S4FW00R3,Mack Anthem,2005,LNG,7.69
6S86L9HP,Nikola Tre,2000,Petrol,17.44
,Nikola Tre,2007,Hybrid,12.85
57BQ0U75,Kenworth T680,2003,Diesel,8.74
300N8L81,Kenworth T680,2020,LNG,10.02
P0LVMZY,Western Star 5700XE,2016,Petrol,14.64
QIQ7UVMR,Nikola Tre,2010,Diesel,12.64
STUTGJ1N,Isuzu NPR,2002,Petrol,7.71
YQYREREL,Hino 268,2026,Diesel,14.04
T2TC8YBO,Freightliner M2,2011,Petrol,11.08
T9E66TVU,Chevrolet Silverado 4500HD,2006,LNG,11.71
ZBI0OII7,Nikola Tre,2014,LNG,10.74
XCM97SS0,International LT,2022,Hybrid,12.47
8E80ASUF,Ram ProMaster,2026,Petrol,9.84
PX1PSAI7,Blue Bird All American,2001,LNG,30
628CJ1NT,Hyundai XCIENT,2010,Petrol,7.61
UV2ZX1QF,Ford Transit,2008,Diesel,12.46
AW7Y7PHM,Thomas Saf-T-Liner,2002,CNG,14.25
ZCCBLSKR,Tesla Semi,2004,CNG,13.79
M73HC9JY,Thomas Saf-T-Liner,2017,Petrol,6.21
KEGDEZ18,Hyundai XCIENT,2001,LNG,12.94
F0GS6OER53S,Kenworth T680,2005,Electric,2.52
CHGV1VG7,Ford Transit,2011,Electric,25.09
ITO3FGU2,Thomas Saf-T-Liner,2014,CNG,"16,45"
UD30E47L,Ford Transit,2013,Hybrid,18.44
II7YZYG2,Blue Bird All American,2021,CNG,10.86
6XINX844,Isuzu NPR,2001,Hybrid,21
QBFON7V1,Peterbilt 579,2004,CNG,9.1
1C4MTHVP,Ram ProMaster,2025,Electric,7056.22
I9EXBNXD,Arrival Van,2023,Petrol,13.37
9KYJJZ3F,Freightliner M2,2026,CNG,14.58
TSKNU9XH,Mercedes Sprinter,2003,Electric,5.05
FXTGER3EXT497,Ford Transit,2017,Diesel,14.03
R7WIUO22,Rivian EDV,2014,Electric,26
7DDM6J9L,Hyundai XCIENT,2009,Petrol,8.0
0EMIU2DG,Kenworth T680,2019,Petrol,6.17
CLJXCMR5,International LT,2019,Electric,5.4
4AET38F1,Ford Transit,2003,Petrol,7.01
18UKIEUT,Hino 268,2026,CNG,8.53
  ZWKT0JE6  , Blue Bird All American , 2017 , CNG , 12.38 
YSF1WH00,Mercedes Sprinter,2008,Petrol,11.46
9Q68RTIG,Arrival Van,2022,Electric,2.81
OCTNS88L,Ford Transit,2015,Electric,23.79
4DE7NQWH,IC Bus CE Series,2006,LNG,7.48
D876D73M,Thomas Saf-T-Liner,2006,Diesel,13.02
H4N26VHU,BYD 8TT 中国,2006,LNG,9.48
9S2KO58M,Volvo VNL,2003,LNG,9499.4
2Y3C0EQ4,Freightliner M2,2012,LNG,11.44
JAU90FX8,BYD 8TT,2008,Diesel,14.02
U88YY5A3,Chevrolet Silverado 4500HD,2009,Petrol,11.62
NNNNNNNN,IC Bus CE Series,2025,CNG,11.85
AKXL19E7,Hyundai XCIENT,2020,Electric,25.52
IGBRI154,Ford Transit,2001,LNG,13.59
TT40PKCB,BYD 8TT,2021,Diesel,14.48
NWXBPL9K,IC Bus CE Series,2026,Electric,3.66
K22IJTB7,Rivian EDV,2009,Hybrid,20.38
K9IT5CVT,Rivian EDV,2026,Electric,3.28
5RO3OLM5,Ram ProMaster,2020,LNG,8.08
JQVIC0FO,Hino 268,2021,Electric,3.39
wivcvsf6,Ford F-750,2015,CNG,12.3
7HJMQDVJ,Western Star 5700XE,2010,Electric,-15.21
NH5B4GUU,Hyundai XCIENT,2000,LNG,12.42
OJRT1UJV,Mercedes Sprinter,2002,Electric,4.7
V17A5FH9,Isuzu NPR,2008,CNG,14.19
DVLZN3X1,IC Bus CE Series,2022,Hybrid,16.26
Y28YH8YB,IC Bus CE Series,2020,LNG,13.93
RGU62146,Blue Bird All American,2005,Diesel,12.16
CAZSCGX5,Thomas Saf-T-Liner,2036,LNG,13.89
0P0HZWCY,Ford F-750,2017,Petrol,13.23
5AI4324H,International LT,2017,Petrol,13.97
O1BJ9RM7,Thomas Saf-T-Liner,2005,Electric,4.88
JVOD3N5T,Hyundai XCIENT,2025,Electric,4.57
8D8JYPAK,Arrival Van,2014,CNG,8.16
U0IWCCXB,Blue Bird All American,2005,Hybrid,19.8
IY0WJE3G,Western Star 5700XE,2021,Hybrid,4227.53
FDFHJ05M,Thomas Saf-T-Liner,2011,CNG,13.57
  P8Y2AHIF  , BYD 8TT , 2010 , Diesel , 8.09 
R5D2TBAC,Volvo VNL,20/22,Electric,3.69
55JNBRXL,Hino 268,2019,CNG,8.06
48M2Q6X2,IC Bus CE Series,2000,LNG,13.58
IZFZMQP7,Ford Transit,2022,LNG,11.5
UY3OHI1N,"Freightliner M2, Heavy Duty",2016,Diesel,5.34
HK74MBBD,Arrival Van,2023,Hybrid,14.94
QVI096IP,Freightliner M2,2004,Diesel,8324.95
FWXEJ5MH,BYD 8TT,2026,Petrol,13.53
GO6ZUDO9,Freightliner M2,2013,CNG,13.46
8UQNEGP7,"Volvo
VNL",2013,Diesel,12.24
V32MHHKY,Peterbilt 579,2018,CNG,8.99
04ZOH25E,Ram ProMaster,2019,CNG,8.02
H8G8T922,Peterbilt 579,2023,Petrol,14.95
QQFGSR1S,Blue Bird All American,2025,LNG,9.32
UR20C2E1,Rivian EDV,2001,ELECTRIC,4.44
N8VZIBYW,Isuzu NPR,2003,LNG,8.59
395ERI8D,Ford F-750,2016,Hybrid,15.57
HKYIRKKB,Ram ProMaster,2021,LNG,9.15
NBCG,Western Star 5700XE,2012,CNG,9.82
0P2WAGHP,Freightliner M2,2021,Electric,4.54
SKHZTGBI,Volvo VNL,2020,Hybrid,11.78
6SC3LFQG,Western Star 5700XE,2020,LNG,13.2
11H3MAAX,Rivian EDV,2008,Diesel,9.57
FCNY64WU,Thomas Saf-T-Liner,2014,Electric,5.75
BUHXHPHH,Isuzu NPR,2017,Hybrid,19.19
GFDK0Q09,Hino 268,2021,Electric,4.2
7ZMYP2CH,Freightliner M2,2014,Electric,4.92
G79QZ2DT,Hino 268,2017,Hybrid,15.93
XL0URZ1P,International LT,2020,Hybrid,15.61
GPSSS2PF,Nikola Tre,2019,CNG,15.46
YN8ALMSY,Hyundai XCIENT,2022,Electric,4.21
WZSV6Y39,Chevrolet Silverado 4500HD,2026,Electric,4.74
ID4AYJU7,Thomas Saf-T-Liner,2016,Diesel,9.96
AGY2T9XX,Ford F-750,2012,Petrol,13.99
OHUJM4H8,Hino 268,2000,CNG,11.59
CP750RI6,Ford F-750,2008,Petrol,15.55
LI29O2NX,Freightliner M2,2015,Petrol,12.93
4EHTHUGX,Blue Bird All American,2005,CNG,12.14
0A0M3TZX,Chevrolet Silverado 4500HD,2018,Electric,5.88
NHKW9X6R,Mack Anthem,2001,Electric,2.51
NRCAVDSK,Chevrolet Silverado 4500HD,2026,LNG,13.0
YH00VIYL,Chevrolet Silverado 4500HD,2013,Diesel,13.05
CHM2LEFL,Nikola Tre,2013,Electric,5.21
VO4C23X5,Nikola Tre,2003,CNG,9.05
QYPY3JPY,Volvo VNL,2000,LNG,12.25
6B51DDY8,Kenworth T680,20/22,Hybrid,21.48
M2VC8BZB,IC Bus CE Series,2022,CNG,14.63
ZUB9DVTN,Ford F-750,2011,LNG,12.8
S710NUSG,Hino 268,2010,Electric,5.04
SSOWTYFG,BYD 8TT,2003,Electric,3.37
2ZKO0E49,Rivian EDV,2005,Hybrid,21.03
Q4HOAWQF,Mercedes Sprinter,2002,LNG,13.99
0LMBVSQO,Isuzu NPR,2020,LNG,12.45
1I81J2AB,Chevrolet Silverado 4500HD,2020,LNG,12.75
1U3QHOPT,Ford Transit,2017,Petrol,16.08
TNOWXZO4,Peterbilt 579,2008,Diesel,6.66
W04PDTII,Western Star 5700XE,2024,Petrol,7.46
ASG5FNYX,Ford Transit,2015,Hybrid,15.05
W582Z95S,Ford F-750,2009,Electric,2.65
7FJ72KPT,Ram ProMaster,2007,Diesel,8.46
1S3YHCR9,Tesla Semi,2000,Diesel,5.97
XHCGRYQY,Nikola Tre,2018,LNG,13.74
6O015O85,Mack Anthem,2017,Hybrid,11.54
  IUUT29Y3  , Hino 268 , 2010 , Diesel , 12.42 
3F8CG2LY,Ram ProMaster,2014,Electric,2.6
QCCK3QTM,Nikola Tre,2020,Electric,2.98
00000000,Arrival Van,2013,Electric,4.35
KRUZUBRW,Tesla Semi,2006,Petrol,6.08
YZW1GBOG,Kenworth T680,2018,Diesel,10.59
1MPLA10I,Volvo VNL,2019,CNG,14.27
Z5H2ZXGZ,Hino 268,2016,Hybrid,20.31
VV87SYRW,Freightliner M2,2006,CNG,9.63
5X0648NL,International LT,2016,Petrol,8.48
ZFS5324G,Hyundai XCIENT,2001,Hybrid,15.94
G6VDT593,Hino 268,2000,Diesel,13.85
GOCQ5S6Q,International LT,2000,CNG,14.02
GBNIUD1A,Tesla Semi,2022,Petrol,14.71
E1629090,Nikola Tre,2015,CNG,10.83
FIQG01PY,Kenworth T680,2001,Diesel,14.46
MM3H35SA,BYD 8TT,2017,Hybrid,21.1
JAJOWEMD,Ford Transit,2011,Electric,3.47
DXUK2H61,Ford Transit,2006,CNG,14.02
VTXBWTHW,BYD 8TT 中国,2011,Hybrid,10.61
ZWI87JLG,Ram ProMaster,2004,Electric,4.61
0TGO5AWL,International LT,2008,LNG,8.71
5JG1XYV4,Nikola Tre,2026,Diesel,6801.11
6NBMBKCN,Volvo VNL,2008,Electric,4.38
ACAOOZQ8,Isuzu NPR,2007,Hybrid,21
GP5LFKEM,Ford Transit,2022,LNG,12.84
GGSPAJLR,Kenworth T680,2017,CNG,11.1
TG3FSA8J,BYD 8TT 中国,2015,CNG,12.11
GOTUAMDB,Kenworth T680,2014,Diesel,11.02
LNP0UGDL,International LT,2020,LNG,7.28
21O2EAH0,Thomas Saf-T-Liner,2004,LNG,9.12
VDGWMQEB,Blue Bird All American,2010,Petrol,15.46
DPM0VGPC,International LT,2003,Electric,4.19
KNPHN1O9,Tesla Semi,2021,Petrol,15.06
KQI58NYI,Western Star 5700XE,2021,Petrol,17.79
I3WUG0RQ,Freightliner M2,2022,CNG,11.36
WD06GJ33,Nikola Tre,2008,LNG,7.74
GUU4E0GA,Volvo VNL,2019,Hybrid,10.94
88IFJI16,International LT,2014,Petrol,13.3
QXQ9KYLD,Mercedes Sprinter,2026,Hybrid,17.1
MRIDFNPA,Volvo VNL,2007,Hybrid,18.78
Z2ABPT2A,Western Star 5700XE,2025,Hybrid,19.72
93JFI0F5,Rivian EDV,2003,LNG,12
TIRD5ECF,Hino 268,2003,Hybrid,11.89
D0JBMJUF,Hyundai XCIENT,NULL,Hybrid,14.44
1ZQ8DAYD,BYD 8TT,2015,Electric,5.92
ABZHWPU9,Blue Bird All American,2014,LNG,9.17
,,,,
ORW3PHUP,Peterbilt 579,2023,LNG,10.09
0DRNPO1L,Tesla Semi,2017.5,Electric,2.72
W44W1AG9,Chevrolet Silverado 4500HD,2015,Electric,14.56
DW2MHT2I,6080,2026,Hybrid,13.9
973T87YM,Chevrolet Silverado 4500HD,2001,hybrid,16.62
3R0PY33D,Blue Bird All American,2001,Diesel,7.11
4X2H63DV,Blue Bird All American,2015,Hybrid,20.26
I9WU9S3L,Hino 268,2010,Electric,3.97
MJOWG5O8,BYD 8TT,2018,Diesel,10.0
W3OH8EIU,Mercedes Sprinter,2026,Diesel,7.86
B4DVTR4J,Ram ProMaster,2002,Petrol,
1YUTRJIR,Hyundai XCIENT,2010,Diesel,9.15
JHAXI328,Tesla Semi,2018,Petrol,6.54
SJRQVV0U,Kenworth T680,2000,Hybrid,N/A
7I0EGB0K,Hino 268,2012,Electric,4.38
7EEQTUL1,Mercedes Sprinter,2019,LNG,12.71
PYZA54JV,Ford Transit,2011,Diesel,14.31
Y3M84BCT,BYD 8TT,2020,CNG,10.23
YYDCM3T1,International LT,2010,Hybrid,15.2
4E3O5QRY,Thomas Saf-T-Liner,2021,Hybrid,20.91
O85VO1TK,International LT,2004,Diesel,9.93
0WG1857D,Freightliner M2,2024,LNG,11.67
YG4S3MEI,Tesla Semi,2007,Petrol,11.84
0RHJ457C,Ram ProMaster,1927,Diesel,12.51
PZK4JC4W,Blue Bird All American,2006,Petrol,6.23
CRZQOH1E,BYD 8TT,1980,Hybrid,18.83
TS1OB8DY,BYD 8TT,2008,Hybrid,13.13
1FH9W7DU,Thomas Saf-T-Liner,2023,CNG,14.24
1WADUI20,Nikola Tre,2003,Electric,3.81
Y1O8S2AX,Nikola Tre,2006,LNG,8.55
BNKX9DVN,Nikola Tre,2017,Diesel,14.54
QRXKY3L0,Mercedes Sprinter,2001,LNG,9.66
O4116SGS,Hino 268,2016,LNG,12.28
DCN8DMKJ,Hino 268,2014,LNG,7.12
10Q2LG1Z,Western Star 5700XE,2014,Electric,4.07
2R91N5FP,Isuzu NPR,2008,Electric,3.8
  QAUNGCJX  , Rivian EDV , 2011 , Petrol , 13.27 
y5wjm0f7,Arrival Van,2026,Hybrid,15.28
U2MDA7FY,Ram ProMaster,2009,Diesel,11.24
6WGLVSDR,Hyundai XCIENT,2033,Petrol,7.62
ELNGS4O3,Nikola Tré,2013,CNG,13.96
M80OWML9,Nikola Tre,2018,Hybrid,19.73
I6R,Ford Transit,2022,CNG,8.07
WBZ8W8A5,Ford F-750,2004,Petrol,17.62
ZHSSUZ1Q,Peterbilt 579,2022,Electric,4.89
K22L9D3BJ,Ford F-750,2021,Electric,5.77
WR7MBZ5C,Tesla Semi,2000,LNG,7.6
8JX36MOK,Peterbilt 579,2011,CNG,12.67
NOCQY3GT,Mercedes Sprinter,2024,LNG,7.82
N6XCYMEF,Rivian EDV,2010,Petrol,16.22
IY3BV3GI,BYD 8TT,2005,LNG,9.09
FS4KR68TOAMO0,Nikola Tre,2015,Diesel,5.55
R38EZ7ZA,IC Bus CE Series,2008,Diesel,10.77
XRWB8VNH,Nikola Tre,2026,H2,10.47
DMCYR1YW,Model XXXXXXXXXXXXXXXXXXXXXXXXXXXXXXXXXXXXXXXXXXXXXXXXXXXXXXXXXXXXXXXXXXXXXXXXXXXXXXXXXXXXXXXXXXXXXXXXXXXXXXXXXXXXXXXXXXXXXXXXXXXXXXXXXXXXXXXXXXXXXXXXXXXXXXXXXXXXXXXXXXXXXXXXXXXXXXXXXXXXXXXXXXX,2021,Electric,3.75
O8NM292M,International LT,2025,Electric,5.2
PVPOAUIR,Volvo VNL,2001,LNG,7.69
MLVHS21H,Kenworth T680,2017,Diesel,13.49
F72ITZOM,Ford Transit,2003,Electric,4.63
CNFKI68CFGN,IC Bus CE Series,2022,Petrol,6.66
FK84RPU9,Western Star 5700XE,2013,LNG,8.3
CEPNNR4X,Mack Anthem,1977,Electric,3.54
PCTD6RR2,Ford Transit,2016,Petrol,14.03
D6T0Z3KG,Freightliner M2,2005,LNG,7.15
GM5IXMEC,Ram ProMaster,2019,LNG,10.7
H1SFPJUT,Freightliner M2,2003,Petrol,17.6
CI6N43TR,Volvo VNL,2026,,4.82
F5B1SA3Y,Mercedes Sprinter,2017,CNG,13.69
LXQ380K8,Volvo VNL,2022,Hybrid,17.55
7DDJ7NRB,Hino 268,2011,Hybrid,15.18
MU2OKJLN,Tesla Semi,2005,Petrol,9.48
975VNFWY,Ford Transit,2009,CNG,14.01
67NF3C4W,Tesla Semi,2008,Electric,19.91
F5YXTQ9G,Thomas Saf-T-Liner,2003,Hybrid,14.49
US3TLHM2,International LT,2007,CNG,11.58
K38P6FVD,Western Star 5700XE,2009,Diesel,9.75
6XE3999X,Nikola Tre,2005,Hybrid,16.35
9H14X2C1,Peterbilt 579,NULL,Diesel,10.3
JJ3TWTBR,Mack Anthem,2011,Diesel,6.8
CFL15DBX,Nikola Tre,2011,Hybrid,11.81
KPVM1N331,Hino 268,2019,Hybrid,10.17
OSAQ3EQ8,Peterbilt 579,2001,Hybrid,12.62
9HYYCGVS,Thomas Saf-T-Liner,1999,LNG,8.39
GTL9Y66U,BYD 8TT,2025,Electric,3.85
5NBTI1NC,Nikola Tre,2025,LNG,12.25
HH4MPM60,Rivian EDV,2000,LNG,12.48
7IQRPICQ,Peterbilt 579,2021,LNG,9.03
RFEF3USX,Mercedes Sprinter,2003,CNG,9.06
36MMDRQ8,Tesla Semi,2009,LNG,10.19
LLLLLLLL,Kenworth T680,2008,LNG,7.06
T07IJIEX,BYD 8TT,2006,LNG,11.53
IPWH0MX1,Peterbilt 579,2001,Diesel,6.68
RY09SGWN,Nikola Tre,2011,Diesel,12.96
M3SGUR4P,Tesla Semi,2020,Petrol,16.83
QGDNQLBA,BYD 8TT,2004,Hybrid,18.12
T3ZA2EDY,International LT,2002,Electric,4.1
AN1MFB7U,Blue Bird All American,2014,Petrol,14.19
TINEWKZU,Blue Bird All American,2001,Hybrid,10.68
1M3YL7WC,Ram ProMaster,2025,Petrol,12.35
PRJOXY3S,Hino 268,2017,LNG,11.3
ER4KMUSO,Rivian EDV,2025,Diesel,6.07
WLOK7GBU,Mercedes Sprinter,2001,Petrol,9.98
OXIL6RSO,Mack Anthem,2016,CNG,11.94
DLRYE89F,Hyundai XCIENT,2015,CNG,11.82
EFPM4UR5,Blue Bird All American,2000,Hybrid,17.23
SAMB772F,Mack Anthem,2024,CNG/LNG,3.26
4HFP1FSQ0A,IC Bus CE Series,2019,Diesel,10.63
RHZWGLEQ,International LT,2001,ELECTRIC,22.0
!@#$%,Ram ProMaster,2013,Electric,5.39
ZI9YT4S8,BYD 8TT,2006,CNG,9.92
T0A573HX,Volvo VNL,2022,Electric,5.84
9VMVHUXO,Rivian EDV,2018,Petrol,7.45
1 OR 1=1,Tesla Semi,2003,Diesel,8.57
7IXXMKTL,Ram ProMaster,2004,Diesel,10.7
UFF124VF,Ram ProMaster,2015,LNG,11.57
C5RL8HUC,Hyundai XCIENT,2026,Electric,5.47
YXY12O5M,Chevrolet Silverado 4500HD,2015,CNG,9.68
JR8MTK0R,Ram ProMaster,2012,LNG,13.46
VZAYB201,IC Bus CE Series,2015,CNG,10.14
BADPH2RS,Freightliner M2,2024,Diesel,11.91
XMVQD3CS,Ford Transit,2022,Hybrid,11.57
7V7JMKJL,IC Bus CE Series,2007,CNG,8.68
RFLJM3KA,Mack Anthem,2006,Electric,5.18
XD06JGYP,Blue Bird All American,2023,Petrol,15.64
EHW9RH3L,Blue Bird All American,2017,LNG,11.89
M0Y8DLVQ,Thomas Saf-T-Liner,2017,CNG,11.45
H7ZIYWGH,Hyundai XCIENT,2026,CNG,12.99
CVSAAXESW,BYD 8TT,2011,Diesel,5.37
D3UYH8G0,Ram ProMaster,2022,Electric,5.86
F7B7PY0T,Peterbilt 579,2010,Diesel,11.04
XWCRROEG,Mack Anthem,2001,LNG,11.21
K6O81YRI,Kenworth T680,2013,Petrol,13.22
E1YAY,Western Star 5700XE,2000,Hybrid,13.12
PM9ZP2MM,Freightliner M2,2025,Hybrid,18.09
C75EHEC7,Rivian EDV,2012,lng,8.65
D03ENDQ7,Ford F-750,2017,Hybrid,0
Z72B3J09,Ford Transit,1974,Hybrid,11.17
Q3N0AK74,Western Star 5700XE,2008,Petrol,16.12
5MY51ZSY,Thomas Saf-T-Liner,2025,Diesel,14.52
V04B6U5C,Ford F-750,2015,LNG,9.55
VECO9DCG,Peterbilt 579,2008,Petrol,15.54
OLL869B8,Western Star 5700XE,2015,Diesel,9.69
QPIGN2UP,International LT,2008,LNG,13.38
F50OJQRL,International LT,2005,LNG,13.38
72MWHYGX,Mack Anthem,2024,Hybrid,21.49
WI449XCG,IC Bus CE Series,2005,Hybrid,11.27
SBZH4822,Ram ProMaster,2026,CNG,13.02
Z7RC5LG6,Kenworth T680,2019,CNG,8.08
I5OFVHDV,Chevrolet Silverado 4500HD,2020,Hybrid,13.36
8WU32CN2,Blue Bird All American,2022,LNG,11.67
MSQN9R3V,Mack Anthem,2020,Diesel,5.36
QX495AJG,Freightliner M2,2015,Petrol,12.46
WRCQLA6M,Arrival Van,2013,Diesel,10.5
RNCHCO3L,IC Bus CE Series,2005,Hybrid,20
ZL30HJR8,BYD 8TT,2015,Diesel,6.21
UEK3DS0P,"Volvo
VNL",2008,Diesel,6.41
3R3YS9H2,Blue Bird All American,2021,Diesel,"5,67"
MAITYCSK,Ford Transit,2000,CNG,12.94
ZPLN1QVH,Blue Bird All American,2002,Diesel,5.27
IGCTBNCH,Arrival Van,1929,Petrol,12.81
O1QA757S,Ram ProMaster,2009,Hybrid,21.17
4WBT8CL2,BYD 8TT,2012,Petrol,7.94
XECTS8HS,Peterbilt 579,2023,Petrol,9.41
0HDGAVKB,Thomas Saf-T-Liner,2006,CNG,8.32
OITCA2FY,Nikola Tre,2003,Electric,3.89
8ML948U3,Chevrolet Silverado 4500HD,2002,CNG,11.56
I22KX7N8,Arrival Van,2010,Diesel,14.66
9PEKQPOI,Ram ProMaster,2001,petrol,12.91
7ZI6GAXL,Ford F-750,2015,Petrol,9.36
5PQY3RDL,Rivian EDV,2023,Electric,3.5
TPT374KI,Ram ProMaster,2016,LNG,9.98
P6MKT7S1,International LT,2024,Petrol,7.13
2E9J5N2K,Peterbilt 579,2005,Electric,"8,7"
1WMCO7PV,Ford F-750,2019,CNG,inf
H8S2GT30,Western Star 5700XE,2026,Petrol,6.75
LBPREC5Y,Mack Anthem,2001,Petrol,7.82
JM7VUQP5,Ram ProMaster,2026,CNG,11.16
4JMHVK8S,Ram ProMaster,2008,CNG,11.83
ZU2DFRGD,Peterbilt 579,2011,Electric,5.43
6WZ8L6M5,Hyundai XCIENT,2009,CNG,11.28
8F6A17J6,Rivian EDV,2022,Electric,3.81
B2EAJPQ5,Thomas Saf-T-Liner,2019,Petrol,6.71
S6CI0UBF,Hino 268,2026,Electric,3.42
,,,,
4KKF9J3J,Thomas Saf-T-Liner,2005,Hybrid,21.99
FVTEC90K,Volvo VNL,2024,Petrol,15.99
8ACJHAT9,Freightliner M2,2022,Hybrid,18.3
NS4GDV96,IC Bus CE Series,2026,CNG,0
QHBSHDTW,Ford F-750,2024,Electric,4.77
O3NDDVED,IC Bus CE Series,2019,CNG,15.42
L6QKLRYP,Chevrolet Silverado 4500HD,2016,CNG,8.24
ES995WVB,Mercedes Sprinter,2025,CNG,13.01
SCGH011X,International LT,2004,CNG,9.38
NULL,Arrival Van,2017,Electric,5.48
1MALNU6B,Arrival Van,2011,Electric,5.11
PJD53SOB,Peterbilt 579,2007,Hybrid,13.09
60C5YFN3,"Freightliner M2, Heavy Duty",2009,Petrol,9.32
ZGNL0NM6,Thomas Saf-T-Liner,2019,Electric,2.63
OJ7G4EBC,Blue Bird All American,2026,Hybrid,13.58
,Blue Bird All American,2008,CNG,12.73
RVCH78BA,"Freightliner M2, Heavy Duty",2008,Diesel,5.37
LHRX5M8N,Rivian EDV,2005,Electric,4.6
T54884Z4,Tesla Semi,2014,Petrol,11.88
AXY2NZ5X,Blue Bird All American,2024,Electric,5.98
RDV1L303,Isuzu NPR,2013,Petrol,8.62
V1PUB4YI,Chevrolet Silverado 4500HD,2006,Electric,3.13
Y4UJUGRX,Thomas Saf-T-Liner,2005,Diesel,14.1
DRTQL7YE,Chevrolet Silverado 4500HD,2012,Petrol,10.94
RRV501EV,International LT,2001,Electric,4.55
VN3OM84J,"Volvo
VNL",2001,LNG,9.43
5ECNPPTB,Mercedes Sprinter,2058,Petrol,10.22
YSWM6DC8,Hino 268,2019,Electric,5.28
EBCXIIJC,Peterbilt 579,2003,Hybrid,12.22
QY886LJX,Peterbilt 579,2010,Diesel,6.91
R5OBV5T3,IC Bus CE Series,2023,CNG,11.01
00000000,BYD 8TT,2026,Electric,4.19
GTNTXLRZ,Hino 268,2005,Electric,5.18
K0RCSFKJ,Rivian EDV,2000,Hybrid,15.52
SOS7DPI1,International LT,2013,Hybrid,10.37
5R3EGZNO,Peterbilt 579,2020,Electric,17.79
AE21761J,Thomas Saf-T-Liner,2026,Diesel,5.43
E8A54HBP,Western Star 5700XE,2006,Diesel,12.71
2QFJP2PN,Ford F-750,2022,Hybrid,11.27
96UPB22O,Blue Bird All American,2017,CNG,13.41
DIDJBZ3G,Hino 268,2091,Hybrid,10.8
MXQRVGS4,IC Bus CE Series,2002,Diesel,14.99
ZVWZBRN5,Mack Anthem,2008,Diesel,14.19
GE4QXXVA,Chevrolet Silverado 4500HD,2007,Petrol,17.87
5BOV3036,Volvo VNL,2013,Electric,5.4
H6C6IWMG,Nikola Tre,2016,CNG,10.59
VT1RK7F6,"Freightliner M2, Heavy Duty",2007,Petrol,11.92
ZTPZMNS7,Chevrolet Silverado 4500HD,2023,LNG,11.19
MVNO9I1S,Hyundai XCIENT,2020,CNG,11.51
8CG90MX7,Freightliner M2,2010,Diesel,5.57
WZ6DTVLD,Thomas Saf-T-Liner,2023,Electric,4.87
8KX7G9S0,Western Star 5700XE,2003,Diesel,5.87
POZBLZD3,Hyundai XCIENT,2021,Hybrid,21.17
1ILW9QAN,Freightliner M2,2021,Diesel,8.62
IMLX6VYM,Mercedes Sprinter,2022,Petrol,8.22
613CHZIN,Ford F-750,2012,Hybrid,13.47
U5R7W7XP,Hino 268,2018,Hybrid,20.86
O0WV9KHS,"Freightliner M2, Heavy Duty",2026,Electric,5.35
OQ6KXAYF,BYD 8TT,2003,LNG,11.71
IZ8VDK2U,Kenworth T680,2007,ELECTRIC,17.06
BND1XYO3,Hyundai XCIENT,2026,Petrol,6.48
RN4FLHW3,Kenworth T680,2015,Diesel,7.13
7F7NHWIC,BYD 8TT,2010,CNG,12.95
DRPIGMWC,Blue Bird All American,2025,Diesel,14.24
5WUIH2JY,Western Star 5700XE,2025,Diesel,9.72
9C245O7O,Western Star 5700XE,2006,Electric,2.98
WWWWWWWW,Ram ProMaster,2009,CNG,10.1
KAYWQ9P9,Volvo VNL,2008,Electric,2.81
HUF27CFN,Hino 268,2011,LNG,13.24
5JDHMBZX,Isuzu NPR,2022,Petrol,17.48
5OW3DD83,Hyundai XCIENT,2014,CNG,14.07
XYPHWHM5,Arrival Van,2007,Diesel,9.9
709NWA65,Rivian EDV,2023,CNG,12.21
UHGPJNVW,Ford Transit,2016,Diesel,11.57
3D92IOFO,Thomas Saf-T-Liner,2002,CNG,8.06
UIET2ELL,Arrival Van,2000,CNG,15.94
35SJ3HJD,International LT,2017,CNG,12.89
KPWDMJ3Z,Hyundai XCIENT,2026,LNG,13.51
RZ83XPB5,Volvo VNL,2004,Petrol,6.04
RUTUHUZO,"Freightliner M2, Heavy Duty",2020,CNG,10.25
3F87LCHJ,Tesla Semi,2016,CNG,15.97
06M5L1MO,Mercedes Sprinter,2022,Hybrid,19.59
ILM1GWLE,Kenworth T680,2013,CNG,10.9
7HCQ43AA,Western Star 5700XE,20 22,LNG,8.2
D7VPVH9W,IC Bus CE Series,2006,Hybrid,13.02
UZO75074,Hino 268,2007,CNG,14.96
XAAD0XH2,Blue Bird All American,2004,CNG,9.41
ZFDSNCZX,Nikola Tre,2003,Electric,3.68
QQ6HZOJX,Rivian EDV,2026,LNG,8.96
WAPFM0LJ,Isuzu NPR,2003,Hybrid,19.9
4ACC224R,Isuzu NPR,1948,Electric,3.09
VZCXSRKN,BYD 8TT,2016,Diesel,8.84
W0ZGIJ0M,Rivian EDV,,Hybrid,18.3
GKL4BLQJ,Rivian EDV,2025,Petrol,14.7
C7C916S9,Ford F-750,2000,Petrol,9.49
4QV963OM,Rivian EDV,2001,Electric,2.64
ZHF0JAHZ,IC Bus CE Series,2026,Petrol,14.46
CIEV35U7,Peterbilt 579,2017,Hybrid,N/A
M1D0RIEI,Ram ProMaster,2004,Diesel,7.02
ZO6RYXJC,Mercedes Sprinter,2026,Electric,3.84
17CT5CT5,IC Bus CE Series,2017,Electric,26.79
VZEO2JUX,Volvo VNL,2024,Diesel,9.01
0AY5TDRW,Rivian EDV,2004,Electric,4.48
TKVWHP67,Volvo VNL,2016,CNG,8.88
QT3DGD8O,Thomas Saf-T-Liner,2006,Diesel,9.02
HKJEHT8T,9832,2012,Electric,4.66
  CJ6S8WMR  , Nikola Tre , 2025 , CNG , 15.58 
YX8HBBJC,Peterbilt 579,2008,CNG,9.81
GZ3FPXRT,Rivian EDV,2013,Hybrid,17.5
6TOMATVH,Arrival Van,2020,Diesel,6.82
PRGYGO2Y,Thomas Saf-T-Liner,2003,CNG,14.42
2VAADVER,Ram ProMaster,2003,Hybrid,16.42
0PJOEWXL,Western Star 5700XE,2017,LNG,11.54
XEHTTUWX,International LT,2001,Diesel,7.78
P5KZZRCL,Blue Bird All American,2000,Electric,4.6
38AYIX6X,Western Star 5700XE,2024,Hybrid,12.24
FY5D3JGQ,Peterbilt 579,2024,Petrol,11.25
2A00DXA5,Nikola Tre,2015,Hybrid,14.91
GSGCJ2TJ,Ford Transit,2023,LNG,7.06
R5DT2V6K,Arrival Van,2017,Hybrid,17.69
AVX4IQ2E,Volvo VNL,2007,LNG,9.55
ZIO900YS,Ram ProMaster,2005,Diesel,8.13
2E1JX398,Chevrolet Silverado 4500HD,2022,Diesel,12.5
HQOA,Hyundai XCIENT,2016,Electric,5.14
66NFVUIN,Nikola Tre,2010,Hybrid,17.59
5C5JO5L0,Peterbilt 579,2011,Hybrid,12.05
KEAIV6ZB,Isuzu NPR,2007,Diesel,-inf
G5DM12HO,Ford F-750,2000,LNG,11.85
  H6B2HF5Q  , Ford Transit , 2010 , LNG , 11.41 
VIMOFMAQ,Mack Anthem,2026,CNG,11.12
UCP3T7XL,"Freightliner M2, Heavy Duty",2026,Petrol,6.64
UYT9OPBF,Ram ProMaster,2001,CNG,10.34
QNR2IN7S,Ford Transit,2000,Petrol,13.03
JTUF57FM,Volvo VNL,2004,Petrol,10.07
70SOMLNK,Freightliner M2,2015,CNG,11.95
BN5ZUL2E,Mack Anthem,2007,Petrol,6.28
QTNNX08X,Mercedes Sprinter,2003,Electric,4.43
DZPJL9R9,Hino 268,2023,LNG,9.52
9LAACOSY,Blue Bird All American,2007,Hybrid,18.7
IL5GY2GN,Hino 268,2022,LNG,11.59
9OQAGRWG,Nikola Tre,2026,Diesel,9.05
WKVIL30Z,Volvo VNL,2006,CNG,11.2
ZFUUZWP4,Thomas Saf-T-Liner,2002,CNG,14.92
LC8S4ZMZ,"Freightliner M2, Heavy Duty",2012,Petrol,6.15
ADH8TNYO,Peterbilt 579,2018,Diesel,12.63
1EDC8XQY,Nikola Tre,2002,CNG,11.67
LWLS8KAN,Peterbilt 579,2005,Electric,3.44
35ID6KOZ,Ford Transit,2001,Electric,2.86
43IRGM5D,Ford F-750,2007,Petrol,10.71
E6IFKATV,Peterbilt 579,2006,CNG,14.4
F6RJIVG6,Ram ProMaster,2007,Electric,-2.47
QV8ONBL7,Ford Transit,2010,Diesel,11.98
R469YZWZ,Chevrolet Silverado 4500HD,,Hybrid,15.0
1AZP87I1,Nikola Tre,2025,CNG,8.4
A49XUD9R,Ram ProMaster,2021,Electric,5.73
XRQLOTEF,Arrival Van,2009,Diesel,14.64
W4GZ0BJ5,Tesla Semi,2025,Petrol,10.22
M6S7G67A,BYD 8TT,Year2022,CNG,13.94
3IWUG6RT,Ford Transit,2015,Hybrid,11.62
2WW3SEVZ,Hino 268,2000,CNG,11.39
CJZOY08W,Thomas Saf-T-Liner,2008,Diesel,5.28
IADDUR82,Kenworth T680,2023,Petrol,14.68
N20PY43V,BYD 8TT,2018,Diesel,12.73
ISNKTKP2,Thomas Saf-T-Liner,2001,Hybrid,17.98
YOC03F12,Thomas Saf-T-Liner,Year2022,Petrol,8.21
09xwtrv0,Ford F-750,2023,Diesel,13.67
UHF4NII4,Volvo VNL,2007,LNG,9.61
P57GCF9E,Nikola Tre,2009,CNG,10.26
Q40ZB00Y,Ford Transit,2008,Petrol,9.66
REASFEN0,Volvo VNL,2023,Diesel,11.39
EFCD5Q6T,Isuzu NPR,2042,LNG,9.79
8F4P828J,Arrival Van,2008,Diesel,8.07
J77RUEOC,IC Bus CE Series,2008,Electric,3.39
E161JHUZ,Tesla Semi,2018,LNG,9.7
5J6A40,Isuzu NPR,2008,LNG,12.35
M8ECKC54,Nikola Tre,2015,LNG,13.46
LIRHXRHG,Tesla Semi,2020,LNG,11.39
8VQNUBBW,Kenworth T680,2023,Hybrid,16.58
VHT828O6,IC Bus CE Series,2020,Petrol,12.11
1'; DROP TABLE vehicle_registry;--,Blue Bird All American,2015,Diesel,8.35
AILKTGFT,Kenworth T680,2003,CNG,13.71
  C0NH0ZO9  , Blue Bird All American , 2002 , Petrol , 16.5 
087SSPW5,Mack Anthem,2006,CNG,12.67
J3L9R5QQ,Kenworth T680,2025,CNG,9.94
VAG8OUTE,Arrival Van,2002,Hybrid,11.2
fmujrp5r,Western Star 5700XE,2000,Electric,4.64
UIRODXMO,Volvo VNL,2021,Electric,4.79
EWK3VGD3,Hyundai XCIENT,2016,LNG,8.4
J403CNFU,Western Star 5700XE,2003,CNG,11.36
7YQ61MYR,Chevrolet Silverado 4500HD,2026,Petrol,6.68
H83J0NPH,Western Star 5700XE,2026,Hybrid,13.4
DRD2FXLG,Mercedes Sprinter,2020,Electric,4.37
6LTHET25,Ford F-750,2022,Petrol,14.46
jof5mrtn,Hino 268,2003,Petrol,10.3
ANDTQYPI,Kenworth T680,2010,Hybrid,17.37
BQ6ODF1M,Blue Bird All American,2012,LNG,8.04
O5XXY6WK,Western Star 5700XE,2023,Petrol,13.25
HJFLHYKR,Freightliner M2,2025,Hybrid,21.07
AMT3WJQ3,Mercedes Sprinter,2013,Electric,4.51
OCQJR6VH,Arrival Van,2011,LNG,13.35
GCKNHYVA,Mack Anthem,2010,LNG,8.5
N2OJGFHZ,Ram ProMaster,2014,Electric,4.26
TUF8CYOT,BYD 8TT,2023,Electric,3.09
WOBX7HLR,Isuzu NPR,2023,CNG,8.87
4EPIBAQY,Mercedes Sprinter,2008,CNG,15.36
2ZBPPFO5,Blue Bird All American,2017,Petrol,10.5
022WGN51,Blue Bird All American,2015,LNG,10.63
SQR2MQCX,BYD 8TT,2023,Hybrid,28
273HB6US,Ram ProMaster,2022,LNG,12.15
0NXU43IE,Kenworth T680,2003,Hybrid,11.07
ZKO0WP61,BYD 8TT,2012,LNG,12.55
F1MHHQVH,Kenworth T680,2021,Electric,4.66
LAQNLA8L,Hino 268,2006,LNG,8.98
TBD3SJW1,Tesla Semi,2017,Diesel,11.8
U7OT62HB,Freightliner M2,2001,CNG,14.56
1PBA6RJT,Ford Transit,2011,Hybrid,13.45
J6C119KC,Chevrolet Silverado 4500HD,2007,Electric,4.78
54PW1VAO,Tesla Semi,2001,Diesel,6.53
V76NHRU8,Kenworth T680,2010,LNG,11.64
95ABZ76N,Mercedes Sprinter,2013,Electric,5.08
RVWU3LMY,Chevrolet Silverado 4500HD,2008,LNG,11.58
TNQETMNI,Ford Transit,2006,Hybrid,19.53
8HEHWQEE,Nikola Tre,2023,CNG,14.04
BZT0U1M8,IC Bus CE Series,2003,Diesel,13.85
QSK3YKKD,Peterbilt 579,2012,CNG,14.01
2WSPOFV1,Peterbilt 579,2003,CNG,12.5
F010AIAO,Hino 268,2026,Petrol,7.15
877W0L4Z,International LT,2002,Petrol,7.97
P2UX7WDE,Freightliner M2,2006,Diesel,8.59
BX6ADLOR,Ram ProMaster,2022,Petrol,14.29
S4A4C806,International LT,2002,Electric,2.58
M1BWYE6Q,Nikola Tre,2016,Hybrid,11.62
EKQUFN92,IC Bus CE Series,2005,Petrol,14.83
Z05NZX6X,Peterbilt 579,2000,LNG,11.28
YZI13M29,9882,2026,Hybrid,20.49
EWUFL10O,Hino 268,2002,CNG,12.21
!@#$%,BYD 8TT,2012,Hybrid,21.13
6NSCUIEC,Isuzu NPR,2026,LNG,11.88
E23WH6PR,Freightliner M2,2025,Diesel,11.46
6YULND7U,Arrival Van,2021,Hybrid,17.69
OITBTOBA,Hino 268,2007,LNG,9.36
CXAJR00F,International LT,2005,Hybrid,10.6
F4V558YP,Isuzu NPR,,LNG,11.92
WWKKPFFW,Thomas Saf-T-Liner,2013,Petrol,8.12
MJYGQ6ZC,Hino 268,2009,Petrol,15.54
URU4CDRE,N/A,2007,Petrol,11.24
IWF9THOD,IC Bus CE Series,2022,Diesel,6.85
65ZNT6YC,Western Star 5700XE,2023,LNG,10.63
RV621WIS,Western Star 5700XE,2007,Petrol,16.69
GSCBY9XW,Isuzu NPR,2020,Diesel,11.66
UFY1WRC2,BYD 8TT,2011,LNG,12.88
PQ3C4R1O,Volvo VNL,2022,Diesel,6.17
2U1IQ2BA,Hino 268,2003,Diesel,5.74
57X8YP1F,Tesla Semi,2018,Diesel,13.12
7O0GXAPL,Isuzu NPR,2015,LNG,7.14
  KILCWSXJ  , Chevrolet Silverado 4500HD , 2017 , CNG , 9.91 
M9IQBQ9J,International LT,2006,Hybrid,16.7
ZULGTDT2,Ram ProMaster,2018,Hybrid,12.29
GDYEL02X,Thomas Saf-T-Liner,2023,CNG,9.74
8LCHAPOR,Ford F-750,2000,CNG,12.87
NGQEMYS3,Ford Transit,2026,Diesel,12.38
LJA6I2B3,Mack Anthem,2005,LNG,9.49
KACCRNCI,Mercedes Sprinter,2009,CNG,14.02
GJEUHO6A,Nikola Tre,2018,Hybrid,16.36
72ZT542Q,Blue Bird All American,2002,Petrol,13.48
QIJ88AGT,Isuzu NPR,2008,Diesel,11.38
6D86ZCHH,Hyundai XCIENT,2019,CNG,8.12
BQ2N9CWY,Peterbilt 579,2008,Diesel,7.16
9A7B726E,BYD 8TT,2017,CNG,15.42
LUX4L863,Freightliner M2,2024,Hybrid,16.9
1JOVDKQM,Ram ProMaster,2000,Hybrid,19.04
TOEZ1FVW,Nikola Tre,2012,Petrol,8.88
QEXS01HL,Hino 268,2004,LNG,8.94
7FSVEEGS,Arrival Van,2021,Electric,3.33
ZE9ZWVIH,Hyundai XCIENT,2010,Electric,5.98
G535I7RF,IC Bus CE Series,2006,Electric,4.38
ZTCNHDMW,Kenworth T680,2021,LNG,13.85
RG870SB9,International LT,2021,Electric,4.92
FDZ1X7RM,Ford Transit,2024,Electric,3.92
PSNT9W3J,Isuzu NPR,2000,Petrol,7.8
EE1R0W22,Arrival Van,2013,LNG,9.04
QKWMTKEI,BYD 8TT,2020,Hybrid,0
0WOEKWKG,Hyundai XCIENT,2006,CNG,15.01
G1TPD7LS,Arrival Van,2025,Electric,3.13
39AYQ6WW,Volvo VNL,2021,Electric,5.6
5SYDN7MC,IC Bus CE Series,2021,Electric,2.85
VS0GENRJKB,Chevrolet Silverado 4500HD,2013,Diesel,6.37
M280A5BQ,IC Bus CE Series,2005,Hybrid,21
TW6R9RUC,Chevrolet Silverado 4500HD,2005,Petrol,9.87
5WSEVI9V,Hino 268,2014,CNG,14.41
2O2C78KKPHHWWHBF,Isuzu NPR,2010,CNG,8.3
S6764CAQ,Ford F-750,2011,Hybrid,11.29
GL2ZXJMY,Chevrolet Silverado 4500HD,2015,Diesel,9.63
RQU4X965,,2009,Electric,3.82
39CYK4U9,Western Star 5700XE,2010,Petrol,10.96
F7S00WMW,Rivian EDV,2006,Diesel,10.55
NUF8Z3HJ,Peterbilt 579,2022,Petrol,10.32
UZRHP6N5,Hyundai XCIENT,2057,LNG,8.66
A2IID9FV,Kenworth T680,2014,Electric,2.95
IY170M5O,Chevrolet Silverado 4500HD,2009,CNG,0
VTZWTKGV,Peterbilt 579,2005,Electric,-inf
L9BGDYBO,Hino 268,2005,CNG,15.08
3ZCGYCZ9,Rivian EDV,2010,LNG,11.06
17EQ0H90,IC Bus CE Series,2003,Petrol,11.59
9,Isuzu NPR,2006,Hybrid,19.21
PWP33CNJ,Rivian EDV,2022,CNG,8.29
HDP7FSAB,Mercedes Sprinter,2009,LNG,12.61
8XO9UKE2,Chevrolet Silverado 4500HD,2009,Electric,3.0
6T60D5GX,BYD 8TT,2000,CNG,unknown
0T5FXPMD,Rivian EDV,2001,Petrol,16.04
4WTFOO53,Mercedes Sprinter,2015,Electric,3.92
SEAO8ROJ,Hyundai XCIENT,2017,Electric,4.59
OZUVHKG4,Chevrolet Silverado 4500HD,2025,Petrol,6.35
JUQ7X7B7,Thomas Saf-T-Liner,2013,Electric,3.46
L87PSCH8,Ford Transit,2006,LNG,13.54
QBFVQHOE,IC Bus CE Series,2015,CNG,13.31
BOHE8Y37,Western Star 5700XE,2003,Electric,4.34
2OIK2ZJR,Blue Bird All American,2005,LNG,12.1
HFKW95FU,Mack Anthem,2003, CNG,7.08
5ZOBSHO8,Ford Transit,2003,Petrol,15.76
57HW7ZOG,4752,2019,LNG,13.94
MGATND9T,Ford F-750,2004,CNG,9.46
W518X8UPFRAT,Hyundai XCIENT,2000,Electric,4.47
Z36SY0OC,Nikola Tre,2012,Hybrid,13.85
84OTYBC6,Western Star 5700XE,2001,CNG,9.53
MOV5F948,Ford F-750,2014,CNG,14.43
1KP2GVPG,International LT,2023,Petrol,6.65
PKHEOZY5,Tesla Semi,2026,LNG,13.46
GL30VXCU,Freightliner M2,2020,Petrol,9.88
3TJ44R0S,Isuzu NPR,2009,Electric,3.09
6SQDRT21,Thomas Saf-T-Liner,2050,Electric,3.76
R1NAZGEZ,Western Star 5700XE,2017,Diesel,12.24
4M306IJ6,International LT,2016,LNG,12.79
Z7BHT5JX,Mack Anthem,2016,LNG,11.92
C30IDMEE,Hino 268,1976,Petrol,9.91
8UTM4GVV,Ram ProMaster,2015,Petrol,7.18
HHLDA2UX,Thomas Saf-T-Liner,2026,LNG,11.74
KAB4RT3K,BYD 8TT,2000,Petrol,12.85
FK2076VM,Peterbilt 579,2026,Hybrid,14.41
MXNGHIRE,Blue Bird All American,2026,Diesel,12.3
ZVYM63YW,Kenworth T680,2015,Electric,3.7
G9JBD25O,Ram ProMaster,2007,LNG,13.09
4LIB1X56,Hyundai XCIENT,2041,CNG,9.29
ORXO1BDJ,Peterbilt 579,2024,Petrol,10.85
CBBG8PRK,Mercedes Sprinter,2016,Petrol,14.96
HCG2B7QV,Ford Transit,2012,Hybrid,17.68
PWB0F4X6,BYD 8TT,2019,LNG,11.61
6O8BJMIG,Hino 268,2020,CNG,15.31
00ML2NYD,International LT,2014,Petrol,6.25
ICED383P,Thomas Saf-T-Liner,2003,Hybrid,16.34
0OZS6G9J,Isuzu NPR,2011,Petrol,17.45
BNVFOLP6,Chevrolet Silverado 4500HD,2005.8,Petrol,10.93
AB17ZIAF,Ram ProMaster,2024,Electric,4.89
JZXZJ2FO,Peterbilt 579,2015,Petrol,8.86
IRK1GW5V,International LT,2002,Electric,4.99
48WVMJAE,Blue Bird All American,2012,Diesel,9.92
EV6VW2TE,Blue Bird All American,2002,Hybrid,19.66
WN1DC7K2,Thomas Saf-T-Liner,2009,Electric,3.58
YC0KLR71,International LT,2025,Petrol,14.39
4440WE0V,Kenworth T680,2014,Petrol,16.45
BBPAE7EB,Mercedes Sprinter,,CNG,13.86
<script>alert(1)</script>,Arrival Van,2001,LNG,10.99
JNSPSKTR,Kenworth T680,2008,Petrol,8.04
5ZWOIO65,Hyundai XCIENT,2011,Hybrid,10.48
F0PY5767,Mack Anthem,2012,Petrol,10.28
7FXI8IQ0,BYD 8TT,2011,Diesel,6.62
TNA623BR,Freightliner M2,2003,CNG,8.05
E73QL46C,Hyundai XCIENT,2022,Diesel,19
j3784mce,IC Bus CE Series,2003,Petrol,17.31
KUZUX887,IC Bus CE Series,2005,LNG,7.45
352C4XA7,Arrival Van,2005,Diesel,5.97
043Y8FXR,Rivian EDV,2002,LNG,7.08
R5LYOB,Ram ProMaster,2015,Hybrid,18.26
UGUO0A6L,Volvo VNL,2012,CNG,8.81
UC00IG3L,Blue Bird All American,2015,Electric,4.99
PBQEW25E,IC Bus CE Series,2023,Electric,4.45
IKJBL42Y,Nikola Tre,2011,Diesel,NaN
Y6XFV7RD,International LT,2002,Hybrid,11.07
9O25WIET,Mercedes Sprinter,2016,CNG,15.3
IVZHSYHA,Model XXXXXXXXXXXXXXXXXXXXXXXXXXXXXXXXXXXXXXXXXXXXXXXXXXXXXXXXXXXXXXXXXXXXXXXXXXXXXXXXXXXXXXXXXXXXXXXXXXXXXXXXXXXXXXXXXXXXXXXXXXXXXXXXXXXXXXXXXXXXXXXXXXXXXXXXXXX,2000,Hybrid,21.08
LQZ2V4Z6,Mack Anthem,2011,LNG,12.78
PM318GIY,Ford Transit,2011,LNG,9.72
OEARNWAW,Thomas Saf-T-Liner,2003,Petrol,17.24
I7QEQKFO,Blue Bird All American,2025,Petrol,15.36
LT4U6O3L,Mercedes Sprinter,2020,Petrol,10.81
RH3VBLYD,Hino 268,2014,Diesel,13.58
PYVGK3UM,Rivian EDV,2012,Petrol,3
V7Q82EMY,IC Bus CE Series,2019,Hybrid,17.05
06R7INCG,Ford Transit,2021,Electric,3.07
WKLX2WED,Mack Anthem,2026,CNG,14.31
0ORS3AVP,Chevrolet Silverado 4500HD,2004,LNG,12.44
FC718F8U,Nikola Tre,2012,Electric,2.79
98VUJUZN,Ford Transit,2023,Hybrid,18.37
4X6CYJQE,Freightliner M2,2011,Petrol,8.55
XV3ED5BK,Mack Anthem,2010,LNG,12.87
CNWQTC2N,Ford F-750,2002,Electric,4.25
Y3X7V5WW,Hyundai XCIENT,2021,Diesel,8.93
VIBZYFGG,Ford F-750,2005,Electric,5.87
5ELREZMF,International LT,2011,Petrol,16.34
0V3WKH3J,Arrival Van,2002,LNG,13.95
TOUI871O,Kenworth T680,2023,Diesel,14.1
S6E4GQGW,Mack Anthem,2018,Petrol,0
QOWAUVW7,Blue Bird All American,2022,CNG,15.1
9FKE4VZN,Blue Bird All American,2023,Petrol,10.57
1TA586IR,Isuzu NPR,2026,ELECTRIC,11.16
  GP62M00Q  , Arrival Van , 2009 , LNG , 8.46 
NT30S0V9,Thomas Saf-T-Liner,2011,Electric,3.0
P6YWK5JR,Blue Bird All American,2008,Hybrid,19.73
US,Ford Transit,2003,Electric,5.35
WNK9MPEM,Blue Bird All American,2005,Electric,5.92
V0TJH9AS,Freightliner M2,2007,Diesel,13.64
ELZAWR7Z,Hino 268,2001,Diesel,14.63
UULKD8WH,Ram ProMaster,2024,Disel,10.8
3MIRB5RQ,Volvo VNL,2019,Petrol,12.97
IC4WZJTA,Freightliner M2,2002,CNG,8.75
  MI3HH2Q0  , Thomas Saf-T-Liner , 2019 , Diesel , 5.43 
FIOKS4A6,Arrival Van,2018,Petrol,16.13
9VD6HAW6,Mack Anthem,2024,Hybrid,13.65
XD5IA5DA,Ford F-750,2019,Diesel,8.72
5BMYRY9V,BYD 8TT,2020,Diesel,8.07
05P6RVWT,Ford F-750,2022,ELECTRIC,16.14
DL4WG5W2,Mercedes Sprinter,2017,Diesel,13.08
7FZ0921B,Volvo VNL,2014,Electric,5.23
V2BLZNXA,Kenworth T680,2009,LNG,10.96
78WW40MT,Mack Anthem,2020,Diesel,10.95
B3DIEBYF,Rivian EDV,2025,Hybrid,17.32
9H9Y449T,Mack Anthem,2006,LNG,8.91
4ZUCGCMI,International LT,2023,LNG,inf
P0TWBARQ,Isuzu NPR,2016,Diesel,14.57
ZCGJEE0N,Hyundai XCIENT,2019,Hybrid,12.04
GRVZ2EHD,IC Bus CE Series,2001,LNG,13.44
LBFJ06DS,Mack Anthem,2010,Diesel,13.34
HVJ5ZVX6,Volvo VNL,2026,Hybrid,13.43
UGT47S15,Blue Bird All American,2003,CNG,14.85
Y2594BNA,Peterbilt 579,2010,LNG,9.35
00000000,Rivian EDV,2025,LNG,9.55
YAHU8YJ5,Ford F-750,2014,Diesel,11.91
YDCTQ1LZ,Mack Anthem,2015,LNG,12.99
R6UFCMVQ,Thomas Saf-T-Liner,2012,Electric,2.56
RQUKJF8R,Mercedes Sprinter,2011,LNG,7.56
UHUKBR3P,Tesla Semi,2009,Electric,5.42
DA47OFOP,Tesla Semi,2011,Diesel,7.9
09UG4HR9,Rivian EDV,2008,Electric,5.82
UWYMA3BQ,Peterbilt 579,2013,Petrol,14.84
WCVFT9O0,Arrival Van,2004,Petrol,15.64
RR87IYOJ,Ram ProMaster,2013,Diesel,5.12
NWOMX3HS,Rivian EDV,2010,Diesel,13
QACBSLYF,Freightliner M2,2004,CNG,13.45
CYL94NXI,Mack Anthem,2012,CNG,15.49
Y3WGXQM5,Blue Bird All American,1976,Petrol,7.57
I7MCU7WH,Mack Anthem,2004,LNG,7.08
Z55ZORXM,IC Bus CE Series,2016,CNG,10.72
7gbgzwo5,Ram ProMaster,2001,LNG,12.93
LDCDMKCU,Chevrolet Silverado 4500HD,2001,Diesel,7.89
HOK1ZME5,Hino 268,2016.7,Electric,5.52
2ZFOPSZV,Ford Transit,2017,LNG,11.3
2OTG5ADG,Arrival Van,2020,CNG,11.25
1BD2SCEJ,Kenworth T680,2009,Diesel,11.68
FIBCSTE2,Thomas Saf-T-Liner,2016,Hybrid,0
6WM6DZTN,International LT,2014,Hybrid,17.2
4FBL98K0,Hyundai XCIENT,2023,Petrol,9.29
2JMRVWTZ,Western Star 5700XE,2026,Petrol,6.3
6TWFS4EB,Blue Bird All American,2010,Electric,2.58
LHPPU1RI,Hyundai XCIENT,2022,Diesel,8.87
896OI3J6,Hyundai XCIENT,2053,Diesel,8.35
2080X1AU,Volvo VNL,2018,Petrol,9.79
A9X9I87A,Isuzu NPR,2003,CNG,15.26
V00L2AOM,Arrival Van,2003,Diesel,6.5
Q6L4JDGJ,Blue Bird All American,2021,Petrol,13.92
CUYDA9AL,Ford F-750,2000,Electric,5.3
DD03UVUL,Peterbilt 579,2013,CNG,10.83
2RLM14AS,Tesla Semi,2019,Diesel,6.15
2S9QGD9E,Western Star 5700XE,2017,LNG,9.93
BWNE4Q77,Freightliner M2,2023,Petrol,8.07
ltc019dp,Tesla Semi,2016,CNG,12.15
XW4WYRW3,Western Star 5700XE,2008,Diesel,5.65
AGFV4L5J,IC Bus CE Series,2012,CNG,inf
12YN1VDR,Chevrolet Silverado 4500HD,2016,Diesel,14.98
WHGDM5BT,Hino 268,2024,Diesel,6.13
XHQEKAC7,Tesla Semi,2004,Electric,4.4
KAXGGEIE,Freightliner M2,2023,Petrol,12.27
VME8462S,IC Bus CE Series,2000,Electric,22.38
HGPZ91KM,International LT,2000,Electric,4.15
S7BGU51G,Kenworth T680,2024, CNG,15.53
S96KW0PN,Chevrolet Silverado 4500HD,2025,Petrol,14.55
175DU23J,Western Star 5700XE,2023,Diesel,8.98
NV87IW8G,BYD 8TT,2012,Diesel,13.26
B4ZVS9YI,Nikola Tre,2003,Diesel,12.61
85L8OZ43,Mack Anthem,2012,Petrol,13.55
86FCEJK0,IC Bus CE Series,2007,Hybrid,16.51
SJOUEECO,Volvo VNL,2006,LNG,7.09
JWF1UBV9,Thomas Saf-T-Liner,2010,LNG,8.22
57PMM0TO,Ford F-750,2011,Diesel,5.88
70Y6ISX4,Kenworth T680,2017,CNG,15.33
Y3D2FNC3,Volvo VNL,2000,Petrol,8.95
YQ9B1N7Q,Volvo VNL,2025,CNG,13.03
GAWPOHZR,Arrival Van,2011,LNG,11.82
GSKOD504,Ford Transit,2000,Electric,2.79
XTPJB4IP,Volvo VNL,2022,CNG,10.04
JDKBSB0J,Tesla Semi,2022,Electric,5.73
4MSE7FU7,Peterbilt 579,2026,Electric,4.98
,Blue Bird All American,2025,CNG,10.97
L15RNL3A,Chevrolet Silverado 4500HD,2022,Petrol,9.57
R4H34I7S,Arrival Van,2022,Electric,2.93
IGKYOJB4,Rivian EDV,2005,Hybrid,15.02
M72ZKEOC,Mack Anthem,2011,LNG,7.41
PDLD71MM,Peterbilt 579,2013,Electric,5.52
XII6L3UE,Arrival Van,2001,Hybrid,12.15
KLYYVUNS,BYD 8TT,2009,Hybrid,15.36
BBPX8XFI,Freightliner M2,2000,LNG,11.04
XCPGBK0U,Kenworth T680,2005,Diesel,9.73
AOSDKQU9,Mercedes Sprinter,2006,Electric,4.44
HLO8XLXL,Peterbilt 579,2010,Hybrid,-4.11
LRYD88TA,Thomas Saf-T-Liner,2006,Diesel,10.73
72LEA626,IC Bus CE Series,2015,CNG,8.4
0R7G0SGQ,Hyundai XCIENT,2020,Hybrid,12.18
8HNYDZ0B,Isuzu NPR,2026,Hybrid,11.49
5TZV9ZP3,Volvo VNL,2009,Petrol,15.74
FC5Z5L9H,Western Star 5700XE,2008,LNG,9.5
ZW1RO5MK,Ram ProMaster,2007,Electric,5.39
0R3ININR,IC Bus CE Series,2000,Diesel,5.18
0RRZ4AS5,Chevrolet Silverado 4500HD,2018,CNG,15.71
SY2U1JBD,Mack Anthem,2001,Electric,5.32
MQWF7IB9,Ford F-750,2016,LNG,11.29
GUKF1S5G,Ford F-750,2005,Diesel,14.69
YR2DLG8Q,Thomas Saf-T-Liner,2007,Diesel,6.94
VRQQLZ5D,Blue Bird All American,,CNG,14.54
8WSFJIQV,Freightliner M2,NULL,Diesel,7.94
AGWIX78R,Western Star 5700XE,2020,Hybrid,19.32
M9DVNY0F,Volvo VNL,2020,CNG,10.46
SVOIMR11,Thomas Saf-T-Liner,2004,Petrol,8.81
OLOEAZC0,Volvo VNL,2022,Hybrid,20.18
BNN0MCIX,Peterbilt 579,2024,Diesel,10.82
G7BS94CK,Tesla Semi,2025,Electric,3.5
DOZYFXFN,Volvo VNL,2010,Hybrid,21.44
RSHRBSH1,Ford F-750,2026,CNG,13.9
DNQ1OCP2,1912,2011,Diesel,5.77
6D9KD79Y,Tesla Semi,2025,Electric,3.43
QU1V7TLE,Mercedes Sprinter,2003,Hybrid,7327.57
F49CK6QZ,Ford F-750,2023,Diesel,14
2555JXUR,International LT,2008,CNG,11.22
K7IFQNC8,Chevrolet Silverado 4500HD,2013,Diesel,8.64
OKDOM3TC,Thomas Saf-T-Liner,2016,CNG,10.12
AS5WDEHH,Volvo VNL,2001,Electric,5.33
YX9D18K9,BYD 8TT,2022,Electric,2.57
TTTTTTTT,Ford F-750,2005,Petrol,7.93
N80G3UDG,Peterbilt 579,2026,Electric,5.68
3QQWSKHW,Chevrolet Silverado 4500HD,2019,CNG,10.1
RZF6YU3W,Rivian EDV,2025,Diesel,9.9
CNGF2ZOE,Arrival Van,2002,Electric,3.97
3QOZEZ67,IC Bus CE Series,2006.7,Petrol,9.63
DURMKF0A,Rivian EDV,2019,Electric,inf
XFZE7174,Blue Bird All American,2025,Diesel,28
SJWLASRM,Hino 268,2002,Hybrid,10.13
O4M84P4K,Rivian EDV,2002,Diesel,11.5
16CUASHE,Hino 268,2016,Hybrid,17.04
H6FUKZDT,Western Star 5700XE,2006,CNG,9.02
I9TANZR2,Blue Bird All American,2018,Electric,4.26
MBWCGH5S,Isuzu NPR,2013,Diesel,9.21
TLD858A5,Mack Anthem,2019,LNG,11.69
HYV8WSLH,Thomas Saf-T-Liner,2022,Diesel,unknown
5G1DCI5K,Tesla Semi,2005,Petrol,7.75
BOF4KAN4,Nikola Tre,2024,Petrol,14.97
EFDLF56R,Peterbilt 579,2017,LNG,12.69
ME95XNF2,Hino 268,2016,CNG,15.76
D0II93UY,Western Star 5700XE,2005,Electric,2.94
6AO9UKB8,Peterbilt 579,1902,Diesel,8.29
4I2NR1P0,International LT,2008,Electric,4.26
WYMCS3Y4,IC Bus CE Series,2016,CNG,15.0
MPYWJ3I7,Peterbilt 579,2026,Electric,3.03
BCC8CPRC,Peterbilt 579,2007,Electric,3.8
K1DUFXU0,Arrival Van,2020,,7.63
LD26GAJ6,Mercedes Sprinter,2026,Electric,4.66
P1ZRTU4F,Ram ProMaster,2005,LNG,8.64
88VO1WNV,IC Bus CE Series,2022,Petrol,unknown
ZJPFLET1,Thomas Saf-T-Liner,2017,LNG,8.04
X1UEKST0,Mercedes Sprinter,2008,Petrol,16.18
HX1JY9DG,Chevrolet Silverado 4500HD,2001,Diesel,10.28
9PMCXONQ,Nikola Tre,2000,LNG,9.58
1HGB	225,Thomas Saf-T-Liner,2001,LNG,11.92
1HGB/225,Ford F-750,2021,LNG,10.07
1XO488M3,Nikola Tre,2013,Electric,3.31
5S1C0D4P,IC Bus CE Series,2010,Petrol,7.33
AUVH1TGN,Tesla Semi,2020,Electric,5.45
P0L58JQS,Mack Anthem,2024,Hybrid,21.89
G9LRTSR6,Mack Anthem,2004,LNG,7.47
ZBAFK14H,Arrival Van,2023,Hybrid,10.02
Q6C4WMX2,Ram ProMaster,1974,Petrol,13.54
BTVMPMS5,Hino 268,2024,Hybrid,13.6
SEHLZ6QW,Ford F-750,2003,Electric,4.35
A65F44V1,Ford Transit,2026,LNG,9.73
HO,Mercedes Sprinter,2023,LNG,9.09
5QF7NCY6,Ford F-750,2002,Hybrid,13.04
0XM22NRY,Ford F-750,2000,LNG,13.66
OU7OZ9RO,Peterbilt 579,2014,Diesel,12.64
IS3ODGBQ,Western Star 5700XE,2009,Hybrid,14.59
9KTO9ZFT,Chevrolet Silverado 4500HD,2004,Hybrid,10.48
ZH8NI7QX,Tesla Semi,1948,Petrol,12.38
MQ5VZ3TW,Ford Transit,2003,LNG,12.19
VT11L1EG,Isuzu NPR,2021,LNG,10.41
BRSIAIMG,Western Star 5700XE,2018,Petrol,6.98
DT7P917Q,Western Star 5700XE,2024,Hybrid,12.14
WTW0TNZX,Ford Transit,2020,Diesel,14.38
F9SPQDNB,Chevrolet Silverado 4500HD,2002,Petrol,13.58
GYYN1OB7,Chevrolet Silverado 4500HD,2022,Electric,3.65
G720F1EA,Ram ProMaster,2009,CNG,11.27
9UEL87OHBO,Ford Transit,2005,Hybrid,21.38
UN615OKO,     ,2010,Diesel,7.28
YSSZI2SK,Mack Anthem,2008,,22.84
E5OZ83EJ,Mack Anthem,2001,Diesel,7.21
D6GPXSZP,International LT,2018,Petrol,17.48
740C98UZ,Rivian EDV,2000,LNG,11.71
FXZICUV5,Arrival Van,2001,LNG,7.38
60Y23LZY,Kenworth T680,2007,ELECTRIC,14.6
null,Chevrolet Silverado 4500HD,2000,LNG,13.2
2ADRTMEX,BYD 8TT,2004,Petrol,17.36
GSZOHQCB,Western Star 5700XE,2012,LNG,13.94
Y96T875R,Ford F-750,2009,Electric,19.91
C2PDY1VY,"Freightliner M2, Heavy Duty",2005,Electric,3.82
STLTHCZE,Arrival Van,2015,CNG,NaN
  986QUOW4  , Tesla Semi , 2004 , CNG , 10.53 
7U1V4AVG,Mack Anthem,2000,Hybrid,16.74
RUGVZQ7V,Kenworth T680,2007,CNG,19
DM0IBZZ0,Mercedes Sprinter,2019,Diesel,9.57
QYBU9Z07,Ford F-750,2021,Diesel,10.78
EXYDW2FX,Blue Bird All American,2004,Diesel,5.36
HBN2F4IO,Mack Anthem,2006,Petrol,7.57
KP2AVXRY,Arrival Van,2005,Electric,2.86
RH49T7PF,Chevrolet Silverado 4500HD,2020,Diesel,6.98
BAJW23AJ,Blue Bird All American,2011,,11.99
AHDO61XN,Tesla Semi,2003,Hybrid,10.17
QZLQ3JVZ,International LT,2025,CNG,14.0
T4FJPQP6,Isuzu NPR,2019,Electric,5.71
5KP8VLZPFN3I0VBI,Ram ProMaster,2007,Petrol,15.47
1JRWSWA2,Freightliner M2,2024,Diesel,5.15
RY0HBHC6,Peterbilt 579,2000,Electric,3.36
58GEEJGB,Hino 268,2002,Hybrid,17.86
N3UXJ1N5,Ford F-750,2017,Electric,4.37
RR5HL4XT,"Freightliner M2, Heavy Duty",2013,Diesel,9.25
TUW6TAQ6,Nikola Tre,2023,Hybrid,13.98
NPYXZIMH,Isuzu NPR,2004,Petrol,11.33
SQTUD873,Western Star 5700XE,2007,Hybrid,20.78
L689LGZP,Hino 268,2022,Electric,2.74
17TZF3GL,BYD 8TT,2023,CNG,14.23
WQRNBANX,Freightliner M2,2020,Diesel,9.02
3NLBJM0C,Ford F-750,2007,Electric,5.28
IMJJ2VIF,Rivian EDV,2005,Hybrid,inf
LTQGKNFZ,Hino 268,2008,Diesel,6.26
EYS,International LT,2002,Hybrid,15.63
YYFGTU91,Hino 268,2026,CNG,9.54
MBFHDP64,IC Bus CE Series,2007,Hybrid,13.48
5GC1CI1X,Mack Anthem,2024,CNG,14.13
H17J8QO0,Ford F-750,2019,Electric,2.56
KHE9I0HN,Mack Anthem,2001,Diesel,14.78
6MFXCIJK,Tesla Semi,2026,Petrol,17.2
YRX7H299,Ford F-750,2003,ELECTRIC,14.9
JRD8SPW0,Ram ProMaster,2013,LNG,12.43
X5H9GFRB,Kenworth T680,2026,Diesel,13.43
NFH4ZWW8,Kenworth T680,2003,Diesel,5.25
Y2XR3RNH,Volvo VNL,2005,Petrol,17.26
SDDDBAZR,Hyundai XCIENT,2021,LNG,13.95
VZWLSYSA,Mercedes Sprinter,2014,LNG,9.57
9EE2A84N,Hyundai XCIENT,2004,Electric,5.37
NAFSBQCF,Hyundai XCIENT,2010,CNG,8.41
VDWFC5Z3,Isuzu NPR,2003,CNG,nan
Q18OONCP,Chevrolet Silverado 4500HD,2005,Electric,2.86
FTOM5XLK,BYD 8TT,2016,Electric,4.16
9R6UXTXQ,Peterbilt 579,2009,CNG,8.54
MTTRQ9NW,International LT,2000,Petrol,12.56
YKR6J6AG,Tesla Semi,2019,CNG,13.87
ZFCQTI8I,Rivian EDV,2004,Diesel,10.63
F1PO9XLC,Chevrolet Silverado 4500HD,2025,CNG,11.45
ESUX9L0I,Hino 268,2024,Hybrid,13.55
IAOCE960,Freightliner M2,2008,LNG,12.76
HL54RF6U,Tesla Semi,2016,CNG,13.28
0N26DQXK,Hino 268,2001,Hybrid,11.47
C0LDJ2QL,Tesla Semi,2018,Hybrid,13.64
5I2MT71R,Freightliner M2,2011,Petrol,8.75
8SLB0O30,Western Star 5700XE,2009,CNG,N/A
J4V6G41M,Western Star 5700XE,2008,Diesel,6.28
0AXTDM7D,International LT,2000,CNG,14.95
AY3B338U,BYD 8TT,2000,Electric,3.58
7SZPF9S9,Mack Anthem,2023,Petrol,8.54
YYYYYYYY,Western Star 5700XE,2002,Diesel,5.09
AEDZ03YP,Thomas Saf-T-Liner,2011,LNG,7.8
TGH37BJH,Western Star 5700XE,2006,CNG,13
N1UR073S,Peterbilt 579,2001,CNG,15.65
IREIZZPX,Mack Anthem,NULL,Petrol,13.92
XJU7VFS3,Thomas Saf-T-Liner,2026,Hybrid,10.5
PE6WTLRJ,Nikola Tre,2001,LNG,9.79
OXD9CSS9,Tesla Semi,2000,Electric,3.87
ESB65PDB,Volvo VNL,2018,Petrol,12.38
WEAQF60W,Ford Transit,2017,Diesel,13.13
9GS85NR2,Freightliner M2,2012,Electric,4.71
RZ6Z6K8Z,Ford Transit,2015,Electric,5.52
9VAXCZZY,Freightliner M2,2023,Petrol,8.17
H2N28BV4,Peterbilt 579,20 22,CNG,14.53
2YKULNWY,BYD 8TT,2022,Petrol,13.28
5NZOVYUB,Peterbilt 579,2016,LNG,11.9
BJHPPIPG,Hyundai XCIENT,2000,LNG,10.58
VPAKEA3M,Kenworth T680,2014,CNG,14.14
PU3XD5EX,IC Bus CE Series,2018.9,Diesel,11.78
Q6M3M1NV,Hyundai XCIENT,2023,LNG,12.8
W5EMH2K6,Mercedes Sprinter,2004,diesel,2.12
0UCC1M3O,Peterbilt 579,2024,CNG,9.81
BTHLOWOB,Blue Bird All American,1925,Petrol,11.75
NILMWR1W,Nikola Tre,2018,Petrol,11.23
LGSK7U37,"Freightliner M2, Heavy Duty",2022,CNG,12.43
I44IVNDR,Kenworth T680,2020,LNG,7.21
5547T3K9,IC Bus CE Series,2002,LNG,7.64
5ECEWVTI,Nikola Tre,2003,Hybrid,12.62
8Q0P5MW1,Kenworth T680,2019,CNG,11.03
9HGKQVJ2,Mercedes Sprinter,2010,Diesel,13.76
VS01WXPX,Blue Bird All American,2025,Diesel,10.79
KBFT5HL9,Mercedes Sprinter,2011,CNG,10.53
DTOZ5STH,Ram ProMaster,2017,Petrol,9.75
AFWSISP7,Rivian EDV,2015, CNG,14.72
NGZDLHU0,Ford Transit,2006,CNG,10.15
3KK2WSK3,Nikola Tre,2019,CNG,-9.38
203MOGXO,Freightliner M2,2014,LNG,11.76
VIVN3UC7,Ram ProMaster,2026,Petrol,15.76
lrarm0wa,Ram ProMaster,2011,Hybrid,21.07
O0ZBO70B,Mercedes Sprinter,2000,CNG,9.66
FDUADIPZ,Arrival Van,2001,LNG,7.41
97YOFCX7,Kenworth T680,2018,Electric,2.99
H8GORM3Z,Western Star 5700XE,2016,LNG,12.96
GLF1S04G,Ram ProMaster,2015,Hybrid,16.16
AMTNGYL6,Ford F-750,2025,CNG,9.47
NTHZM32H,Rivian EDV,2016,Electric,4.43
P98G4Z64,Peterbilt 579,2021,Diesel,14.38
ILXP8QN9,BYD 8TT,2020,Petrol,16.12
384XVXWV,Hyundai XCIENT,2015,Petrol,NaN
63SDYGFL,Isuzu NPR,2000,Hybrid,13.13
PFV90KEX,International LT,2018,LNG,10.37
  K687ZVAU  , Volvo VNL , 2013 , Electric , 4.33 
1ZSVCQE1,Kenworth T680,2017,Bio-Diesel,4.8
UP5LMC31,Freightliner M2,2005,Petrol,5962.42
2WC3BNEC,Hino 268,2011,Hybrid,15.51
GTILYT96,Volvo VNL,2008,Electric,5.51
L5PMRAU5,Peterbilt 579,2020,Electric,5.63
STUZHG1G,International LT,2009,Electric,5.47
RRCBCXFV,Ford F-750,2009,Diesel,13.59
483DXB91,Hyundai XCIENT,2024,Hybrid,20.37
4C8MBJMS,Tesla Semi,2003,Hybrid,"16,58"
VYPY2N9B,Hyundai XCIENT,1980,Petrol,12.04
K9M94UZX,Arrival Van,2020,Electric,5.51
GUHQUSI3,Thomas Saf-T-Liner,2015,Diesel,6.19
3VWRV5NI,Hyundai XCIENT,2024,Diesel,10.6
VA9XKYWA,Chevrolet Silverado 4500HD,2012,Petrol,14.98
D1VO6UV8,BYD 8TT,2014,Diesel,10.24
YP0GDFLH,BYD 8TT,2008,Petrol,7.2
X6E9E420,Ford Transit,-269,CNG,15.16
GV2FRGL2,Hino 268,2000,Petrol,9.54
YW5A50Y1,Arrival Van,2016,Electric,5.79
48ADSDQX,Chevrolet Silverado 4500HD,2013,LNG,12.91
1EH7XGNO,Nikola Tre,2002,LNG,10.45
L9869RNY,Volvo VNL,1989,Hybrid,19.61
ZUHFBEGG,Freightliner M2,2000,CNG,8.5
8ACHTV2K,Kenworth T680,2009,CNG,10.11
KYQUESKL,Peterbilt 579,2025,Diesel,7.56
IC7EBKM7,Mercedes Sprinter,2011,LNG,11.64
GKEKT0KX,International LT,2015,LNG,9.67
YVFKXVQV,Freightliner M2,2006,CNG,8.99
JDR6LWIS,IC Bus CE Series,2008,Hybrid,21.86
F3VDVC5N,Ford F-750,2026,Electric,2.81
FEOSLIJ9,Isuzu NPR,2006,Diesel,10.44
LCSH1H15,"Freightliner M2, Heavy Duty",2021,CNG,9.17
RWTCMBLE,Mercedes Sprinter,2021,Diesel,10.12
RN7NMK46,Nikola Tre,2017,Electric,15.09
P5YRO1WO,Peterbilt 579,2002,Diesel,6.77
5VBGSGLL,Peterbilt 579,2005,LNG,7.85
1JV7ET9E,Hino 268,2002,CNG,10.93
X5IQ8KNJ,Ford F-750,2006,Electric,inf
UCWJ5RE7,Mercedes Sprinter,2008,Diesel,9.89
1R99ALX8,Nikola Tre,2008,Diesel,11.77
DWTYF30C,Chevrolet Silverado 4500HD,2016,LNG,
MRQQ1HC0,Ram ProMaster,2023,Diesel,8.86
P6KYW9XA,Isuzu NPR,2017,Electric,5.34
HYGSW419,Freightliner M2,2023,Diesel,13.44
M7I8CT3K,Western Star 5700XE,2021,LNG,29
LYFM4PSQ,Blue Bird All American,2022,Petrol,11.22
AENDZ15L,Thomas Saf-T-Liner,2002,Electric,2.7
EGFFSTFM,Rivian EDV,2006,lng,9.28
QUVBL2VG,Thomas Saf-T-Liner,2005,LNG,9.49
6PRR7MZA,Ford F-750,2023,Petrol,8.31
0FZTDX9Q,Freightliner M2,2026,LNG,12.69
LJXXD7J4,Mack Anthem,2012,Hybrid,18.64
8O9V6CWK,Blue Bird All American,2012,LNG,7.75
K3WUK91W,Thomas Saf-T-Liner,2005,LNG,9.28
1BZHN3R7,Mack Anthem,2024,LNG,13.23
WBAKE2DC,Mercedes Sprinter,2023,Diesel,14.5
NA27YOEN,Mercedes Sprinter,2020,LNG,12.56
9DI53CD0,Rivian EDV,2007,Diesel,8.81
  W6SLA3JZ  , BYD 8TT , 2013 , Hybrid , 18.72 
GBNZ2DZ2,Ford F-750,2020,CNG,12.46
WG56WHLV,Hino 268,2016,CNG,12.74
PRXXQ99S,Mack Anthem,2026,Electric,5.13
HCMBVF71,Tesla Semi,2003,Petrol,7.29
FM348NI7,Nikola Tre,2023,LNG,11.64
WMDOXM7Z,Peterbilt 579,2000,Petrol,13.16
TZBJJZ4V,BYD 8TT,2018,Diesel,14.59
4CXLC3JG,Nikola Tre,2003,Electric,2.99
5HQBQVDB,Mercedes Sprinter,2017,Petrol,9.01
65KK5KH7,Ram ProMaster,2013,Diesel,10
048YJB15G9P9CWE11RLE,Arrival Van,2019,LNG,11.68
4ABXIZRL,Peterbilt 579,2005,Electric,5.24
VYWNPVZR,Blue Bird All American,2024,CNG,10.27
ZKZSE9LQ,526,2001,Electric,5.63
O4O969UP,Isuzu NPR,2012,Hybrid,13.01
B01002GO,Freightliner M2,2009,CNG,11.35
6MRLVNMT,Ram ProMaster,2001,Diesel,12.65
J2Q8D5Z8,Nikola Tre,2026,Electric,5.41
HNWMM7CE,Mack Anthém,2024,Petrol,15.95
GU0E6E58,Freightliner M2,2018,Hybrid,10.33
J6T5VZTG,Peterbilt 579,2025,Diesel,6.91
9IZNDUAU,Thomas Saf-T-Liner,2017.9,Hybrid,13.21
KKKKKKKK,Hyundai XCIENT,2003,CNG,12.04
6HPKYHEC,Mack Anthem,2000,Hybrid,17.73
LIFI3OSH,Arrival Van,2014,Hybrid,18.68
BMO21OXB,"Freightliner M2, Heavy Duty",2005,CNG,9.39
S8XI3T79,IC Bus CE Series,2007,LNG,13.87
78NRXVOB,Peterbilt 579,2012,Diesel,14.32
I5S336BZ,Blue Bird All American,2025,Electric,5.0
FBZ0R9QY,Ford F-750,2004,LNG,11.09
P5EI7K8E,BYD 8TT,2001,LNG,9.75
JIXKVUHN,Hyundai XCIENT,2004,Diesel,13.48
VZOCPS9W,Isuzu NPR,2008,LNG,9.75
Z4CX1GZD,Kenworth T680,2006,Petrol,14.62
AXK826QE,Thomas Saf-T-Liner,2024,Petrol,7.73
T03IN5NA,Nikola Tre,2009,CNG,13.62
NULL,Ford Transit,2025,Hybrid,15.56
RHOMSC8G,Tesla Semi,2021,Electric,5.73
SG9OG0K1,Thomas Saf-T-Liner,2015,LNG,12.01
724HK1QD,Nikola Tre,2003,LNG,12.58
PB83U661,Tesla Semi,2002,CNG,14.81
G4P3K1TS,Volvo VNL,2023,Diesel,5.99
ABWOKHEP,Rivian EDV,2011,Petrol,15.35
003L4JZW,Arrival Van,2011,Electric,3.37
M7K4986K,Mercedes Sprinter,2026,Diesel,7.38
HME6O3WP,Kenworth T680,2014,Diesel,7.42
4VCVZPVW,Chevrolet Silverado 4500HD,2026,Petrol,9.76
KZQ3HFRJ,Nikola Tre,2022,Hybrid,18.58
INCS6IUF,Thomas Saf-T-Liner,2010,Electric,28.2
FTXXZUFZ,Ford Transit,2010,Electric,2.86
LMJIUBVD,Peterbilt 579,2009,Diesel,7.47
SWCXSQ8P,Western Star 5700XE,2022,Electric,3.63
HULURSFH,Freightliner M2,2011,CNG,10.35
XVOBX136,BYD 8TT,2001,CNG,15.77
GN1OCVD6,Ford Transit,2013,Electric,3.74
WOFHMCIC,BYD 8TT,2001,Diesel,11.88
UZA6GRBW,Freightliner M2,2024,Diesel,17
3Z5OM1RQ,Kenworth T680,2024,Petrol,7.44
7489NZHQ,Western Star 5700XE,2022,LNG,8.28
MZWA4T1R,BYD 8TT,2026,Petrol,-12.31
SSSSSSSS,Hyundai XCIENT,2013,Petrol,9.13
QRDU9YFR,International LT,2006,Petrol,14.91
JGNQ1G6L,Ford F-750,2019,LNG,7.9
HQLPQTOI,Ram ProMaster,2026,Diesel,13.36
O5IM5LN5,Peterbilt 579,2019,Electric,3293.62
WISENOA2,Ford F-750,2007,Diesel,10.26
Q48VDK3B,Rivian EDV,2022,LNG,9.44
875I6ICB,Peterbilt 579,2010,Hybrid,18.96
I54K9DHL,Chevrolet Silverado 4500HD,2017,CNG,11.37
9RXGD8AT,Hino 268,2023,Hybrid,18.64
J3N9C86U,Nikola Tre,2016,Electric,-inf
72J7IJ6L,IC Bus CE Series,2022,CNG,11.66
59QAYZ0R,Tesla Semi,2003,CNG,8.39
KJCO6MY4,Western Star 5700XE,2016,CNG,13.07
C5WU2550,Ford F-750,2017,Electric,4.15
7TG2MYAX,Hino 268,2004,Electric,2.93
MGLHZWNG,Volvo VNL,2010,Electric,2.6
CUVFMH07,BYD 8TT,2021,LNG,10.1
PS8Q185G,Ram ProMaster,2018,LNG,7.5
ROT58O4S,IC Bus CE Series,2017,CNG,8.16
C7T71AC2,Tesla Semi,2020,Diesel,11.98
WG8K79UR,Ford Transit,2009,LNG,9.01
KUEV3C3J,Thomas Saf-T-Liner,2021,Electric,2.99
U2VFCPDI,Hino 268,2012,Hybrid,18.36
JRDTCCW3,N/A,2003,Hybrid,19.71
GTZFLWW5,Ford F-750,2004,Diesel,7.71
VONDP9II,International LT,2003,LNG,12.63
LGSMALVL,Mack Anthem,2021,CNG,11.82
FOJ7OGN9,Ford F-750,2025,Diesel,6.44
0Y5GTMJJ,Ford F-750,2005,Hybrid,14.89
NONQA0J5,Thomas Saf-T-Liner,1906,CNG,9.54
Q46M6SYV,Tesla Semi,2016,CNG,14.75
QWKBSEPR,Ram ProMaster,2001,Electric,4.83
DT4GFUNQ,Ford F-750,2005,Electric,3.95
X263LYAU,Nikola Tre,2019,Electric,4.14
RK9FFY71,Ford F-750,2021,Electric,3.83
O5F9M969,Mack Anthem,2010,Petrol,16.35
CB7HQ574,Nikola Tre,2021,Electric,5.93
PGHU7NXN,BYD 8TT,2009,Hybrid,19.7
NET34N3E,IC Bus CE Series,2000,Hybrid,18.53
FUJWEKJI,Nikola Tré,2010,Petrol,15.05
LM8E49IT,Mack Anthem,2003,LNG,13.87
AHAS8N40,Freightliner M2,2026,Hybrid,15.21
HZNLXSSF,Blue Bird All American,2010,Electric,5.21
KWSTVS9Q,Ford F-750,2023,CNG,10.21
3LL6WO7M,Hino 268,2018,CNG,14.24
DE83QUV5,Mack Anthem,2024,LNG,12.78
KOXTJPIW,Tesla Semi,2018,Electric,3.35
JI6CMYUL,Hyundai XCIENT,2002,LNG,10.49
QVZKLQTH,Peterbilt 579,2001,CNG,9.48
VRLTYT3V,Volvo VNL,2009,Petrol,8.2
0XGRWD02,Mercedes Sprinter,2022,Petrol,6.24
FQEGBYKA,Mercedes Sprinter,2024,CNG,8.28
YFCEC8DK,International LT,2005,Diesel,5.33
uvd83wq5,Hyundai XCIENT,2009,Electric,4.09
MAL2SWZW,     ,2011,LNG,8.23
1JDFEW5C,BYD 8TT,2026,Hybrid,12.42
AB7A83M6,Western Star 5700XE,2022,LNG,7.31
2CNDGNTL,BYD 8TT 中国,2002,Diesel,8.14
,,,,
R27YD6FO,IC Bus CE Series,2011,Petrol,10.61
4LY5WVV6,Thomas Saf-T-Liner,2014,LNG,7.5
C4A9EUH8,Ford F-750,2019,Petrol,13.67
3ZRIDHTV,Ford F-750,2022,Diesel,11.9
TZ1KXML4,Blue Bird All American,2006,Diesel,14.04
I3I5AQG5,Thomas Saf-T-Liner,2016,Hybrid,14.49
,,,,
92S2E6LZ,Ford F-750,2013,Petrol,13.43
IJPDBKJ7,Peterbilt 579,2022,Electric,4.68
XSPCU9L1,Arrival Van,NULL,Petrol,12.01
4X7I0A4U,Isuzu NPR,1989,Hybrid,17.94
9AJT3VG2,Kenworth T680,2018,Petrol,15.61
H7I3WYYK,Freightliner M2,2018,LNG,10.87
BC0GUYWI,Ram ProMaster,2005,Petrol,6.0
PYUTXPZ2,Nikola Tré,2026,LNG,9.68
0V2MEA19,Kenworth T680,2000,LNG,12.77
LFY5U0I1,Volvo VNL,2026,LNG,11.11
HAXPTG7P,Arrival Van,2013,CNG,12.39
SE0APHW4,Hino 268,2014,Hybrid,11.83
GXW31GS6,Arrival Van,2021,CNG,19.8052928552
V2EBYXMZ,Arrival Van,2087,Petrol,17.97
HOTYUAY7,BYD 8TT,2024,Electric,4.04
GS4IF,Chevrolet Silverado 4500HD,2001,LNG,12.17
M61ISVUC,Kenworth T680,2023,LNG,9.98
X4FG3Y93,Volvo VNL,2017,Hybrid,18.56
UUJFC1TQ,Kenworth T680,2059,Electric,3.09
HI071YHW,International LT,2005,CNG,9.92
E91LEUUC,Volvo VNL,2008,Petrol,9.74
YYEVKENC,Thomas Saf-T-Liner,2005,Diesel,9.04
5L5N007I,Arrival Van,2007,Petrol,11.96
E6AYFHL9,Rivian EDV,2001,Electric,4.82
IZG9JJ00,Kenworth T680,2004,LNG,10.66
7AYULGSF,Nikola Tre,2009.6,Electric,5.26
HWON20CM,Mercedes Sprinter,2015,Diesel,5.66
XN8PY67Y,Isuzu NPR,2008,Hybrid,11.58
1K8BKI5P,Nikola Tre,2005,Diesel,10.7
PTX63CFL,Nikola Tre,2009,LNG,10.07
BG4MMXQXMTL0,Thomas Saf-T-Liner,2026,Petrol,16.91
LSKV1VQ6,Isuzu NPR,2023,Diesel,8.84
75IX9RH7,Ford Transit,2000,Petrol,12.22
1HOXTQ1U,Mercedes Sprinter,2004,Hybrid,0
E4NCBJM2,International LT,2026,LNG,9.13
03IT2EN9,Thomas Saf-T-Liner,2018.6,Diesel,8.22
JW2JY564,Kenworth T680,2010,CNG,9.68
R4N26SMM,Mercedes Sprinter,2015,LNG,12.0
WJ6O6U91,Volvo VNL,2020,CNG,15.9
9UXDB3P3,Kenworth T680,2023,CNG,15.0
H0Z1EUWE,Rivian EDV,2017,LNG,9.2
Q0QOEXOA,IC Bus CE Series,2000,LNG,10.33
PP7R93FE,Rivian EDV,2014,Hybrid,11.55
78DCPWL6,Volvo VNL,2023,Petrol,10.18
IRDLK9EN,Peterbilt 579,2026,CNG,10.59
GOPMYU2U,Mack Anthem,2019,CNG,10.13
15IAKBZM,Nikola Tre,2018,Petrol,16.81
WZLG0M1X,Peterbilt 579,2010,Hybrid,11.92
KACI47R8,Tesla Semi,2024,Diesel,24
60KXNZHP,Ford F-750,2003,ELECTRIC,22.08
XCUJRXPG,Hyundai XCIENT,2017,LNG,13.19
86UTIOS5,Western Star 5700XE,2018,Hybrid,15.68
268VOFH2,Ford Transit,2006,Electric,5.41
5I5XGHM6,Ford F-750,2001,Diesel,14.64
OMXLMUKV,Chevrolet Silverado 4500HD,2017,Electric,3.76
NPI89T3F,Hino 268,2006,Electric,3.57
S1YQ6T0O,Tesla Semi,2005,CNG,13.75
4F4BU7CB,Peterbilt 579,2002,Diesel,6.15
S6C2,Nikola Tre,2002,Diesel,13.48
WJ0BRRJ7,Tesla Semi,2022,Hybrid,21.01
WNGQOHOA,Volvo VNL,2014,Petrol,7.36
590NBL9L,Freightliner M2,2002,Petrol,17.57
6N0ABCZ7,Peterbilt 579,2024,LNG,10.09
6KWM5QMI,Thomas Saf-T-Liner,2010,LNG,11.79
K4EXK6EW,International LT,2012,Hybrid,12.01
5HLYSEHO,Mercedes Sprinter,2025,Electric,24.28
26149CHV,Mack Anthem,2021,Diesel,9.62
F5SIJMV7,Nikola Tre,2026,Diesel,9.78
JUSUB0IP,Ram ProMaster,2024,Diesel,13.66
5W502WOY,Mack Anthem,2012,Electric,4.97
1O762NKY,Ram ProMaster,2011,Diesel,13.16
NZJNVRGVNVI,Ford F-750,2007,LNG,13.12
LXKP3AQR,Volvo VNL,2007,Petrol,17.55
FZ1XFPG1,Ford Transit,2002,LNG,inf
TUPUSQSB,Nikola Tre,2017,Diesel,12.63
V93CUMJ8,Arrival Van,2018,Electric,5.39
SY9X3YHE,Chevrolet Silverado 4500HD,2002,LNG,12.09
0BN85P3E,Volvo VNL,2001,CNG,11.7
YX9T80SU,Hino 268,2009,CNG,8.63
KVA65I5F,International LT,2008,LNG,9.95
FK4YR0YP,International LT,2017,Diesel,14.2
G2TFFRVC,Nikola Tre,2021,Diesel,6.45
NMA9ZOQ6,Hyundai XCIENT,2024,Electric,3.93
3154MAPH,Freightliner M2,2023,LNG,11.7
ZOO5T1QC,Mercedes Sprinter,2002,Diesel,14.67
9U550B4I,Blue Bird All American,2015,Petrol,8.76
2TGWXLXK,Chevrolet Silverado 4500HD,2017,LNG,13.26
P5QL0YVG,Hino 268,2001.0,Diesel,5.05
P9FDAUV9,Chevrolet Silverado 4500HD,2019,Petrol,10.55
BWF5N2JJ,Thomas Saf-T-Liner,2002,Electric,3.77
HG3HH0XI,Thomas Saf-T-Liner,2005,Hybrid,15.84
V5SCQWAJ,Kenworth T680,2012,Electric,3.45
06VBM6OP,Nikola Tre,2021,Diesel,11.36
YQ5TDFGJ,BYD 8TT,2011,CNG,11.18
QHB4NGKE,Ram ProMaster,2026,Electric,4.27
DPU5T4CY,Ford F-750,2002,Diesel,14.73
PTCYM376,Ford F-750,,Petrol,7.8
ILVB8DM1,Freightliner M2,2003,Electric,3.9
4S7R96RS,Kenworth T680,2000,Electric,3.56
3MU2KPXN,Ford F-750,2002,Petrol,16.58
NB2ZPXTX,International LT,2008,LNG,12.04
YCN31LYC,Mack Anthem,2019,Petrol,16.29
YS6GRI0G,Ram ProMaster,2019,Electric,2.73
83Z7257H,Freightliner M2,2021,Diesel,6.85
R7SN1TCJ,Mack Anthem,2021,Diesel,5.66
N55SAXF9,Arrival Van,2010,Hybrid,20.9
YMJDWDS1,Thomas Saf-T-Liner,2016,Petrol,14.55
YAC10SIS,Isuzu NPR,2017,Diesel,9.27
UPOH2290,Ford F-750,2020,Hydrogen,21.44
6Z9BT81B,Arrival Van,2014,LNG,12.24
MER6A953,Tesla Semi,2023,Electric,2.85
C,Blue Bird All American,2020,LNG,8.16
ZSUZPO0Z,Ram ProMaster,2021,Diesel,9.81
23JSU8CE,IC Bus CE Series,2017,CNG,8.14
UA093GWC,Western Star 5700XE,2008,Hybrid,
MPM5HGBO,Chevrolet Silverado 4500HD,2001,LNG,8.12
WWOCBE44JPGP2M,Hyundai XCIENT,2021,Hybrid,21.57
  HVKR5ZDI  , Ram ProMaster , 2017 , Diesel , 7.86 
SMFGHEE1,Ford F-750,2001,Hybrid,16.86
OTHWB3MX,Rivian EDV,2000,Hybrid,11.4
3SBGTSVL,Nikola Tre,2016,Hybrid,14.74
P31EG0T2,BYD 8TT,2007,Hybrid,13.22
VEZNMO3U,Western Star 5700XE,2011,Diesel,12.5
QFTFDX0U,International LT,2024,Electric,5.4
R352FPNF,Hyundai XCIENT,2010,Gasoline,22.79
RNMESI8G,Nikola Tre,2012,LNG,8.28
3APMRASJ,Rivian EDV,2006,Diesel,11.45
WOZRZUWQ,Mack Anthem,2005,Petrol,7.7
FFCA9E8I,Peterbilt 579,2023,Electric,4.54
DZIYBHII,Arrival Van,2000,Petrol,17.6
Y6ON7QKD,International LT,2001,Diesel,11.07
USZ8X3GZ,International LT,2026,Petrol,24
5TYYVG8Q,Nikola Tre,2007,CNG,12.73
C8NXS7KD,Kenworth T680,2015,Hybrid,12.65
CK3TB94C,Chevrolet Silverado 4500HD,2006,Diesel,8.1
RZ2C2UH7,Kenworth T680,2017,LNG,22
530ZAMT4,Nikola Tre,2002,Electric,2.64
JH56UYO5,Hyundai XCIENT,2024,Diesel,8.2
XRIFGJUD,BYD 8TT,2003,CNG,14.37
6RLF4XG3,Isuzu NPR,2013,Diesel,15.0
Y4IH9PVH,Chevrolet Silverado 4500HD,2012,Petrol,8.21
9RTEOPHF,Mercedes Sprinter,N/A,Diesel,5.39
U48T5EOA,Ram ProMaster,2002,LNG,10.26
KLXWGQS7,Mercedes Sprinter,2023,Electric,2.71
FNA5ZI6T,Ford Transit,2022,Petrol,10.39
,BYD 8TT,2007,CNG,15.45
AWOJ3FK6,Mack Anthem,2022,Diesel,12.08
PGSK1QIU,Ford Transit,2024,CNG,9.07
RMSNINW8,Freightliner M2,2012,LNG,11.88
KV7KIXQY,Chevrolet Silverado 4500HD,2026,CNG,11.12
R5SR5ET3,Western Star 5700XE,2013,Diesel,14.27
4RRL50C9,Blue Bird All American,Year2022,LNG,7.46
V6TXOMI8,Kenworth T680,2003,Electric,3.88
FEYHJHW3,Blue Bird All American,,CNG,13.82
CS1I329R,Arrival Van,2024,Electric,3.12
1LIZ3TCW,Arrival Van,2015,CNG,11.48
EYLTG6KM,Kenworth T680,2002,Diesel,10.87
JGXJ8ECC,Nikola Tre,2003,CNG,13.75
YKVHVZE4,Western Star 5700XE,2015,Hybrid,13.16
BQXIWIXO,Nikola Tre,2013,,2.17
BNZ72WUM,Freightliner M2,2017,Electric,5.51
VW8U13DF,Mercedes Sprinter,-383,Petrol,16.49
YPL1OUC8,Hyundai XCIENT,2006,Diesel,12.55
NSCQPMWQ,Rivian EDV,2022,Petrol,12.78
ZD0YXGZB,Rivian EDV,2015,Petrol,15.38
GGU9FJ0Q,Arrival Van,2024,Electric,4.83
7IFM2HE4,Volvo VNL,2020,Cng,2.2
3Q3IHJQY,Rivian EDV,2012,LNG,0
2LXNF1JW,International LT,2010,CNG,12.89
XL8NV9UZ,Isuzu NPR,2002,Diesel,13.1
57JQPWV2,Ford Transit,2016,CNG,9.81
8DS0YVZV,Freightliner M2,2016,Hybrid,19.46
AX2EV7PG,Nikola Tre,2022,Electric,3.28
S8UK7FSP,Mack Anthem,2021,Electric,3.82
1DZXGUAK,Nikola Tre,2005,Diesel,11.42
MLJ2H92P,Hyundai XCIENT,2006,Electric,26.07
PBNNDJEL,Mack Anthem,2014,LNG,10.01
TF273N3B,Arrival Van,2000,Petrol,14.29
AFRW3J8E,Chevrolet Silverado 4500HD,2000,LNG,9.13
PIIB2PS5,Nikola Tre,2004,Diesel,14.92
OQNFC3Y0,Ram ProMaster,2014,Electric,3.97
BQT8HH10,Nikola Tre,2002,CNG,11.79
Z17YBEX3,Arrival Van,2016,Hybrid,20.64
89D1F7JX,Arrival Van,2013,Petrol,16.18
1SW42KAM,Ford F-750,2020,Petrol,12.96
BK97EI9N,Hyundai XCIENT,2013,Hybrid,20.33
JDMY681L,Ford Transit,2014,LNG,8.86
  WJZ7BOPX  , Rivian EDV , 2021 , Diesel , 9.13 
AM0KHCUM,Tesla Semi,2005,Electric,4.57
KJF4AQ7B,Chevrolet Silverado 4500HD,2019,Diesel,5.51
TVDUMYL7,Blue Bird All American,2020,Petrol,16.88
0UE07BLW,Volvo VNL,2011,Hybrid,14.51
D0OTSMU2,Chevrolet Silverado 4500HD,2002,Petrol,13.28
WKKQEY5W,Hino 268,2017,Electric,5.48
HMX1NNZX,IC Bus CE Series,2010,Hybrid,13.11
2EGTYFIU,Isuzu NPR,2010,Petrol,-1.58
T3S7AZM4,International LT,2011,LNG,7.72
ANMVTVOA,BYD 8TT,2003,LNG,12.96
DZLTOCZC,Mack Anthem,2007,Electric,2.74
265W2ECW,Rivian EDV,2011,Hybrid,20.34
0V0AHEN6,Kenworth T680,2025,LNG,12.67
E0QH1XJN,Freightliner M2,2012,Electric,5.48
YZRBGWVN,International LT,2003,LNG,12.22
5V7IJTL4,IC Bus CE Series,2002,LNG,10.43
FBT7MGBD,Nikola Tre,2001,Electric,2.87
ZAB158UM,Ford F-750,2019,LNG,inf
I0DSOXE8,Peterbilt 579,2023,Electric,3.37
S49XD90R,Ford Transit,2025,Hybrid,18.4
39F70HYH,Thomas Saf-T-Liner,2001,LNG,8.68
V7NUH52Y,Ford F-750,2010,LNG,9.66
8CW9RTNF,BYD 8TT,2018,CNG,15.32
9LQ6W67V,Rivian EDV,2003,Diesel,9.01
5S93S8DY,Peterbilt 579,2000,Electric,3.17
447cm8hc,Ford F-750,2024,Electric,4.84
ERTJ5PHT,Rivian EDV,2006,LNG,11.99
IE5JU69T,Freightliner M2,2017,Hybrid,19.27
TGC9P2KG,Nikola Tre,2022,Hybrid,13.11
C19S3496,"Freightliner M2, Heavy Duty",2025,CNG,13.2
SN9MD8X0,Mercedes Sprinter,2015,Diesel,10.4
DEY3031B,"Freightliner M2, Heavy Duty",2004,Hybrid,12.45
DBYA3OZB2NKIM,Thomas Saf-T-Liner,2001,LNG,7.45
NRUU8UHI,Volvo VNL,2006,LNG,11.39
JUY3S105,Ford F-750,2001,Petrol,13.39
KT089LW8,Volvo VNL,2019,Electric,2.51
1QZJ2JIQ,Peterbilt 579,2017,Electric,5.29
862VL1TK,Nikola Tre,2023,Petrol,6.01
UUZUJHM8,Nikola Tre,2022,Diesel,11.32
33W9V9VY,Chevrolet Silverado 4500HD,-244,Petrol,7.64
QGTNRTML,Tesla Semi,2023,CNG,13.49
WSL5RWY5,Volvo VNL,2022,Hybrid,15.65
18LM6S0Z,Isuzu NPR,2018,CNG,14.37
DI99MAZI,Rivian EDV,2009,Electric,4.64
NNQ6993B,Mercedes Sprinter,2025,CNG,2
THB54LAB,Hyundai XCIENT,2001,Petrol,16.33
M3BZ,Mack Anthem,2011,Electric,2.63
DFH9Z3FB,Western Star 5700XE,2000,Diesel,10
FD4PI4SE,Mack Anthem,2008,Electric,2.63
6GK3LV32,Peterbilt 579,2020,LNG,8.68
LS1106P3,Hino 268,2022,Petrol,6.14
KYZU4KNL,Freightliner M2,2006,Hybrid,14.46
FN9HFEOA,Chevrolet Silverado 4500HD,2025,LNG,12.3
06MQ8I3W,Peterbilt 579,2011,Petrol,8.37
O3SO0JMT,Rivian EDV,2019,Diesel,14.21
4B09V07O,Mercedes Sprinter,2019,CNG,10.37
7NGEZK2O,Arrival Van,2016,Hybrid,15.58
CN5F86NV,Ram ProMaster,2018,Petrol,7.74
RUQ8V3OE,Hino 268,2010,1,8.29
V0BPN8U3,Hino 268,2001,Diesel,6.23
DKLY9XTB,IC Bus CE Series,2022,Electric,3.29
7QKJGUFP,Volvo VNL,2025,LNG,13.88
VT8MHFCO,Tesla Semi,2021,Diesel,12.79
3DPABO0O,Ford Transit,2003,DIESEL,5.31
74LOZGUK,Ford Transit,2016,DIESEL,13.67
Q0OB1N6Q,Hyundai XCIENT,2011,Electric,2.58
32KA4UKN,Rivian EDV,2017,LNG,7.3
RA9PAY1T,Rivian EDV,2005,Electric,4.63
K00ILU6V,Mack Anthem,2018,Diesel,13.98
CKNM7UX1,Mercedes Sprinter,2007,Electric,5.47
E1KJ9IO2,Freightliner M2,2017,Hybrid,18.43
ECJMYXGK,Hyundai XCIENT,2012,Petrol,11.1
TVMAHT3W,Freightliner M2,2011,lng,22.13
6EKWWCR1,Tesla Semi,2012,Petrol,6.48
DSNZMZIR,Peterbilt 579,2022,Hybrid,14.18
5VOIG0UW,IC Bus CE Series,2007,Petrol,6.64
CTW689MW,International LT,2017,Petrol,10.31
OP6HD7LG,Hyundai XCIENT,2004,LNG,8.49
0XG9A2N1,Tesla Semi,2011,Diesel,14.9
51N5XYOD,Ford Transit,2010,Diesel,13.53
UGNSH8I2,Mercedes Sprinter,2003,Electric,2
UKEX8NRS,BYD 8TT,2026,CNG,10.08
GU54SDD6,Freightliner M2,2016,CNG,13.99
E2OPANZ9,Hino 268,2011,LNG,9.03
4Q34B2NC,Blue Bird All American,2001,LNG,11.17
3DGMS8HW,BYD 8TT,2023,Petrol,11.53
8M22JLTF,Volvo VNL,2001,Petrol,12.33
US8EHTDC,Peterbilt 579,2002,Petrol,10.13
XHGUODI0,Freightliner M2,2004,LNG,9.17
RFQCD0Y4,Mercedes Sprinter,2000,Petrol,17.68
RR6CG1S2,Chevrolet Silverado 4500HD,2012,Electric,4.14
90UCYK3G,Tesla Semi,2012,CNG,13.12
X7GM84EI,Peterbilt 579,2017,LNG,11.48
XD3TTVGT,Mack Anthem,2009,Diesel,7.85
SCQBEXLZ,International LT,2008,Hybrid,20.0
XKDRU4C2,Thomas Saf-T-Liner,2020,Diesel,12.84
C026ZO3Z,Western Star 5700XE,2012,Hybrid,14.81
ZFJ4DZV2,Chevrolet Silverado 4500HD,2009,Electric,2.69
WDGC5AM9,Ram ProMaster,2002,Diesel,8.16
46XPJVG,Isuzu NPR,2026,Hybrid,12.6
A42NBNP6,Hyundai XCIENT,2012,LNG,7.95
PO6QQ6YT,Arrival Van,2005,CNG,15.88
AIHS87AU,Mercedes Sprinter,2007,Diesel,12.74
RPNKGD8A,Volvo VNL,2013,Hybrid,11.97
IYDCX1R0,Volvo VNL,2023,Petrol,13.04
MCDY91WJ,Tesla Semi,2020,Hybrid,18.38
QIWAQT1K,Kenworth T680,2026,Petrol,7.24
  N7YDOHMS  , International LT , 2003 , LNG , 9.62 
LZKET6S9,Freightliner M2,2001,Hybrid,18.84
TK7S1OQO,Hino 268,2026,LNG,12.63
HXPO6ZD8,Hino 268,2015,CNG,12.07
MBB3RNWY,Arrival Van,2026,Diesel,5.16
M1F3UNHH,Chevrolet Silverado 4500HD,2018,LNG,13.86
291LQ9AD,Hyundai XCIENT,2000,Electric,5.89
6GBPEXWI,Tesla Semi,2019,LNG,9.42
6DT44E2P,Volvo VNL,2021,Petrol,12.87
F3SVQAPF,Ford F-750,2021,LNG,8.78
JHO7SXCZ,International LT,2023,Petrol,17.04
   ,	, ,  , 
SOLVQBRW,Nikola Tre,2005,CNG,13.89
OGJH7G16,Arrival Van,2020,LNG,13.59
E0UDJY9N,Ram ProMaster,2013,LNG,8.42
RL6AB6BH,Freightliner M2,2005,Petrol,8.15
8IFMY72Q,Mack Anthem,2007,LNG,12.63
1XNKVB2H,Mercedes Sprinter,2001,Hybrid,12.0
JGF00HHE,Mercedes Sprinter,2001,Hybrid,17.94
A7VI1LEG,Isuzu NPR,2011,Diesel,13.73
6YQTNHNO,Tesla Semi,2014,Diesel,6.9
6B5O6UKZ,Arrival Van,2012,Electric,5.4
Q6YQ6JFG,Chevrolet Silverado 4500HD,2006,Petrol,unknown
I2VKC4GS,Arrival Van,2022,Electric,5.73
BNCQ4RGN,Ford Transit,2000,LNG,13.92
JKTC8O6M,Ram ProMaster,2006,Diesel,14.13
5A806B4G,Freightliner M2,2004,Diesel,10.19
96sk0qhv,IC Bus CE Series,2018,CNG,8.35
P86K18JQ,Freightliner M2,2023,LNG,11.27
C4RTWUZK,Freightliner M2,2019,Diesel,8.53
0SW7EXOL,International LT,2019,Petrol,
MMDNGWY7,Peterbilt 579,2025,Electric,5.86
KWEPDMI0,Rivian EDV,2006,Petrol,11.06
WNLGNY6Z,Model XXXXXXXXXXXXXXXXXXXXXXXXXXXXXXXXXXXXXXXXXXXXXXXXXXXXXXXXXXXXXXXXXXXXXXXXXXXXXXXXXXXXXXXXXXXXXXXXXXXXXXXXXXXXXXXXXXXXXXXXXXXXXXXXXXXXXXXXXXXXXXXXXXXXXXXXXXXX,2002,Diesel,12.43
ZHCZJDZ6,Freightliner M2,2007,LNG,10.61
MUZUQED0,International LT,2010,CNG,12.73
GTYRJ5A7,Mercedes Sprinter,2018,Bio-Diesel,23.12
BS0JOK1A,Mercedes Sprinter,2000,Gasoline,15.79
9VDX0BNH,Isuzu NPR,2011,Diesel,11.24
XM0BG20N,Ram ProMaster,2022,Hybrid,
UI0OMOMS,International LT,2004,Petrol,14.44
MZNR2Q4V,Freightliner M2,2004,Diesel,10.32
5RBC76UB,Chevrolet Silverado 4500HD,2000,Hybrid,21.54
P4OVUCSD,Ram ProMaster,2012,Petrol,8.36
ESBFCI5B,Arrival Van,2010,LNG,12.52
4CRXDT6Q,BYD 8TT,2008,Petrol,9.11
OOAE1FVY,Hyundai XCIENT,2000,Diesel,7.84
  S9RY0FM5  , Hino 268 , 2015 , Diesel , 10.74 
ZQ0X717H,BYD 8TT,2023,Electric,5.05
YHHX2X5D,Freightliner M2,2003,Electric,3.89
59O3Q2S7,BYD 8TT,2007,Diesel,11.95
DVXVXYI1,IC Bus CE Series,2005,Diesel,13.61
WOP7LENB,Chevrolet Silverado 4500HD,2015,CNG,11.6
D4JO09Z2,Hino 268,2004,Electric,21.27
WA0HRLWC,BYD 8TT,2024,Electric,0
3RUUWY9Z,BYD 8TT,2008,Diesel,13.74
ONU79ULG,Hyundai XCIENT,2001,Diesel,9.16
ACPZCUGW,Mercedes Sprinter,2013,Electric,2.61
2JDFYDEC,Mercedes Sprinter,2006.0,Diesel,14.56
5UAU5OGT,Hyundai XCIENT,twenty-twenty,CNG,14.54
UY6KAZ7B,Arrival Van,2006,LNG,11.51
0PE7RUDJ,International LT,2021,Petrol,13.8
CDD1HUOS,Kenworth T680,2001,Diesel,5995.3
VW07TT4L,Western Star 5700XE,2024,Electric,2.65
JR3OSVFB,Chevrolet Silverado 4500HD,2026,Hybrid,21.19
W6PHK0VX,Ford Transit,2005,LNG,7.21
KV78RTJR,International LT,2002,CNG,10.1
6MPM3LW8,Mercedes Sprinter,2013,LNG,13.23
IQISTDH4,     ,2017,Hybrid,11.18
X6J0Q5RZ,Ford F-750,2020,Diesel,7.56
TCWFYY7Z,Hino 268,2014,Hybrid,12.15
BCETH28I,Blue Bird All American,2026,Diesel,6.06
,,,,
6T9DHSZN,Nikola Tre,2005,LNG,10.08
Q0FNCL27,Mack Anthem,2008,Petrol,9.08
WLLXPJQ1,Ford F-750,2006,Electric,28.65
XZ9OZ9MT,Kenworth T680,2010,Electric,5.4
KFAZZ81S,Peterbilt 579,2020,CNG,10.39
QCMQ73XT,Nikola Tre,2022,Hybrid,13.09
AVKHAF8U,International LT,2003,Hybrid,11.54
YHJ038PZ,Western Star 5700XE,2012,Electric,3.72
AXM9NY1O,Thomas Saf-T-Liner,2003,Diesel,14.86
JHZN7P3M,Blue Bird All American,1987,Petrol,12.22
872LGSHI,Mercedes Sprinter,2022,CNG,14.68
50KUFDES,Chevrolet Silverado 4500HD,2009,LNG,9.8299202981
L0CPLXDO,Blue Bird All American,2002,CNG,8.23
2D50N97C,Hino 268,2003,Hybrid,10.45
37MYF01N,BYD 8TT,2006,Petrol,11.45
9KEG7L4C,Mack Anthem,2015,Electric,5.0
NMNFCAR5,Chevrolet Silverado 4500HD,2009,Petrol,6.13
PZNXTBW3,Volvo VNL,2008,CNG,11.48
  EMBHY3M0  , Freightliner M2 , 2018 , LNG , 8.76 
R3WD5RPI,Rivian EDV,2011,Electric,2.97
2QUNGMV3,Thomas Saf-T-Liner,2010,CNG,15.57
0F0G0XKM,Freightliner M2,2012,Petrol,7.22
r6a0h1rd,Freightliner M2,2015,LNG,12.56
kcuvcx9x,International LT,2003,LNG,13.51
8X9IHJC5,Rivian EDV,2000,Petrol,12.17
007D35GE,Ram ProMaster,2025,Hybrid,20.67
XTK87G32,Isuzu NPR,2010,Hybrid,21.52
ZSIQ10LD,Hino 268,2022,LNG,8.33
FWGUWULS,Tesla Semi,2008,LNG,8.21
M7I5O3SZ,Kenworth T680,2000,Electric,4.42
ICY6OS5Q,Arrival Van,2003,electric,2.55
ZGUQRS9Y,Nikola Tre,2023,CNG,12.35
XOMQG1L3,Thomas Saf-T-Liner,20/22,LNG,9.76
2MVFY682,Arrival Van,2007,Hybrid,12.4
,Blue Bird All American,2010,Electric,4.64
4DKFFVIK,Volvo VNL,2021,Petrol,7.74
,,,,
CCCR30Y9,Mercedes Sprinter,2016,Diesel,8.07
CN6CYO51,Ford F-750,2022,LNG,11.31
4L3NYDVO,Kenworth T680,2001,Hybrid,15.76
8U6B15X8,International LT,2003,Petrol,15.32
MW6ASGFQ,International LT,2004,Electric,2.86
,Chevrolet Silverado 4500HD,2020,Diesel,9.26
GCT8BWK8,Arrival Van,2012,Diesel,6.22
E1DLBCQA,Thomas Saf-T-Liner,2003,LNG,12.17
BXXA3389,Volvo VNL,2011,Diesel,13.15
FERFT5P0,Ford Transit,2004,Electric,5.23
WP6HWUNO,Ford F-750,2006,Petrol,15.58
WRMFDME2,Hyundai XCIENT,2013,LNG,13.53
O31YHXSO,International LT,2019,Petrol,14.3
KT7Z8WC8,Chevrolet Silverado 4500HD,2020,Electric,1123.49
T2QHN1QX,IC Bus CE Series,1987,LNG,7.97
JH7NBVJI,Western Star 5700XE,2010,CNG,14.75
U4JVJMNZ,Western Star 5700XE,2011,Diesel,13.77
XCFYHXS8,Hyundai XCIENT,2014,LNG,12.38
75TFLWES,Tesla Semi,2003,Electric,5.03
3C374FZN,Ford Transit,2015,Hybrid,15.06
Z063R6ZK,Volvo VNL,2002,CNG,19
ZUCP6V09,BYD 8TT,2004,CNG,inf
FUHYL4DY,Mack Anthem,2004,Diesel,12.05
PVZHSZ6J,Isuzu NPR,1925,Petrol,16.96
MQ7DFRAE,BYD 8TT,2024,CNG,11.4
RMPTV4PU,4363,2005,CNG,13.88
RRZOSP5R,IC Bus CE Series,2012,Electric,3.27
  KJCRF0KP  , International LT , 2006 , Diesel , 13.86 
REOGV81W,"Freightliner M2, Heavy Duty",2001,LNG,8.03
H2FOE15H,Volvo VNL,2014,Electric,4.48
5O5IB96C,Western Star 5700XE,2001,CNG,8.37
OJL9OK16,Kenworth T680,2002,Petrol,13.02
DGWZI1SH,Chevrolet Silverado 4500HD,2010,CNG,11.58
YU8VK9IX,Ram ProMaster,2001,2,7.18
NULL,Hino 268,2005,LNG,10.42
YU8GCIW2,IC Bus CE Series,2020,Diesel,8.27
MTZ1FPR7,Western Star 5700XE,2003,Hybrid,20.19
2SUFFY7I,Arrival Van,2023,LNG,7.67
IHSQ8LH1,Tesla Semi,2021,Diesel,5.52
87FDV21N,Peterbilt 579,2023,LNG,7.43
AUW224HN,Peterbilt 579,2000,Electric,4.39
Q23AMWQD,Tesla Semi,2020,LNG,12.23
M4CCEVE2,Hino 268,2004,CNG,12.94
FKV9ZWT1,BYD 8TT,,Petrol,12.49
3XZB3056,Tesla Semi,2026,lng,13.56
VUA2TFD2,Freightliner M2,2025,Diesel,10.35
49IK3TDW,Nikola Tre,2008,Hybrid,19.27
FZUO88V7,Peterbilt 579,2015,Diesel,12.36
8P5D6RVK,Tesla Semi,2014,Electric,5.12
IG1MPU1RC52EU,Mack Anthem,2004,Diesel,11.63
JXZQU8BJ,Rivian EDV,2022,Diesel,9.63
9HYDVS8F,Thomas Saf-T-Liner,2008,LNG,10.68
2VE4IRF7,Volvo VNL,2001,Diesel,13.98
Q3JS9K9B,Kenworth T680,2006,Petrol,10.84
I2IEKQD1,International LT,2008,Petrol,17.2
FX5XGH14,BYD 8TT,2003,Electric,16.45
WGXOKRJ0,Kenworth T680,2021,Diesel,5.84
JROI7BUA,Tesla Semi,2005,Electric,3.57
TJ3H14LA,IC Bus CE Series,2012,CNG,15.14
NULL,Rivian EDV,2004,Hybrid,17.41
8JOVHWT3,Nikola Tre,2020,Hybrid,10.49
GXRFU7S7,Ram ProMaster,2019,Diesel,13.14
0CHJOGGD,Tesla Semi,2003,LNG,12.26
93QMCWMC,Arrival Van,2007,Electric,4.98
ESAGKAVR,Kenworth T680,2002,Diesel,5.04
K3LV2GKO,IC Bus CE Series,2004,LNG,10.5
N/A,Peterbilt 579,2020,CNG,11.22
2J8DY0U7,Tesla Semi,2025,LNG,11.38
96T12PW4,Peterbilt 579,2009,Hybrid,10.12
RS7K310Q,Ford Transit,2007,Petrol,10.13
BT60O3JU,Rivian EDV,2005,LNG,12.16
OAGVE3OT,Hyundai XCIENT,2025,Electric,4.86
7WN7LT01,IC Bus CE Series,2003,Electric,5.17
K82NXT2V,IC Bus CE Series,2013,LNG,9.11
AEJGS5JV,Isuzu NPR,2003,Diesel,8.27
Q5AQYJRQ,Ford F-750,2026,LNG,12.38
WJND5935,Blue Bird All American,2026,Electric,17.3
JY1O2RNT,Hino 268,2009,Electric,4.52
XHWRRVAX,International LT,2022,LNG,11.07
MXGY4M1U,Chevrolet Silverado 4500HD,2008,Electric,3.89
QPW6KAWJ,International LT,2005,LNG,7.84
ULLP5EP3,IC Bus CE Series,2025,LNG,10.27
PUYY8T2T,Ford F-750,2014,Petrol,13.79
MG5M9J76,Peterbilt 579,2017,Electric,3.4
Q7DPS1DX,Hino 268,2017,CNG,11.5
Z86IOSA6,Ram ProMaster,2024,CNG,15.83
GC6PGOAV,Isuzu NPR,2008,Petrol,15.91
87MJHY79,Ford Transit,2004,Electric,17.82
4A7549MT,Volvo VNL,2007,Diesel,11.24
L7GF06SY,Mercedes Sprinter,2011,hybrid,12.58
C991JBQ6,Isuzu NPR,2010,Hybrid,16.53
9744BII3,Isuzu NPR,2002,Diesel,5.81
8PWN40E1,Hino 268,2015,CNG,10.17
6NZXZA7U,BYD 8TT,2006,Hybrid,12.83
891O72U6,Thomas Saf-T-Liner,2016,Diesel,9.27
E1TS5EG7,Isuzu NPR,2024,Electric,4.19
MFPCIJLR,Hino 268,2000,Diesel,7.95
DHTF1RXG,Tesla Semi,2001,LNG,11.64
4S4MXO5D,Ford Transit,2026,Diesel,14.86
N515CKT1,Freightliner M2,2004,Diesel,6.82
N23ZNHNS,Mercedes Sprinter,2004,Hybrid,16.99
0VNUI8CX,International LT,2007,Hybrid,14.89
JJNQPT13,Western Star 5700XE,2019,Electric,2.92
QKWJXURY,Nikola Tre,20/22,Hybrid,13.17
53XKMYES,Tesla Semi,2006,Electric,2.51
6OJFY3XW,Volvo VNL,2010,Electric,3.3
YP7VNSGO,Ford F-750,2024,CNG,8.56
WCD8LBB0,Mack Anthem,2011,Electric,5.72
3NKB56FK,Mercedes Sprinter,2019,LNG,7.01
7HF15WXF,Blue Bird All American,2018,Diesel,10.8
ICJXC3XL,Blue Bird All American,2022,Petrol,12.64
KO2LCHHC,Kenworth T680,2000,CNG,15.06
1 OR 1=1,Western Star 5700XE,2011,CNG,13.4
JM9KZ06I,Hino 268,2019.6,Petrol,6.03
DBEOKFCR,Freightliner M2,2006,LNG,8.38
7JZC58CU,Ram ProMaster,2019,Petrol,12.0
UCIPNLEV,Ford Transit,2001,Hybrid,12.3
69N40GMQ,Nikola Tre,2009,Hybrid,16.01
3W37I8AI,Chevrolet Silverado 4500HD,2026,Hybrid,17.4
UR9VTBYS,Arrival Van,2020,LNG,11.27
WB98P84L,BYD 8TT,2002,Electric,4.81
MM5IFWQC,Mack Anthem,2025,Electric,5.55
Z6QXVGGB,Blue Bird All American,2002,LNG,10.35
N6DO2GUT,Nikola Tre,2008,Petrol,14.05
FAVYQLG0,Hino 268,2024,CNG,8.78
XUPWHZZA,Kenworth T680,2014,Hybrid,10.83
  3QE3PW2K  , Rivian EDV , 2026 , Electric , 4.55 
1NZSXPEF,Hino 268,2024,Hybrid,19.9
TXO2FI95,Isuzu NPR,2009,Hybrid,20.74
U1I6XMH1,Tesla Semi,2006,Electric,4.05
9DYERXTH,Chevrolet Silverado 4500HD,2021,Diesel,7.75
L994A45I,Western Star 5700XE,1906,Electric,4.91
7VPSZBDX,Freightliner M2,2013,CNG,13.67
2SNZAYBJ,BYD 8TT,2002,Petrol,17.49
LQZHW51K,Isuzu NPR,2023,Petrol,8.72
EQTIM887,Hyundai XCIENT,2022,Diesel,11.34
TV8AKCDA,Rivian EDV,2008,CNG,8.71
GLQKBEC5,Isuzu NPR,2017,Electric,3.63
K5A0IJG5I1FWKG0,Mack Anthem,2006,Hybrid,14.06
8QZJNIUZ,IC Bus CE Series,2016,Electric,4.78
6F05EP4C,Hyundai XCIENT,2022,Electric,2.72
R85SEA6L,Volvo VNL,2003,Diesel,12.09
QLREYLEW,Freightliner M2,2020,LNG,7.45
J80E7NV7,Ford F-750,2020,Petrol,16.65
LBRP891D,Peterbilt 579,2014,Hybrid,19.34
ZGGRQSLL,Ford F-750,2015,Petrol,17.08
QJLUUJMI,Arrival Van,2003,LNG,10.26
wvmg5fze,BYD 8TT,2016,Petrol,13.75
6C15R5BO,BYD 8TT,2021,Electric,2.78
QLX1OGC3,Ford F-750,2009,Hybrid,19.34
KP96AIU0,Chevrolet Silverado 4500HD,2008,Electric,2.71
,,,,
1077SCMO,Western Star 5700XE,2017,Diesel,14.06
7JW386A6,IC Bus CE Series,2023,CNG,10.2
GR83F5U5,Ram ProMaster,2019,Hybrid,10.58
OLI86MS9,Nikola Tre,2003,LNG,12.14
ZHA5S8UD,Western Star 5700XE,2016,Diesel,7.13
DVYJHMIE,Ford F-750,2014,Hybrid,21.69
NP04BVSM,Peterbilt 579,2002,Diesel,13.11
X0B3CIPT,Blue Bird All American,2023,Diesel,9.43
62K5TSG5,International LT,2007,Petrol,11.62
W0BWYXZE,Kenworth T680,2021,LNG,8.8
C2HCMLCO,Hino 268,2003,Petrol,17.05
6TKN4KQ8,Mack Anthem,2090,Electric,3.76
9T0UY9UX,Isuzu NPR,2017,Petrol,-10.07
HUN8FITO,Rivian EDV,2020,LNG,7.07
ELGV3GUY,International LT,2024,Electric,3.65
6U2CX4AW,Volvo VNL,2003,Diesel,7.95
V4PSH45S,Volvo VNL,2006,CNG,10.74
0EHFQ3DQ,Nikola Tre,2025,Hybrid,14.26
QGU407TH,Arrival Van,2010,Petrol,12.85
7ZJ3SWEB,Blue Bird All American,2015,CNG,12.75
QGWLDB3R,Rivian EDV,2021,LNG,9.6
NGAY37VG,Freightliner M2,2015,Diesel,14.47
YGMJVBGN,Nikola Tre,2022,Hybrid,12.26
WNM7KO3V,Chevrolet Silverado 4500HD,2020,CNG,14.09
R,Nikola Tre,2011,CNG,15.79
QHDLQH1C,Nikola Tre,2001,Electric,5.26
I8E61493,Blue Bird All American,2013,Hybrid,20.65
7EY3EN29,Nikola Tre,2009,Petrol,12.2
UGFHYZ3K,Arrival Van,2020,Electric,3.51
5BICKT5G,Mack Anthem,2015,LNG,8.91
EN2ESQP2,BYD 8TT,2004,Electric,2.85
E9JLWXWU,Arrival Van,2015,CNG,12.76
6PJPSL5F,Mack Anthem,2024,LNG,13.74
SYGY1V3E,Peterbilt 579,2003,Electric,5.11
U4JFKNR1,Western Star 5700XE,2002,Petrol,15.75
RFPCVNQK,Chevrolet Silverado 4500HD,2010,LNG,11.02
MB4YBZ9N,International LT,2003,lng,5.88
MSRQCO5R,Arrival Van,2015,Diesel,13.59
O7IO2F2N,Freightliner M2,2012,CNG,12.32
62U99RUU,Hyundai XCIENT,2000,Electric,2.57
NXBAO5Y9,Mack Anthem,2010,Petrol,12.4
5A6NZNHM,Volvo VNL,2015,Electric,21.87
9NY3MUB6,Chevrolet Silverado 4500HD,2003,Petrol,6.47
GA07B3BM,Hino 268,2013,Diesel,8.78
P386FSRK,Mercedes Sprinter,2026,Petrol,12.93
ZQOUY1CP,Peterbilt 579,2008,Electric,5.21
BNP84DYT,Hyundai XCIENT,2011,Petrol,6.73
8FL7GAG6,Kenworth T680,2016,LNG,7.24
0R7FA6AH,Western Star 5700XE,2000,LNG,7.43
YL097673,Volvo VNL,2009,Petrol,
ZIKM3MVD,Volvo VNL,2002,Diesel,12.39
X308IFSX,Freightliner M2,2008,Hybrid,20.52
IHZ2F73H,Western Star 5700XE,2000,LNG,10.08
IWFPSDHF,Kenworth T680,2003,LNG,13.7
K4N7FHAY,IC Bus CE Series,2026,CNG,15.28
SDHYX9FN,Kenworth T680,2018,Hybrid,16.04
M3MBVGJW,Peterbilt 579,2024,Hybrid,21.21
F2WCC5QA,Mercedes Sprinter,2011,Hybrid,19.57
AZALHTTO,Ram ProMaster,2023,Electric,4.18
HQNYERWE,Volvo VNL,2006,Diesel,8.57
4LYF6NXX,Arrival Van,2005,Diesel,13.73
BOO703B9,Mack Anthem,2012,Hybrid,13.38
GYZTHQSE,Ford F-750,2020,Petrol,8.96
F37P6T7N,Blue Bird All American,2002,Diesel,11.24
3RFSSF1H,Ford Transit,2024,Petrol,9.14
9B5N97DP,Blue Bird All American,2008,Electric,3.88
9PWKWXXW,Chevrolet Silverado 4500HD,2025,LNG,11.56
DTO8AUBY,Rivian EDV,2013,Diesel,11.44
ZKVL8GRE,Ford Transit,2016,Diesel,12.96
ME7IJJZT,Freightliner M2,2005,LNG,13.25
NNGI8E0Q,Peterbilt 579,2010,Electric,2.91
DJIOU2H3,International LT,2002,LNG,9.22
LXYNOH6O,Hyundai XCIENT,2014,LNG,8.9
HIQJWG70,Chevrolet Silverado 4500HD,2017,Hybrid,15.86
L0XZAMKY,Western Star 5700XE,2005,CNG,12.89
RECJTR0M,Isuzu NPR,2014,Diesel,12.13
YU3TTBUY,Ram ProMaster,2006,Diesel,14.78
01FA22GH,Hyundai XCIENT,2007,CNG,10.61
5XEVRHWT,Kenworth T680,-69,Diesel,13.95
8GG2NKK3,Mack Anthem,2000,CNG,15.43
KX9M4V74,Ford Transit,2016,Diesel,9.88
C3XQ8VA8,Hyundai XCIENT,2019,CNG,15.61
LZWDGBHD,Kenworth T680,2023,LNG,8.28
SNQRF8DX,IC Bus CE Series,2026,Hybrid,15.47
16822XSJ,Nikola Tre,2011,CNG,10.0
TWFBDHRI,Hino 268,2025,Hybrid,18.15
33JPOBMU,Isuzu NPR,2005,Petrol,13.95
FL5XF50I,Mercedes Sprinter,2005,Diesel,7.67
3RUIS4DL,Rivian EDV,2008,CNG,10.02
ELTNUK65,Arrival Van,2006,LNG,11.89
FRGYAI7E,Blue Bird All American,2001,Petrol,13.26
8OICUXT6,Blue Bird All American,2025,LNG,11.47
N/A,Tesla Semi,2007,Petrol,11.27
402B0X6E,Peterbilt 579,2006,Petrol,-19.54
NHPQSHZX,Blue Bird All American,2003,CNG,15.72
28V8V3F4,Peterbilt 579,2017,Diesel,20
NFDINU31,Peterbilt 579,2007,Petrol,15.15
4BICZL7L,Thomas Saf-T-Liner,2020,Hybrid,14.08
1M4VWRBN,Nikola Tre,2025,Petrol,12.62
DKR93CVN,Volvo VNL,2036,Hybrid,11.05
D8I05391,BYD 8TT,2008,Electric,4.66
SF7OPEOF,Western Star 5700XE,2000,LNG,8.83
MMQEBBEL,Hino 268,2014,CNG,11.64
HOM1SXMC,Chevrolet Silverado 4500HD,2018,CNG,13.24
B9A31YH9,Ram ProMaster,2012,H2,7.47
NM9PJ8GE,Blue Bird All American,2025,Hybrid,19.1
JZ41DHFP,Hino 268,2020,LNG,7.58
,Mack Anthem,2008,Hybrid,12.17
7UCVKWBA,Chevrolet Silverado 4500HD,2022,Hybrid,13.31
BA0OF2AQ,Mack Anthem,2015,LNG,8.21
DE0L1OFF,Ford F-750,2018,Petrol,8.4
F6I13G9O,Volvo VNL,2019,Hybrid,15.65
EV6TJIDX,Ram ProMaster,2006,Electric,4.16
TPG53R64,International LT,2020,LNG,NULL
QD0DZMQ4,Volvo VNL élite,2018,Electric,5.0
UBZOEDL1,Arrival Van,2022,1,6.89
OHYYI5JQ,Volvo VNL,2004,Petrol,15.62
9XJYVAKX,Ford F-750,2018,CNG,11.38
TT23MCGV,Tesla Semi,2017,LNG,11.98
OOWGPY0S,Mack Anthem,2019,Petrol,17.58
KDREXSC0,BYD 8TT,2008,Hybrid,10.46
88ZD46VK,Hino 268,2025,LNG,9.23
SEI6FT7J,Ford F-750,2007,LNG,9.37
84T4WCNW,Chevrolet Silverado 4500HD,2006,CNG,12.9
JOGBFK3B,BYD 8TT,2004,Hybrid,13
6QDTECF0,International LT,2025,Diesel,6.26
19NR2I2J,Mack Anthem,2002,Petrol,14.76
HHZXTV82,Mack Anthem,2010,Petrol,15.1
X7BD30YK,Thomas Saf-T-Liner,2016,Petrol,12
C7WQ1HYH,Kenworth T680,2011,hybrid,8.35
Z1BV8205,Ford F-750,2022,Diesel,12.96
J0EH0LYE,Mercedes Sprinter,2003,Electric,0
1YH6W5OR,BYD 8TT,2006,LNG,9.55
  2LLGJ7TD  , Western Star 5700XE , 2017 , CNG , 8.54 
TRFOZLAF,Arrival Van,2022,Electric,3.55
QLC65Q2E,Mack Anthem,2021,CNG,9.65
XIYFXAKP,Ram ProMaster,2014,Petrol,9.7
ANTJD621,4663,2024,LNG,12.68
UUUUUUUU,Western Star 5700XE,2025,Petrol,14.81
C2YIX79P,Volvo VNL,2016,Diesel,9.74
1XJ7WWUD,Mercedes Sprinter,2019,Diesel,6.23
R8TUO05O,Arrival Van,2023,Electric,3.74
1098CJNJ,Rivian EDV,2019,Hybrid,21.78
DZII6TUB,,2017,Hybrid,14.15
EDOHVRJQ,Freightliner M2,2002,Petrol,14.0
LTEDJR8S,Tesla Semi,2006,Hybrid,20.41
JOTMBTBG,Hino 268,2010,Electric,3.53
A5H9DM66,Volvo VNL,2018,Diesel,12.61
YMWAZ5GK,Mack Anthem,2008,LNG,12.35
0PGNH142,Chevrolet Silverado 4500HD,2006,Electric,2.86
6F7QNEZW,Hino 268,2006,CNG,10.69
8FCV4FDE,Thomas Saf-T-Liner,2015,LNG,7.42
44TONZNQ,IC Bus CE Series,2022,Hybrid,16.76
3VPJUWHH,Ford Transit,2012,LNG,13.9
UE91QR3B,Thomas Saf-T-Liner,2005,Hybrid,15.29
AIV7BFW2,International LT,2026,LNG,13.58
GF6UMKKD,Isuzu NPR,2024,Electric,4.19
CYSH6XQG,Nikola Tre,2003,Diesel,10.83
SAS511D5,Tesla Semi,2098,LNG,10.26
C04EDDHO,Isuzu NPR,2003,LNG,8.91
BVUCZV0P,Western Star 5700XE,2021,Hybrid,17.95
D029Y6U1,International LT,2006,Hybrid,15.01
  FYNUAUM0  , Ram ProMaster , 2014 , Diesel , 10.78 
QKIHX9T0,Freightliner M2,2002,CNG,12.13
1RIZK7C5,Ford F-750,2007,Petrol,6.65
RI93P77S,Tesla Semi,2003,Petrol,7.51
8FBI8NBB,Tesla Semi,2005,Diesel,7.7
86ABQR8V,Ram ProMaster,2003,Hybrid,20.31
VX1BL6F6,Mack Anthem,2016,Hybrid,16.74
UPQVUBQE,Rivian EDV,2013,Petrol,11.67
DF5IKLEY,Volvo VNL,2001,CNG,15.02
IFFAJX39,Thomas Saf-T-Liner,2015,Electric,4.7
YNB8VJFY,IC Bus CE Series,2008,Electric,2.69
RW4B66T1,Mercedes Sprinter,2020,LNG,-inf
T3REI5I8,Hino 268,2007,Diesel,7.44
XRIBXAL1,Ford F-750,2012,Diesel,11.55
4OLN5TPI,Peterbilt 579,2007,Diesel,12.77
BH95HHZL,Thomas Saf-T-Liner,2000,Hybrid,13.75
FPCW7HLA,BYD 8TT,2002,Diesel,8.25
   ,	, ,  , 
9MM201LD,Freightliner M2,2010,Petrol,17.32
RGMUDIIQ,Rivian EDV,2022,LNG,13.2
5YNAXTBN,Blue Bird All American,2008,Electric,3.78
YHXU3ACO,Peterbilt 579,2019,Hybrid,17.53
9XM98LNX,Mercedes Sprinter,2007,LNG,12.18
NYY558UR,Mercedes Sprinter,2022,EV,10.92
GUTJFICL,Mack Anthem,2002,Electric,inf
INONMTR1,Ford F-750,2012,Electric,4.42
CMNGNLNH,Freightliner M2,2014,Petrol,8.34
P0K9K20G,Nikola Tre,2003,Hybrid,11.7
MD8ZVFSR,Western Star 5700XE,2013,CNG,11.92
FEVSTYGX,Ford Transit,2023,Diesel,9.5
J1OUOO90,BYD 8TT,2004,CNG,8606.92
E64FVF2X,Isuzu NPR,2013,LNG,7.39
OTT0BMLX,Hino 268,2003,Diesel,14.71
3OWNVBFD,,2014,Diesel,14.54
U1BACXF6,Ford Transit,2003,Petrol,10.65
4RVQCX8M,Mack Anthem,2000,LNG,10.35
7RE85XWC,Freightliner M2,1901,Petrol,13.22
CY2XBVG4,Isuzu NPR,2013,Electric,5.58
54PUIHTM,Chevrolet Silverado 4500HD,2010,CNG,9.1
SLNC07GP,Ford Transit,2023,Hybrid,13.38
A0IWHFK2,Rivian EDV,2005,Diesel,14.33
OAO650G9,Hyundai XCIENT,2017,Electric,5.13
6HKVENOC,7084,2025,LNG,13.04
6MW5VWZK,Ford F-750,2025,Electric,5.81
FZHXSI13,Western Star 5700XE,2018,LNG,8.11
8ZMMXX1C,Freightliner M2,2025,Diesel,10.75
G8SNM7V4,Tesla Semi,2026,Hybrid,14.24
K2V4ZPPZ,Hyundai XCIENT,2024,Diesel,6.56
1B7PXJBC,Nikola Tre,2000,Diesel,6.07
OJ6C08K5,Mercedes Sprinter,2012,Petrol,6.34
WOOYK92Q,Tesla Semi,2016,Diesel,9.22
1QCFB4IJ,Mercedes Sprinter,2018,Electric,2.74
S9J5QW77,Ford Transit,2011,CNG,13.97
JSZBQ9IY,Kenworth T680,2005,CNG,0
IAB2YU7Y,International LT,2004,LNG,11.03
S0JECKOU,Ford Transit,2006,Hybrid,16.73
K7SAQOC1,Hino 268,2018,Petrol,6.2
EHV1WNR1,Tesla Semi,2006,LNG,10.4
!@#$%,Volvo VNL,2020,CNG,9.23
5F4TSQ6J,Chevrolet Silverado 4500HD,2026,LNG,10.69
2T8YFOTU,Hyundai XCIENT,2018,Diesel,14.02
HTASTQEY,Ram ProMaster,2014,CNG,8.27
DTCA46FD,BYD 8TT,2005,Diesel,5.0
2SETB95M,Western Star 5700XE,2014,LNG,13.81
JN32DKNL,Ram ProMaster,2023,Hybrid,16.27
JLOPO6J0,Chevrolet Silverado 4500HD,2020,Petrol,15.82
NVK,Rivian EDV,2007,Diesel,10.38
7YOEF4K2,Blue Bird All American,2024,Electric,2.61
MS8XL762,Isuzu NPR,2006,Petrol,17.54
UB5N033R,Isuzu NPR,2019,Electric,5.52
HM7X9CCV,Nikola Tre,2025,Diesel,5.81
XIK1FKAJ,Hino 268,2025,LNG,7.99
LNF0402W,Western Star 5700XE,2005,LNG,7.1
8QJ7XZ7U,Western Star 5700XE,2000,Hybrid,21.32
XMXB9YO1,Thomas Saf-T-Liner,2003,LNG,7.07
ACGSV5BG,Hino 268,2018,LNG,9.33
XP2IR5V2,IC Bus CE Series,2003,Petrol,14.8
P1MC25SO,Ram ProMaster,2015,Diesel,9.33
0GOAJB6R,Tesla Semi,2025,LNG,11.35
SUBNRHII,International LT,2004,Electric,2.59
XH7JUOLS,Rivian EDV,2016,CNG,11.99
HRMBSKIN,Chevrolet Silverado 4500HD,2013,Diesel,8.19
PYEAVU5Y,Volvo VNL,2020,Petrol,6.98
QXPH1Y3B,Ford Transit,2024,Electric,3.22
ADSBRMK4,Freightliner M2,2004,LNG,8.13
ABU0ODKH,Chevrolet Silverado 4500HD,2022,Hybrid,17.12
O9NLUPYA,Nikola Tre,2020,Petrol,9.71
9SBYFXYW,International LT,2019,LNG,8.04
XQHMQXDK,Hino 268,2014,Hybrid,"7,82"
4QCKKEX8,Ford Transit,2013,Diesel,11.55
M44GV3Z6,Freightliner M2,2022,Diesel,12.01
K245IJDQ,Isuzu NPR,2013.4,Diesel,10.73
KRYT6EBI,Blue Bird All American,2019,Petrol,14.69
FNVDHF0X,Peterbilt 579,2011,Hybrid,13.4
EJ1OLMEI,Blue Bird All American,2016,Electric,4.32
UCDIU9NQ,Ford F-750,2018,Hybrid,11.4
KA72UIHV,Hyundai XCIENT,2019,Electric,27.17
0QZ6W8KF,Unknown,2001,Hybrid,18.66
D837FD57,     ,2005,Hybrid,17.72
FTVNQE7P,Nikola Tré,2009,Electric,3.3
EV4IY4K1,Blue Bird All American,2009,CNG,9.88
01INHKIX,Hyundai XCIENT,2025,Hybrid,17.98
PWSKV4W6,BYD 8TT,2020,CNG,8.6
I3M4KKFC,Arrival Van,2011,LNG,11.43
8EQE12QE,Arrival Van,2019,Petrol,9.34
2M175T4Y,Mercedes Sprinter,2050,LNG,13.33
QV8QDGAX,Isuzu NPR,2024,Diesel,12.72
8XHN29E9,Blue Bird All American,2005,CNG,12.69
9JVTGRWF,Mack Anthem,2026,LNG,13.29
NULL,Arrival Van,2023,Diesel,7.49
JPSG77CQ,BYD 8TT,2016,Electric,5.44
F7L8S612,Isuzu NPR,2009,Hybrid,16.45
F9CHS6OJ,BYD 8TT,2020,Petrol,13.08
0SZHJ7IY,Chevrolet Silverado 4500HD,2015,Petrol,6.9
6LECFDMI,Chevrolet Silverado 4500HD,2011,Electric,2.53
6A1ADT63,Freightliner M2,2013,Diesel,7.48
2YKGICX7,Mack Anthem,2016,Electric,3.85
OQILVZUGMIG98LSC,Kenworth T680,2015,Petrol,11.84
00EZZF8S,Hino 268,2005,Hybrid,14.46
58CM1YIR,Peterbilt 579,2011,Hybrid,15.82
IJ2FRNLX,BYD 8TT,2001,Hybrid,20.1
YH5HOA7W,Ford F-750,2022,LNG,7.65
N52KOCWD,Peterbilt 579,2007,Diesel,8.36
K5AKAD9X,Mercedes Sprinter,2010,Hybrid,17.03
9G1XH8FT,Nikola Tre,2010,Hybrid,18.42
KZGZ87MS,IC Bus CE Series,2011,Petrol,11.89
FJW4D3GL,Western Star 5700XE,2008,Petrol,11.59
VFV991AC,Mercedes Sprinter,2019,LNG,8.62
RRWQ0GEQ,Hyundai XCIENT,2018,Electric,4.54
GP41S3QW,Tesla Semi,2025,Electric,5.79
LY6PSF14,Mercedes Sprinter,2016,Diesel,8.72
8GAVFXC6,Isuzu NPR,2004,Diesel,13.47
AD5DN9DI,Hyundai XCIENT,2021,Petrol,7.06
AQUGZVFC,Hino 268,2017,Petrol,6.27
15YRZ5UK,Hyundai XCIENT,2018.2,Hybrid,12.57
56D1BIOB,International LT,2016,Electric,3.03
4WLDY8J1,Tesla Semi,2019,Electric,3.34
7QIELDVO,Hino 268,2017,Petrol,16.58
6WVSW2MB,Hino 268,2014,LNG,10.67
WG8YA7Q9,Mercedes Sprinter,2022,CNG,15.88
ECEEUTZE,Isuzu NPR,2022,Electric,3.02
TO2ZLUAB,BYD 8TT,2009,CNG,9.69
5BFVFUIP,Nikola Tre,2026,Diesel,8.88
GARYE2KQ,Hino 268,2001,LNG,9.34
ABTGDJZ0,Isuzu NPR,2002,Petrol,7.81
N/A,International LT,2005,Petrol,11.03
K2RXQ4E3,Hino 268,2012,Electric,5.68
MQ0F8XDY,Blue Bird All American,2022,LNG,11.28
4P8K0836,Freightliner M2,2009,Petrol,6.7
04HHE7IC,Peterbilt 579,2022,Diesel,9.04
2IVW6M5E,Blue Bird All American,2025,CNG,8.62
WAK7JP5P,Peterbilt 579,2009,Diesel,9.03
NULL,Chevrolet Silverado 4500HD,2011,LNG,11.01
CPY34QN5,Arrival Van,2020,LNG,13.02
J5YQWAK5,Volvo VNL,2020,Diesel,13.3
GGJ8WV0M,Ford Transit,2025,Petrol,13.13
91,Rivian EDV,2021,Petrol,11.41
SK2MLFDT,Chevrolet Silverado 4500HD,2012,LNG,10.79
YPVH042O,9892,2008,Hybrid,21.0
RDWLW7SX,Ford F-750,2026,Diesel,12.86
D7WUN6CA,Peterbilt 579,2004,Diesel,8.52
OKI1RHSD,IC Bus CE Series,2014,Hybrid,12.08
68JOV58T,IC Bus CE Series,2000,LNG,7.8
UN0FNHSU,Western Star 5700XE,2013,Petrol,9.0
OHVVASZX,Ram ProMaster,2001,Hybrid,13.48
2AB1Q70N,Peterbilt 579,2005,Hybrid,10.32
R3SHLX0S,Ram ProMaster,2012,CNG,15.12
IZ5O0J68,Nikola Tre,2007,Hybrid,19.9882665335
7UXHVDHG,Nikola Tre,2003,Diesel,6.27
YHG0HJC6,Ram ProMaster,2008,Hybrid,14.83
4JD8P32W,Chevrolet Silverado 4500HD,2013,LNG,13.28
KHVRAEMY,Isuzu NPR,2024,Diesel,12.17
NF0UL9CH,Ford F-750,2000,Hybrid,17.77
GOCSLOFB,Hyundai XCIENT,2013,Electric,4.56
J93DRI54,Thomas Saf-T-Liner,2017,Diesel,10.69
C4D4N0W9,,2013,CNG,13.74
0HXR3GJK,Hino 268,2026,LNG,0
E7TX4EM8PHY,BYD 8TT,2005,LNG,10.94
Q90DQHJ4,Mack Anthem,2007,CNG,10.65
WZKT8V3N,Ford Transit,2012,CNG,14.18
GSF6K9KO,Western Star 5700XE,2007,CNG,8.67
I8UUK5VP,Freightliner M2,2014,Hybrid,17.88
VDX4WLNS,Mack Anthem,2016,Hybrid,11.2
KP30TX8J,International LT,2002,Hybrid,10.74
JT3KBXQC,Mack Anthem,2021,Diesel,5.91
HGS59YMZ,Arrival Van,2010,LNG,13.41
Z95CTE65,Isuzu NPR,2001,Electric,5.12
6HY970TH,Ford Transit,2001,LNG,12.65
LBGEQRB6,"Freightliner M2, Heavy Duty",2019,Hybrid,15.08
EO47HFTH,Chevrolet Silverado 4500HD,2017,Diesel,24
54CO8FL6,International LT,2005,Petrol,17.44
XZ9KX8KB,Hino 268,2067,Hybrid,18.6
SMPD9TYD,Ford Transit,2001,Hybrid,19.72
VPNO8GFJ,Ford Transit,2017,Hybrid,16.07
PGYM9UC7,BYD 8TT,2026,Diesel,6.04
9QOO3T91,Freightliner M2,2026,Hybrid,10.17
7AU0QGQ5,Peterbilt 579,2022,LNG,11.76
E1J7V2A2,Tesla Semi,2023,CNG,14.55
N4QP16O0,Isuzu NPR,2000,LNG,10.09
G7F10TB8,International LT,2012,LNG,10.38
50PK5LMF,Ford F-750,2008,Hybrid,15.84
M8U5JI6N,Thomas Saf-T-Liner,2010,CNG,13.44
T9RYWWC8,Mercedes Sprinter,2004,LNG,8.38
KEI2YH4H,International LT,2015,Hybrid,21.97
8AMMZOHX,Ram ProMaster,2014,Diesel,14.4
GUCF1EK6,IC Bus CE Series,2021,LNG,9.93
,Hyundai XCIENT,2021,Hybrid,19.34
KXEF3J8J,Volvo VNL,2013,Electric,3.06
5025CNL7,Tesla Semi,2001,CNG,8.8
M4SMZOCX,Blue Bird All American,2020,LNG,12.03
RM28R3XM,BYD 8TT,2014,Petrol,16.95
ND7G0L3R,Ram ProMaster,2011,LNG,11.9
58E7428Y,Isuzu NPR,2021,Electric,5.45
CPVKHT46,Mercedes Sprinter,2017,Electric,18.4
E8BTSMAQ,Thomas Saf-T-Liner,2023,Petrol,9.61
590AR3KV,IC Bus CE Series,2004,Electric,4.55
NYMK81MA,Peterbilt 579,2021,LNG,NaN
DMGCO3TO,International LT,2019,Hybrid,17.14
0C2WKJYV,Peterbilt 579,2008,Electric,3.6
KAP0WZQX,Hyundai XCIENT,2000,Diesel,14.4
I5QOJIVV,Nikola Tre,2012,Hybrid,16.91
LYDARSS1,Isuzu NPR,2008,Hybrid,14.56
HH4HUHM7,Kenworth T680,2023,Electric,
S6NYGZ9P,Ford Transit,NULL,Petrol,8.71
MN3E8CZE,Blue Bird All American,2021,CNG,12.49
ZIMRL9QX,Nikola Tre,2026,LNG,10.22
K9DL90VN,Ford Transit,2012,CNG,11.22
QKI9NEX,Blue Bird All American,2011,Petrol,6.39
8ZD9AE4N,Western Star 5700XE,2008,LNG,11.31
ZLZOEDG9,Arrival Van,2020,Diesel,0
8L02TYY5,Kenworth T680,2010,Petrol,11.5
L4AO4WV7,Freightliner M2,2015,Diesel,13.48
2F0J3OKE,Ford F-750,2005,CNG,12.0
NEV8SOTY,Ram ProMaster,2022,Electric,3.17
JOATR9ZS,Western Star 5700XE,2026,Hybrid,18.54
XPESW8RR,Chevrolet Silverado 4500HD,2008,Electric,2.5
9X49TMY9,IC Bus CE Series,2012,Petrol,6.86
QHGDG0BV,Ford Transit,2011,Hybrid,10.96
KVZK75J9,Ford Transit,2016,Diesel,14.68
Q0DBSZYL,Mack Anthem,2004,Petrol,10.94
IDRBUECR,IC Bus CE Series,2020,CNG,9.24
V8CO2JEP,Hyundai XCIENT,2024,LNG,13.87
4SRRJIJQ,Arrival Van,2000,Electric,3.43
BLN2PWWK,Ram ProMaster,2024,Hydrogen,10.54
77KFZN1Q,International LT,2020,Electric,5.46
YO2QREEQ,Hino 268,2003,LNG,10.91
1AJO091C,Mercedes Sprinter,2019,Diesel,9.9
MPLIXMEV,Freightliner M2,2021,Diesel,8.88
7OFHEPN3,BYD 8TT,2024,Petrol,13.5
CWEL0JX3,Thomas Saf-T-Liner,2022,Electric,3.23
SWYFZDQY,IC Bus CE Series,2001,Electric,23.52
50ZYDU4X,"Freightliner M2, Heavy Duty",2000,CNG,10.72
5HWG25HJ,,2012,Electric,3.3
WDERU2PC,IC Bus CE Series,2016,Electric,4.36
N4Z04XGM,Ram ProMaster,2022,LNG,13.56
5CUEY659,Model XXXXXXXXXXXXXXXXXXXXXXXXXXXXXXXXXXXXXXXXXXXXXXXXXXXXXXXXXXXXXXXXXXXXXXXXXXXXXXXXXXXXXXXXXXXXXXXXXXXXX,2015,Hybrid,13.07
4MUTKBA4,International LT,2010,Electric,5.32
A12TYEVC,Ford F-750,2005,Hybrid,12.23
ZHFFI133,Ram ProMaster,2002,Electric,4.72
euwace9e,Mercedes Sprinter,2022,Hybrid,19.73
6Q3DSD67,Hino 268,2026,Electric,2.6
NTOBNLHP,Kenworth T680,2006,Hybrid,17.96
Z3ADHF02,Blue Bird All American,2010,LNG,13.84
D1RL6ZAZ,Rivian EDV,2003,LNG,11.59
LQ0NH0RU,Kenworth T680,2023,Petrol,6.66
LTZQWDYV,Arrival Van,2024,CNG,8.23
2WJETXZS,Blue Bird All American,2006,Hybrid,16.14
4YO0KDZJ,Nikola Tre,2000,LNG,12.05
RWO4K0VK,Hino 268,2022,LNG,N/A
AJN5XLKN,Freightliner M2,-270,LNG,13.31
JS9ED4AY,Peterbilt 579,2006,Electric,2.89
96FTWYJK,Freightliner M2,2010,LNG,10.9
PDLXILEI,Peterbilt 579,2023,Petrol,13.76
CNZ0IVSI,Hyundai XCIENT,2020,Diesel,5.55
OXLCK2OP,Hino 268,2004,LNG,9.29
27OBA89F,Freightliner M2,2004,lng,18.48
LO4RKZ30,International LT,2017,LNG,11.78
FUAM8BGD,Hino 268,2015,Hybrid,15.65
JUAEANLX,Ram ProMaster,2019,Petrol,10.68
V87WFYLA,Ford F-750,2010,LNG,8.44
2UTY4QUM,Ram ProMaster,2025,Petrol,6.83
RGHXZWE2,Western Star 5700XE,2011,CNG,15.43
ACFSF6ZF,Arrival Van,2017,CNG,14.79
PUFL1Y408H3,BYD 8TT,2019,Petrol,6.77
IJPISTAT,Freightliner M2,2016,Electric,2.82
PN74PF4I,IC Bus CE Series,2006,Diesel,13.05
GG2B9IQI,Nikola Tre,2021,Hybrid,17.77
2J07ILBT,Ford F-750,2006,Electric,5.15
B3ODF76I,Chevrolet Silverado 4500HD,2005,Diesel,6.85
DCOS516X,Peterbilt 579,2016,Diesel,8.7
XZH37LA8,BYD 8TT,2006,CNG,8.2
CZ1DW77X,Mack Anthem,2024,CNG,13.31
UYHTPMW9,Blue Bird All American,2013,Electric,3.13
T04FP7AT,BYD 8TT,2025,2,10.74
0O6H5L3X,International LT,2019,Diesel,10.75
U,Tesla Semi,2002,Diesel,12.12
KIL4DZO3,International LT,2007,Diesel,9.86
G8KJS7BB,"Freightliner M2, Heavy Duty",2003,Petrol,6.28
FIUPQKPN,Blue Bird All American,2003,Petrol,13.88
KNYSGOHK,Ram ProMaster,2017,LNG,11.23
M9DEF3H9,Mack Anthem,2011,Diesel,5.07
BNBWGSKW,Kenworth T680,2023,Petrol,15.89
TWT2I9OW,Mercedes Sprinter,2009,Petrol,17.16
Z368QOLQ,Nikola Tre,2010,Diesel,12.4
F50GZ01Z,Kenworth T680,2026,CNG,9.5
8LHPWF5X,Ford F-750,2021,CNG,14.19
847MVO9K,BYD 8TT,2002,LNG,9.44
1HGB/225,IC Bus CE Series,2003,LNG,10.29
QGMU5712,Mercedes Sprinter,2023,Petrol,7.15
CZEOL2NB,Tesla Semi,2002,Petrol,7.31
RY3YK7Y6,,2001,LNG,11.42
XJGBQFQS,Volvo VNL,2003,Diesel,6.17
6ORB3EFC,Chevrolet Silverado 4500HD,2015,Electric,NULL
GZNXCSZZ,Rivian EDV,2018,Petrol,15.46
NULL,Volvo VNL,2025,Hybrid,19.28
3SGFSUZC,Kenworth T680,2024,CNG,8.09
5ATDJ7XH,Freightliner M2,2015,Diesel,12.21
FJ2ETPSE,Arrival Van,2002,LNG,11.43
QBV33BHT,International LT,2021,Hybrid,5
4NZD2A1X,Ram ProMaster,2025,Electric,4.24
OTESU2HT,Tesla Semi,2022,Hybrid,16.02
078TXBMO,International LT,2001,LNG,8.0
M0PN9SSX,Ford F-750,2016,Electric,4.16
75UQQITL,International LT,2018,Diesel,12.85
FSH414J3,Peterbilt 579,2026,Hybrid,20.66
2hu9d7wu,Tesla Semi,2024,Petrol,14.97
MBERSC8U,Hino 268,2002,Hybrid,19.09
AXFZ4ENY,BYD 8TT,2012,Petrol,10.01
DVGNIC62,Thomas Saf-T-Liner,2026,Diesel,12.27
AB3L9V66,Ford F-750,2003,Petrol,6.13
INZVJ1FQ,Isuzu NPR,2017,Electric,5.94
1Y9NPIBN,BYD 8TT,2021,Hybrid,17.44
9CK7A7K9,Tesla Semi,2016,Diesel,6.37
GXX2DSXX,International LT,2025,Hybrid,15.73
  VEVO9ODG  , Peterbilt 579 , 2017 , LNG , 9.94 
DBK4EPBO,Ram ProMaster,2026,Electric,5.19
1W43JIBI,Peterbilt 579,2025,Diesel,14.89
1PAJEHXR,BYD 8TT,2021,Diesel,7.68
Z2ZMIGFI,Mack Anthem,2012,Electric,5.59
V1MM9432,Volvo VNL,2005,Hybrid,20.86
UUHHX4R4,Kenworth T680,2009,Petrol,17.67
WKPAWOKC,Tesla Semi,2007,LNG,12.14
NULL,Volvo VNL,2017,LNG,10.75
UEH4JGW9,Ford F-750,2025,Hybrid,15.8
ORD02HG4,,2013,CNG,15.13
88QHOQ3I,Chevrolet Silverado 4500HD,2006,Electric,2.83
BPWNESBO,International LT,2006,Hybrid,12.61
IB7LWPJO,Arrival Van,2023,Electric,13.09
YCNIDS13,Thomas Saf-T-Liner,2011,LNG,12.59
UW6ZDZDB,Ram ProMaster,2000,Hybrid,14.95
TXEO28WX,Ford F-750,2026,CNG,13.42
V4DWVHNZ,Thomas Saf-T-Liner,2021,CNG,9.47
84F4G9UU,Isuzu NPR,2006,petrol,17.41
65W64YQJ,Western Star 5700XE,2019,Diesel,14.63
K4L1ANWP,Arrival Van,2007,Hybrid,16.62
95IG9SZ3,International LT,2002,LNG,9.19
0ATVZKHI,Nikola Tre,2026,LNG,8.72
6B4626S2,Mercedes Sprinter,2021,Petrol,11.45
JJGYN7GI,Volvo VNL élite,2010,Petrol,16.45
XV98S30W,Western Star 5700XE,2006,LNG,7.15
0BMZW753,Chevrolet Silverado 4500HD,2018,Petrol,8.43
8N1I9S84,BYD 8TT,2011,CNG,12.53
E5IO3MP1,Rivian EDV,2004,Diesel,6.35
XRFUUVNV,Rivian EDV,2007,Electric,5.54
1UZ5ZCFP,BYD 8TT,2021,Electric,4.69
BT1M4XKH,Hyundai XCIENT,2006,Electric,3.24
JANKDSSB,,2017,Diesel,10.21
A87L0N9N,BYD 8TT,2013,Diesel,6.2
V44CM63Z,Freightliner M2,2016,Diesel,10.1
BJHZAXV6,Ford Transit,2008,LNG,11.72
3WG7CWW3,Peterbilt 579,2004,CNG,11.86
33B05ER5,Ford Transit,2003,Hybrid,17.46
ROTSV22H,Ford Transit,2004,Electric,3.58
TNGTG2LG,Hino 268,2016,Diesel,13.13
JLBV2MX6,Freightliner M2,2017,CNG,13.1
CTLQ8W95,Mack Anthem,,Petrol,7.54
VEH6O7YU,Thomas Saf-T-Liner,2007,Diesel,12.53
1KQ1YJ94,Ford F-750,2022,Hybrid,12.96
KWW5KJDU,Ford Transit,2010,CNG,14.33
NRU4UICC,Blue Bird All American,2004,Petrol,16.05
HT8XKODY,Ford Transit,2002,Hybrid,20.62
BS5MYGKN,Kenworth T680,2023,Electric,4.18
YZF5GXP3,Chevrolet Silverado 4500HD,2010,LNG,13.18
MIA63YMD,Kenworth T680,2017,Electric,4.58
DU7RMXFF,Tesla Semi,2018,Petrol,7.37
C06S7U9Y,Freightliner M2,2022,LNG,16
7L6Z6EN9,Kenworth T680,2007,Electric,2.92
7J2XI3TA,Blue Bird All American,2020,Petrol,13.26
BFONH6FN,Peterbilt 579,2014,Petrol,15.73
ZUJBOO0F,Ford F-750,2023,Hybrid,13.16
Q3P06VLN,Ram ProMaster,2024,Hybrid,14.01
1FB0GQ3A,Kenworth T680,2006,LNG,12.34
VJJZ8F3U,Tesla Semi,2021,Petrol,16.82
32XRLQIC,Tesla Semi,2026,CNG,14.6
RFOI0HLA,Kenworth T680,2000,Petrol,7.99
1J6JMLBC,Hino 268,2023,LNG,10.87
M,Mercedes Sprinter,2023,LNG,11.74
1UGJZGWS,Thomas Saf-T-Liner,2004,Petrol,17.93
FIGX33CM,Nikola Tre,2018,DIESEL,13.08
445QYPE3,Kenworth T680,2018,LNG,9.48
DH0V22QC,BYD 8TT,2011,Hybrid,15.86
F0OFDRCL,Volvo VNL,2005,LNG,0
YFL2PWO9,International LT,2021,CNG,0
DHT5G7H1,Blue Bird All American,2004,LNG,7.61
SG6BYHAD,Volvo VNL,2017,LNG,7.34
DO8SDXAM,Freightliner M2,2020,Petrol,15.55
EHQ403IV,BYD 8TT,2001,Hybrid,10.2
9OHCWRLJ,Hyundai XCIENT,2003,Hybrid,19.83
D5OUVPVA,Tesla Semi,2004,CNG,
LG6P87ID,Blue Bird All American,2005,Diesel,8.16
2X4WB2AI,Ford Transit,2016,CNG,10.51
7V0RA01J,Freightliner M2,2004,Hybrid,29
Y0TB1ZPP,Mack Anthem,2003,Diesel,9.38
S455MNIN,Western Star 5700XE,2018,LNG,9.82
1URMO96H,Ford Transit,2023,Petrol,14.1
779U7C1A,Ram ProMaster,2021,Diesel,10.34
I14Z9PAT,Blue Bird All American,2006,Hybrid,20.4
7R90M1Y7,Arrival Van,2023,Petrol,9.69
FI23N7ZL,Chevrolet Silverado 4500HD,1931,Hybrid,17.83
2MM8WXUM,Hyundai XCIENT,2011,Petrol,17.67
0HGSC2GL,Arrival Van,2019,Diesel,10.89
4TR4GSE7,Mack Anthem,2018,Petrol,10.26
90Q5N5KX,Mercedes Sprinter,2000,Petrol,8.44
XE4A52PI,Isuzu NPR,2004,LNG,
MJEID1SD,International LT,2003,Hybrid,-4.1
SUJPMGS0,"Freightliner M2, Heavy Duty",2013,Petrol,16.89
WHITTVME,Hino 268,2002,Disel,19.14
BDTN0ABM,Ford F-750,2018,Diesel,9.74
UOOZ7PVY,Freightliner M2,2026,Electric,4.09
OU7NS1MJ,Volvo VNL,2008,Electric,0
QRT3MF3G,Mercedes Sprinter,2026,CNG,11.42
PPHOZB1U,Peterbilt 579,2011,LNG,11.05
IHT5DACJ,Peterbilt 579,2000,LNG,12.49
  1CGT431X  , Ram ProMaster , 2018 , Electric , 3.15 
6N93XH9L,Volvo VNL,2002,Electric,-5.33
6ZGYLKCS,Rivian EDV,2017,Diesel,11.66
Q4SM1560,Ram ProMaster,2026,Electric,5.03
WV20K9JX,Nikola Tre,2025,Hybrid,20.6
2TMQ8JU3,Thomas Saf-T-Liner,2015,LNG,9.45
6UFXTM05,Ram ProMaster,2003,LNG,11.15
HUPLQU3N,International LT,2000,Electric,3.96
E5C9SASJ,Arrival Van,2021,Hybrid,19.66
V23GXJ0M,Mercedes Sprinter,2019,Diesel,10.91
SRHX6NEI,Mercedes Sprinter,2009,Electric,2.95
5D95KIOU,N/A,2026,CNG,9.67
TEISVF56,Hino 268,2010,Petrol,-5.69
4FYPGPNE,Arrival Van,2015,Diesel,11.57
WGD90N0Y,Hino 268,2014,Diesel,12.31
OLQLOIMS,Peterbilt 579,2014,Hybrid,11.39
B0XM8L40,Rivian EDV,2026,Diesel,N/A
YY0YV8IY,Volvo VNL,2020,CNG,14.79
YDG1KI17,Ram ProMaster,2001,LNG,9.16
N327CTUS,Chevrolet Silverado 4500HD,2011,Petrol,11.91
H59G5HG5,Tesla Semi,2013,Hybrid,12.18
QY0GX662,IC Bus CE Series,2001,CNG,10.45
0VXT83EX,Western Star 5700XE,2009,LNG,10.99
6QFI2NCY,Ram ProMaster,2024,Electric,3.16
OMACI4IL,Hino 268,2015,Electric,3.96
JE2HNOB2,Volvo VNL,2025,Petrol,9.67
8L1Q6EV9,Arrival Van,2012,Petrol,13.91
J63HW22Z,Ram ProMaster,2024,Hybrid,11.0
NFDFZPTN,Arrival Van,2017,LNG,8.7
7XAOXWX8,Mercedes Sprinter,2023,Diesel,13.6
OH2WKJLF,International LT,2025,Petrol,7.04
V1TWBDCA,Volvo VNL,2010,Petrol,16.23
31T6ERQ5,Freightliner M2,2020,LNG,13.77
4EGNPC9V,Blue Bird All American,2022,CNG,10.17
WVVQZSXK,Hino 268,2025,LNG,9.52
JHLXQ71E,Chevrolet Silverado 4500HD,2009,CNG,8.54
B04A9YZ5,Ram ProMaster,2000,LNG,7.55
RC4RF66N,Hyundai XCIENT,2002,Petrol,14.56
BXNJ570J,Arrival Van,2026,LNG,13.13
R36E2Q2D,Rivian EDV,2025,LNG,9.72
64JY908Q,Peterbilt 579,2017,CNG,13.09
PNEI5ZRW,Tesla Semi,2014,LNG,9.77
16185IBJ,Nikola Tre,2001,LNG,11.09
332MY614,Ram ProMaster,2000,CNG,11.75
RXD356WA,Mack Anthem,2021,Petrol,7.79
GFB95KNU,IC Bus CE Series,2008,LNG,12.35
FV0QXKLR,Arrival Van,2004,Hybrid,11.45
B5N1WUHH,Volvo VNL,2019,Diesel,5.01
NN6G6DHZ,Kenworth T680,2011,CNG,8.4
D16YD6MO,IC Bus CE Series,2011,LNG,8.31
GYSPENGW,Rivian EDV,2020,CNG,15.45
4TJ0ZA1D,Isuzu NPR,2000,Hybrid,28
ZWKZWU72,Kenworth T680,2015,CNG,11.25
U4QDS0RC,Isuzu NPR,2013,Diesel,6.66
2XXZ38UW,Model XXXXXXXXXXXXXXXXXXXXXXXXXXXXXXXXXXXXXXXXXXXXXXXXXXXXXXXXXXXXXXXXXXXXXXXXXXXXXXXXXXXXXXXXXXXXXXXXXXXXXXXXXXXXXXXXXXXXXXXXXXXXXXXXXXXXXXXXXXXXXXXXX,2012,Petrol,16.56
RS0RVIH3,Nikola Tre,2018,Hybrid,13.43
4VMTTWI7,Volvo VNL,2021,Electric,5.6
E25W6XNA,Freightliner M2,2001,CNG,13.95
NF2Q0CZ2,Nikola Tre,2014,Hybrid,10.3
14X,Peterbilt 579,2010,LNG,10.73
1DZ0OX2G,Nikola Tre,2017,Hybrid,10.7
SYL7LOBQ,Rivian EDV,2023,Petrol,17.48
O7DVRYSD,Kenworth T680,2006,Diesel,5.17
D4NRE6OR,International LT,2020,CNG,8.05
VJWZ1ZEA,Freightliner M2,2017,Electric,4.65
9ENGA01Y,Rivian EDV,2011,Hybrid,12.3
892Q3GAY,Mercedes Sprinter,2022,Petrol,16.03
6QFGSXW7,Ford Transit,2014,Hybrid,15.23
MTC6HZHG,Hyundai XCIENT,2004,Diesel,5.4456293924
C9QH1J5T,Freightliner M2,2021,LNG,7.46
5CYBRU85,Ford F-750,2006,Hybrid,21.45
,Tesla Semi,2002,Hybrid,21.68
JF3QTCQ2,Ford Transit,2002,LNG,11.91
Z11SSD49,Volvo VNL,2091,Hybrid,17.17
0IW99WS4,Kenworth T680,2026,Petrol,16.81
TX871L07,Mercedes Sprinter,2009,,1.02
7OXTKR79,Nikola Tre,2001,Petrol,15.37
O0ALEB1N,BYD 8TT,2019,LNG,11.19
YALD710Q,Mack Anthem,2019,Hybrid,10.83
YHYOB4ME,Ford F-750,2009,LNG,10.02
ZQFFKWRY,Chevrolet Silverado 4500HD,2007,Petrol,"7,84"
5M6XU2D1,Hyundai XCIENT,2074,Hybrid,14.04
XYALAOZZ,Ford F-750,2024,Electric,4.26
FZQJ2IA8,Volvo VNL,2022,Electric,3.44
XG66DOFT,NULL,2021,CNG,11.6
5FWK2JPK,Thomas Saf-T-Liner,2015,CNG,12.6
R6P0O1J1,BYD 8TT 中国,2003,Diesel,6.58
L6SO282D,IC Bus CE Series,2004,Hybrid,20.43
ON8ONG5U,Peterbilt 579,2004,Hybrid,13.88
96Q1L9GQ,Volvo VNL,2006,CNG,12.53
8WJPJZ65,IC Bus CE Series,2009,Petrol,9.79
PN5HYEK8,International LT,2012,Diesel,11.04
0K7D72G9,Western Star 5700XE,2002,Electric,4.12
ZZ3ZW0SD,Ford Transit,2016,Hybrid,14.84
JHYAX808,Western Star 5700XE,2007,Petrol,14.69
JLLZ90Z2,Mercedes Sprinter,2008,Hybrid,13.53
SF9H83D2,Kenworth T680,2017,Electric,22.54
VCFHDNP9,Western Star 5700XE,2007,Electric,4.92
26ASF3P9,Ram ProMaster,2021,Petrol,11.44
7RB0MDD0,Isuzu NPR,2016,LNG,13.73
6F973P1D,Hino 268,2009,LNG,11.07
DFYLFCOJ,Ford F-750,2007,Petrol,6.32
H1KJKFHF,Western Star 5700XE,2025,LNG,11.09
D5CXBBLN,Arrival Van,2001,CNG,9.42
7AE9DUV1,International LT,2015,Electric,3.3
QSWKUOMZ,Thomas Saf-T-Liner,2021,Diesel,14.17
OK0AR93J,BYD 8TT,2018,Diesel,6.91
2W8EWHDH,Hino 268,2015,LNG,8.93
FTI211WY,Rivian EDV,2015,LNG,12.51
POI92RI5,Blue Bird All American,2022,Electric,4.35
3L7046ZM,BYD 8TT 中国,2005,LNG,13.0
P8EQ8C53,Blue Bird All American,2008,LNG,10.7
ZFSEAGJ8,Ford F-750,2004,Electric,3.06
RYR2JOIY,Ram ProMaster,2017,Hybrid,19.52
BPBX2X02,Volvo VNL,2006,LNG,9.56
S5RM3834,Isuzu NPR,2019,Hybrid,21.58
YSTYJGCR,Chevrolet Silverado 4500HD,2026,CNG,9.81
JWU7SA7I,Peterbilt 579,2022,Diesel,7.29
3EVPZZB2,Ford F-750,2019,Petrol,6.77
IVNVGJTV,Isuzu NPR,2004,Petrol,11.81
46T5BC1U,Mack Anthem,2022,Diesel,13.78
I1S9CSG0,Nikola Tre,2026,LNG,13.12
4M3Z5A0K,Blue Bird All American,2004,Hybrid,20.69
2BMJTRCA,Blue Bird All American,2055,CNG,11.46
FZXTGYS2,Ram ProMaster,2000,LNG,9.29
TE19KTXR,Arrival Van,2019,Hybrid,16.38
1PO9O2M4,Western Star 5700XE,2012,Diesel,13.56
AJJJ33GI,Mercedes Sprinter,2025,Petrol,15.84
UEDXCKRI,Ford F-750,2012,hybrid,16.21
3JLZAU3G,Thomas Saf-T-Liner,2010,Hybrid,12.28
K820PZTS,Peterbilt 579,2002,Electric,3.58
YAI7D2IP,Tesla Semi,2011,Petrol,14.58
U0GQVFP4,Freightliner M2 – 特别版,2020,Hybrid,10.95
TLOBXYYK,Ford Transit,2026,CNG,15.39
KVTORP59,Arrival Van,2013,Hybrid,11.52
CN47DVCF,Thomas Saf-T-Liner,2006,Electric,5.94
MS0FAMWQ,Ford F-750,2026,Hybrid,17.11
HD1QSMPM,Volvo VNL,2003,Electric,5.58
R1BH0MH7,Rivian EDV,2024,Diesel,14.72
GE0B6FHQ,Chevrolet Silverado 4500HD,2009,Electric,12
NL1981FK,Hino 268,2013,Petrol,12.46
M5EVLDC6,Nikola Tre,2024,Electric,25.06
JFC7P7RG,Ram ProMaster,2022,CNG,10.52
XXN039O8,Ford Transit,2023,hybrid,1.23
J3VI0RRE,BYD 8TT,2021,Electric,5.64
LG0TFLWT,6974,2013,Electric,5.22
Y5AI1DV5,Volvo VNL,2006,LNG,7.91
H73GI3GU,Freightliner M2,2072,Hybrid,16.28
O0Q0I3VP,BYD 8TT,2010,Petrol,nan
ABKN37OK,Volvo VNL,2012,Electric,4.21
7C9ZVVC1,Kenworth T680,2013,Diesel,6.95
2HLJ9QG0,Arrival Van,2002,CNG,10.97
FZPZN8VZ,Arrival Van,2021,Diesel,11.29
LUEHOOKE,Isuzu NPR,2002,Diesel,7.18
D2DE9Q1C,Western Star 5700XE,2007,Petrol,14.46
XYHAHKMU,Thomas Saf-T-Liner,2002,Hybrid,17.55
25RWRZPS,Chevrolet Silverado 4500HD,2012,Electric,2.54
P3GUFCCH,Kenworth T680,2000,Electric,3.61
S7JZ4DZI,IC Bus CE Series,2012,CNG,10.56
L9CHPU5P,Western Star 5700XE,2013,Hybrid,14.2
LL6BWLQC,Volvo VNL,2005,CNG,8.08
GKKOOS7U,Western Star 5700XE,2000,Diesel,6.23
RTT097OQ,Volvo VNL,2014,Petrol,17.56
COAYUJUE,BYD 8TT 中国,2003,CNG,14.61
72T7UVKB,Rivian EDV,2022,Petrol,11.06
Q7J92D3C,Volvo VNL,2001,Hybrid,12.8
IKKOHDEL,Hino 268,2015,ELECTRIC,18.67
CJ37D6RC,Ford Transit,2015,Hybrid,17.16
VKVM53M2,Nikola Tre,2018,CNG,12.47
F0G520J9,Volvo VNL,N/A,LNG,12.58
KVIQN52V,Western Star 5700XE,2023,CNG,12.94
1NH1S0TU,Isuzu NPR,2025,LNG,12.53
UOBX9IIN,Kenworth T680,2007,Hybrid,17.88
5M3SITCI,Nikola Tre,2010,Petrol,18.0
0E7450J4,Freightliner M2,2022,LNG,11.74
5XGCNAYK,Rivian EDV,2011,Hybrid,14.52
1BYRL14A,International LT,2008,Diesel,12.92
MY7NL7UB,Thomas Saf-T-Liner,2006,Hybrid,18.47
GPP3SUYQ,IC Bus CE Series,2002,LNG,13.65
UILPO969,Blue Bird All American,2012,Electric,5.33
AWNQZ9BE,IC Bus CE Series,2021,CNG,8.87
W2HYLSAA,     ,2016,Petrol,7.29
ZI7PIHIO,Nikola Tre,2003,LNG,12.13
5Z7NJU5W,Western Star 5700XE,2004,Diesel,9068.35
61CR197G,Arrival Van,2005.0,CNG,11.48
IYZJHP4O,Mack Anthem,2012,Petrol,11.71
7ZT4FBA0,Hino 268,2009,Petrol,16.23
2GUL9EZ3,Peterbilt 579,2004,LNG,8.7
O5610JLP,Tesla Semi,2013,Electric,17.14
6HGWLKOB,Mercedes Sprinter,2008,Hybrid,14.3
6I7J840L,Kenworth T680,2010,CNG,15.31
983JC019,Peterbilt 579,2020,LNG,11.56
J7IVK0GO,Thomas Saf-T-Liner,2024,CNG,9.73
FP0YWTI4,Kenworth T680,2019,Petrol,13.21
99106AK3,IC Bus CE Series,2012,Electric,5.38
KLRM0AEY,Rivian EDV,2026,LNG,11.5
TUO1R35G,Freightliner M2,2024,LNG,12.24
  3KNAMW7P  , Nikola Tre , 2011 , Hybrid , 15.58 
Q44NGOZN,Arrival Van,2007,Petrol,11.36
C5I8H912,Freightliner M2,2026,Petrol,12.97
4ZMH43NV,Hyundai XCIENT,2012,Hybrid,20.93
JJJJJJJJ,Peterbilt 579,2011,LNG,11.89
DBIS380F,Volvo VNL,2022,CNG,8.06
ILPLSOS0,Isuzu NPR,2006,CNG,10.71
QE4SDXK5,Hyundai XCIENT,2025,Diesel,9.87
4VUVA1SI,Kenworth T680,2009,Diesel,6.22
RJLDIXVS,Mack Anthem,2011,Diesel,12.76
4BLDQLQ1,Hyundai XCIENT,2006,Electric,3.75
TA4PBW78,Isuzu NPR,2022,Electric,3.77
98DHTEZU,Western Star 5700XE,2015,Electric,5.47
YUR4SOR8,BYD 8TT,2021,Electric,3.73
319WNI6G,Hyundai XCIENT,2004,Petrol,16.31
K2OZ8GJB,Western Star 5700XE,2013,CNG,10.26
TSXK6819,Arrival Van,2004,Hybrid,19.59
XTC1A2F1,Hino 268,2025,Hybrid,11.6
35L3ASUL,Ford Transit,2025,Electric,5.8
USWRGVZ9,Freightliner M2,2003,Electric,2.58
NX1KHQKB,Ford F-750,2020,Diesel,6.42
SDCJMO3O,IC Bus CE Series,2000,LNG,7.52
PV33I7CV,Ford F-750,2014,Petrol,15.54
7HLSZM6V,Peterbilt 579,2009,Electric,4.5
1F3D0W64,Freightliner M2,2000,Diesel,11.38
RFO4EA0H,Hino 268,2024,Diesel,13.88
ABCBABTF,Freightliner M2,2022,LNG,9.8
,Freightliner M2,2026,CNG,13.99
LLILWWML,Peterbilt 579,2009,LNG,8.74
H1XCM1SM,Hino 268,2005,Petrol,14.72
LKA91AP0,Ford Transit,2019,Hybrid,14.56
MHTTB103,Arrival Van,2021,hybrid,24.55
VXHSHV1Y,Nikola Tre,2026,Petrol,12.5
QK2OM9BK,BYD 8TT,2021,Electric,3.41
8S63E1OC,Hino 268,2020,Petrol,7.52
V35JQGCI,Ram ProMaster,2005,LNG,-4.73
2I98NKHD,Chevrolet Silverado 4500HD,2016,LNG,7.14
4MLVW8BO,Tesla Semi,2012,Hybrid,20.41
ZSKU3OCG,Nikola Tre,2021,LNG,0
ZXDF7K8UN8WIGTHRE,Blue Bird All American,2009,Diesel,10.65
2KUGEORL,BYD 8TT,2021,Diesel,7.43
7T6LWWB4,NULL,2025,CNG,9.17
2CC95JYQ,Tesla Semi,2002,Hybrid,11.99
X86Y4IYT,Blue Bird All American,2015,LNG,8.93
K3ECXYIG,Thomas Saf-T-Liner,2012,Electric,5.22
MY9ZQD7Q,Peterbilt 579,2008,Diesel,5.52
WPVS7HZI,IC Bus CE Series,2004,CNG,13.37
ZQ7GBJWA,Nikola Tre,2016,Diesel,8.32
S3IFQS2T,Ford F-750,2014,petrol,19.51
DCZP0NWN,Tesla Semi,2024,LNG,8.9
1T04UBG0,Hyundai XCIENT,2016,Petrol,16.24
A4QVZC53,Peterbilt 579,2010,Electric,5.21
RCD1MCC6,Hino 268,2016,Diesel,14.74
0305OUL9,BYD 8TT,2003,CNG,13.64
YTGXU007,Volvo VNL,2022,Hybrid,10.35
2EHCALH9,Rivian EDV,2010,LNG,10.31
7002G3YU,Peterbilt 579,2019,Electric,4.75
BPPM7O9P,BYD 8TT,2010,Hybrid,12.77
DJOT30T8,Peterbilt 579,2021,CNG,14.28
2UW305PU,Ford Transit,2001,Hybrid,15.64
FU76ZWXO,Tesla Semi,2013,LNG,7.43
QNLJJNAG,Freightliner M2,2011,LNG,12.78
EFBJBQBO,Mack Anthem,2000.1,CNG,10.29
TNNC60T1,International LT,2014,LNG,10.2
CP22UR4A,Isuzu NPR,2013,lng,16.48
RIBCRCGO,Isuzu NPR,2008,Diesel,10.17
SZ32A4TM,Rivian EDV,2015,Petrol,7.62
ZJKO0MTG,Chevrolet Silverado 4500HD,2011,CNG,9.75
0Y6A481K,Ford Transit,2019,Petrol,9.38
9KMN6TOP,Rivian EDV,2022,lng,22.57
Q8BUP7HE,Blue Bird All American,2005,Cng,4.87
2MS5JWJS,Hino 268,2023,Electric,4.08
CSZFQP2J,Freightliner M2,2019,Diesel,7.1
GSOYDIOI,Arrival Van,2026,Diesel,unknown
   ,	, ,  , 
EICGYG96,Hyundai XCIENT,2008,Petrol,10.28
E3PVVC66,Thomas Saf-T-Liner,2004,Hybrid,12.73
IOOQ2UQ9,IC Bus CE Series,2001,Electric,5.32
FVFA5QUB,Ram ProMaster,2023,Hybrid,21.74
382KKZMP,Hino 268,2023,Diesel,9.79
,Tesla Semi,2009,Diesel,5.6
DF163LRI,Tesla Semi,2022,Hybrid,13.21
FAW2J6MT,Ford Transit,2011,Petrol,4
,,,,
X9NF2BN8,Ram ProMaster,2002,Electric,4.31
P8YP7JYO,IC Bus CE Series,2002,CNG,10.09
PL0KSIR3,International LT,2014,Diesel,13.53
U22WWVRN,Arrival Van,2021,Electric,2.91
0ZG0J1K5,Ford Transit,2097,Diesel,6.1
AALB30W8,Ford Transit,2017,Diesel,12.75
X4LT3L46,Thomas Saf-T-Liner,2015,Diesel,6.12
QFFL9X2M,Mack Anthem,2009,Petrol,14.82
RRCC7A3V,IC Bus CE Series,2026,Hybrid,17.07
LC8JPR7V,International LT,2020,Diesel,9.92
VK8DQQVN,Ford Transit,2020,Hybrid,14.0
HTL8SB85,Ford F-750,2004,Hybrid,14.32
6IIN141T,Freightliner M2,2015,Electric,4.91
LY2RKJ2L,Volvo VNL,2024,Hybrid,16.39
R7WCAN8M,Thomas Saf-T-Liner,2015,Diesel,5.37
2PQXD4,Mercedes Sprinter,2018,CNG,8.96
WEJKIN8N,Isuzu NPR,2002,Diesel,14.2
9DJKUHDU,Nikola Tre,2019,Hybrid,14.81
NIBDRNC5,Blue Bird All American,2007,Diesel,Infinity
2JADRXTV,Kenworth T680,2008,Petrol,10.97
OOOOOOOO,International LT,2001,LNG,8.11
KJALW563,Kenworth T680,2026,Hybrid,11.36
SCHA50G7,Chevrolet Silverado 4500HD,2000,Hybrid,18.08
N7SQB15O,Kenworth T680,2003,Hybrid,16.38
1EJ65QQD,IC Bus CE Series,2018,Electric,3.61
716DNGXK,Chevrolet Silverado 4500HD,2016,Electric,4.8
POM373CJ,Chevrolet Silverado 4500HD,2023,CNG,15.52
EXO2A8BS,Isuzu NPR,2020,Hybrid,15.96
   ,	, ,  , 
U3S2ZPR3,Nikola Tre,2007,Diesel,13.41
YQZS5DUP,Hyundai XCIENT,2024,Petrol,14.82
122KIJ5B,Hino 268,2018,CNG,8.69
DUY68TD7,Mercedes Sprinter,2024,Electric,3.86
CKTF6LN8,Nikola Tre,2017,Electric,3.21
F9CFWAWQ,Hyundai XCIENT,2014,Petrol,16.89
  9JWAPODO  , Mercedes Sprinter , 2016 , Petrol , 13.21 
EJ0VSIAQ,Mercedes Sprinter,2025,CNG,8.6
  JZCJTFDW  , Chevrolet Silverado 4500HD , 2008 , Petrol , 9.13 
1'; DROP TABLE vehicle_registry;--,Arrival Van,2001,CNG,14.26
XRU949P9,Mercedes Sprinter,2023,LNG,9.37
BFD2H88Q,Volvo VNL,2021,Electric,4.88
5SXQKQBK,Tesla Semi,2010,LNG,10.44
9CV506NK,BYD 8TT,2024,LNG,12.51
BV94WM3B,Ford F-750,2011,LNG,7.4
MMG5OPK0,Thomas Saf-T-Liner,2000,Electric,4.92
3XIK6NRA,Tesla Semi,2016,Electric,4.57
UY0UNCBZ,Isuzu NPR,2001,Gasoline,21.79
E1ZHWY9H,Mack Anthem,2002,Electric,4.08
WY61FIVO,Volvo VNL,2005,CNG,10.9
RAYGUBEO,IC Bus CE Series,2007,LNG,9.15
C5UTMMNM,Ram ProMaster,2003,Diesel,9.26
0HZVVYXL,International LT,2030,Diesel,6.95
D2SW24WJ,Tesla Semi,2005,LNG,13.64
4G96HWD5,Western Star 5700XE,2006,Electric,"18,19"
1Y7SR3JF,Arrival Van,2013,CNG,12.48
UV5IPBXM,Blue Bird All American,2002,Petrol,10.39
AUXGILUM,Mercedes Sprinter,2022,Diesel,11.24
6R2ZKH09,Kenworth T680,2015,LNG,9.55
CVOHAJ3Y,BYD 8TT,2015,Petrol,12.25
9L8I5WUR,Volvo VNL,2022,Electric,29.48
N/A,Rivian EDV,2025,Hybrid,14.49
LE1QXRJB,Hino 268,2000,Petrol,8.67
87QOKIZL,Ford Transit,2021,Electric,3.81
HM28N4O7,Volvo VNL,2011,CNG,12.89
3D23FCZI,Ram ProMaster,2016,CNG,15.61
LWLYRR5L,Chevrolet Silverado 4500HD,2000,Diesel,11.54
FN4ZTNER,Volvo VNL,2000,Petrol,12.07
5G1REC7L,Volvo VNL,2001,LNG,"16,46"
M4R8MYYA,Hino 268,2026,Petrol,17.39
7AUNZQBI,Volvo VNL,2010,Diesel,14.16
M96TF5DB,Mack Anthem,2020,Hybrid,21.1
87Q9TZ60LW0R,Nikola Tre,2025,Electric,3.25
SGKIZF0N,Kenworth T680,2000,CNG,9.02
5JZZDZR2,Blue Bird All American,2014,LNG,9.82
T9EGVXBC,Nikola Tre,2000,Hybrid,13.84
X3H8N4YT,Ram ProMaster,2025,Petrol,16.4
ZSAH1S6R,Peterbilt 579,2024,Electric,4.66
ZNXFIRJL,Rivian EDV,2002,CNG,11.67
Q20184IW,Ram ProMaster,2022,Electric,4.36
NB92Q05Z,Thomas Saf-T-Liner,2020,Diesel,8.3
UNION SELECT * FROM users,Hino 268,2002,Diesel,10.12
MTB6T9BY,Peterbilt 579,2011,LNG,12.73
D7XOLXDJ,International LT,2016,Diesel,9.6
MS0XBZ5F,Ford F-750,2025,Diesel,6.92
2A5AMLHE,BYD 8TT,2000,Diesel,5.49
RD1I3GGL,Arrival Van,2021,Petrol,12.51
WTEC2B79,"Freightliner M2, Heavy Duty",2025,Electric,5.47
2i2pm9su,Blue Bird All American,2026,Hybrid,19.59
CFHF34PS,Hino 268,2021,Petrol,6.14
QZFFFEPF,Kenworth T680,2005,Hybrid,13.71
7N0F7OOX,Ford F-750,2000,Petrol,8.52
B92HA6EL,IC Bus CE Series,2017,Petrol,12.87
K7K3XH3U,Mack Anthem,2013,Electric,28.28
50CIIVA9,Volvo VNL,2011,Electric,3.11
CEKA5N3X,BYD 8TT,2099,Electric,4.7
A3VF02GV,Ford F-750,2025,CNG,10.59
  U39GX6PT  , Volvo VNL , 2002 , Diesel , 10.81 
T4P36YV7,Western Star 5700XE,2019,Electric,4.38
YF84TYP3,Rivian EDV,2023,Electric,4.54
amuvgrif,Arrival Van,2007,Diesel,13.54
P1WJ4MT8,Hyundai XCIENT,2016,Hybrid,14.31
N4M7N923,Isuzu NPR,2062,Diesel,5.03
C3XCVMW9,Hino 268,2016,Hybrid,10.1
BPO0BMU2,Chevrolet Silverado 4500HD,2013,Petrol,15.35
1HGB H225,Nikola Tre,2017,Diesel,12.66
S9DNPS86,Hino 268,2002,Diesel,10.08
TWRKKHX4,Mercedes Sprinter,2026,Diesel,12.09
2NGB6C7J,Kenworth T680,2001,Electric,5.06
G6CDDOIK,Tesla Semi,2024,CNG,14.32
P5R344JL,Tesla Semi,2025,Hybrid,-3.96
06mra2w1,BYD 8TT,2005,Diesel,5.19
X9ZQ03DU,Arrival Van,2014,LNG,8.61
XRV5S722,Peterbilt 579,2007,Hybrid,20.08
BW1PY825,Volvo VNL,2008,Electric,2.53
X2CYOS0F,Freightliner M2,2004,Petrol,16.18
Y9XX4K63,Ford F-750,2023,Hybrid,19.91
QGOEW2T5,Rivian EDV,2016,CNG,15.92
ZRWQEAO4,IC Bus CE Series,2025,LNG,13.04
V4E6F0R1,BYD 8TT,2006,Petrol,13.51
OBSPV2BB,Nikola Tré,2004,Hybrid,21.08
GIAV590M,Rivian EDV,2004,CNG,14.58
O3121A2W,Volvo VNL,2013,CNG,13.7
JHDNK22E,Ford F-750,2022,Electric,5.44
IS98DC7N,Thomas Saf-T-Liner,2013,Petrol,9.49
WRXD56FV,Kenworth T680,2017,LNG,10.42
308CR74I,Mercedes Sprinter,2012,LNG,10.23
  3LHB44LR  , International LT , 2019 , Diesel , 12.64 
KLCZ0AOC,Nikola Tre,2021,CNG,5
B4RB042O,International LT,2008,Petrol,13.2
,Kenworth T680,2010,Petrol,14.47
VTB9KOJW,Isuzu NPR,2014,Diesel,6.67
1X2WO8S1,Hyundai XCIENT,2013,Electric,5.48
K2K19ZXJ,Western Star 5700XE,2002,CNG,12.91
TDCL3AH4,Peterbilt 579,2012,Electric,3.7
IH1QMFMC,Hyundai XCIENT,2005,Hybrid,15.28
3H8YVK2H,Arrival Van,2020,LNG,12.54
B6OOMFJK,Freightliner M2,2026,Hybrid,12.89
GJRUBIZI,Volvo VNL,2005,Hybrid,16.92
LAQ665DL,Hyundai XCIENT,2022,Diesel,12.96
Q0H4S41F,International LT,2025,LNG,10.28
0MMRU4NS,Isuzu NPR,2023,CNG,10.31
W232UTVG,Rivian EDV,2009,LNG,9.03
1FJUGTM4,Ford F-750,2019,Hybrid,17.04
5NBSJX4E,Hyundai XCIENT,2026,Petrol,6.33
VO0NW6A3,Tesla Semi,2003,CNG,9.24
  B1YAIDNN  , Kenworth T680 , 2021 , Diesel , 7.85 
1O3TO7CO,Mack Anthem,2017,Petrol,15.86
4UW5JJZI,Chevrolet Silverado 4500HD,2024,Diesel,12.99
E9OE9419,Mercedes Sprinter,2021,Petrol,14.63
P4P8Q1D2,Ford F-750,2001,Diesel,12.39
NC41J6RW,Tesla Semi,2002,LNG,7.92
ZZ,Freightliner M2,2005,Diesel,13.7
I9MCXIQ4,Thomas Saf-T-Liner,2019,LNG,12.21
5U7906NW,BYD 8TT,2003,LNG,8.05
TAF18WXC,Ford F-750,2004,CNG,14.8
ZMAGE3WW,Freightliner M2,2002,Diesel,7.34
PLRJOY0A,IC Bus CE Series,1934,LNG,13.33
00000000,Peterbilt 579,2025,CNG,9.42
06EPODKS,BYD 8TT,2009,Diesel,9.72
TAT05IQ2,Kenworth T680,2014,LNG,9.73
YFA5MKCC,Nikola Tre,2002,Diesel,12.34
8VZ8KKD2,Peterbilt 579,2011,CNG,15.94
6GAF0T9L,International LT,2009,Diesel,14.26
5FHUOL5W,International LT,2007,Diesel,5.94
G8HZMVYD,Ram ProMaster,2003,Electric,4.46
VAY7OKYT,Blue Bird All American,2002,Petrol,14.4
FG4N69CL,Peterbilt 579,2018,Hybrid,11.7
,Blue Bird All American,2005,Hybrid,16.12
EDJ8P1GK,Kenworth T680,2020,Petrol,9.14
A5YOTYR5,Ford Transit,2020,Petrol,12.74
RAXV2DFC,Ford F-750,2010,Hybrid,10.36
779C85AF,Ram ProMaster,2004,Petrol,10.27
91UMR5CH,Thomas Saf-T-Liner,2001,LNG,7.67
I7VLESMS,Mack Anthem,2025,Hybrid,19.65
DE2HE58G,Arrival Van,2007,CNG,8.94
MXZCYWDS,International LT,2020,CNG,11.71
5GKJG2IN,Peterbilt 579,2022,Hybrid,15.5693382139
JZKDKNK2,Hino 268,2020,CNG,15.76
JVF1R3W3,Mack Anthem,2007,Petrol,9.53
WRTWTN5H,Nikola Tre,2012,Electric,27.02
MG87OI0E,Freightliner M2,2018,Diesel,10.05
1PJQ50XC,Hyundai XCIENT,2018,CNG,10.72
Z1V2YLA6,Ford F-750,2017,Petrol,13.8
Q4MYIXXJ,Freightliner M2,2004,Electric,5.38
NLV4MJG3,Ram ProMaster,2023,Electric,3.78
!@#$%,Tesla Semi,2023,Hybrid,20.34
Z14UBB4K,Mercedes Sprinter,2018,CNG,10.92
GFW8E5MF,Hino 268,2021,LNG,12.78
5HV5E5WC,Thomas Saf-T-Liner,2024,LNG,10.27
GKXR4LN2,Mack Anthem,2022,Electric,21.06
3SKXLOJS,Arrival Van,2024,Hybrid,16.57
BBDRVW9F,Peterbilt 579,2024,LNG,13.34
NYJCA,Volvo VNL,2004,Hybrid,16.48
XCEXHG02,Mercedes Sprinter,2020,Hybrid,18.91
8238XKEX,IC Bus CE Series,2005,Petrol,6.58
QZA9GL4B,Mercedes Sprinter,2026,Petrol,11.92
4AJEIMA7,Tesla Semi,2021,Diesel,12.56
7DNVHTOQ,Isuzu NPR,2006,Electric,4.69
7K1T3QQQA0OMWL,Freightliner M2,2013,Hybrid,18.02
DY1TEHPK,Chevrolet Silverado 4500HD,2017,LNG,7.07
J1IU5E1J,International LT,2024,LNG,13.86
5Z66E5CI,Tesla Semi,2009,LNG,12.99
JES0BI1P,Ford F-750,2012,Petrol,9.16
OTN46E3V,Arrival Van,2012,Diesel,11.02
9RETR8S7,International LT,2006,Electric,5.61
GE9B4UNE,Isuzu NPR,2001,Hybrid,20.54
MVEWPIHS,Volvo VNL,2016,CNG,13.18
BD8CD5N9,Western Star 5700XE,2026,Electric,5.08
YB1ORQI6,IC Bus CE Series,2016,Diesel,8.6
K9U1TK6N,BYD 8TT,2014,Petrol,16.87
PWFLQPT4,Arrival Van,2010,Petrol,0
J2JVQYIY,Western Star 5700XE,2016,Petrol,10.05
FKL7NZ4R,Mercedes Sprinter,2013,Petrol,12.49
NRVJ0UJA,Freightliner M2,2019,LNG,10.34
39GLG6AS,Freightliner M2,2026,Hybrid,5146.04
C4N53IBJ,Chevrolet Silverado 4500HD,2016,Petrol,9.84
7WG8V961,Arrival Van,2025,Diesel,12.59
S2HK44OP,Volvo VNL,2009,Diesel,13.6
MMB9EROT,Thomas Saf-T-Liner,2005,Electric,5.88
9IYD7KU5,Arrival Van,2026,Electric,4.77
A9W3VYVX,Tesla Semi,2008,CNG,12.99
XAWELMLF,Isuzu NPR,2024,LNG,11.1
LCEZH82M,BYD 8TT,2025,Petrol,10.74
A4AJPH9F,BYD 8TT,N/A,LNG,7.06
JVC6TITU,International LT,2014,Hybrid,16.22
CQ07BCEG,Peterbilt 579,2017,Diesel,6.37
FD2H08YU,BYD 8TT,2020,CNG,14.23
ZQ0M3H4J,Hino 268,2019,Electric,2.99
DIOU6UGS,Ford Transit,2016,Diesel,7.47
1R8VNRPJ,Arrival Van,2015,CNG,15.79
EF828XG8,Rivian EDV,2019,Petrol,15.44
5CX3VCL7,International LT,2023,Petrol,"13,9"
FBUJ6VUI,Blue Bird All American,2023,Diesel,567.33
PXUGYT0E,Peterbilt 579,2001,Electric,2.89
GT1B76MK,Mack Anthem,2020,Hybrid,10.11
1AWPH0DT,Freightliner M2,N/A,Petrol,15.5
J6XOJT45,Ford Transit,2003,Diesel,6.08
Z0CEC9LS,Western Star 5700XE,NULL,Diesel,6.06
GKDBSXJ0,Peterbilt 579,2018,Disel,19.93
2I5P7VWK,Mack Anthem,2003,Hybrid,16.69
QE3QY6X5,Thomas Saf-T-Liner,2024,Hybrid,17.25
LHQ8CRN9,Tesla Semi,2016,Diesel,9.96
49GGGCES,Arrival Van,2014,Diesel,14.45
47EHN6XK,Ford Transit,2006,Diesel,11.88
PGSRMWF2,Isuzu NPR,2009,Diesel,11.1
KQXP,Blue Bird All American,2005,Diesel,6.26
JOT5QUHE,International LT,2009,Hybrid,13.86
LKACZ2SU,Ford Transit,2022,Electric,-18.27
OQVCJVV0,Chevrolet Silverado 4500HD,2008,Petrol,17.85
RF8LW7Y8,Freightliner M2,2007,Hybrid,16.75
CS5LABEU,Ford F-750,2007,Diesel,12.98
  HV6UQM9Z  , Isuzu NPR , 2000 , Hybrid , 20.47 
C7CA52KV,Freightliner M2,2024,Petrol,9.39
5M4U5R1O,Thomas Saf-T-Liner,2005,Hybrid,18.01
LIXWJR1J,Mercedes Sprinter,2005,CNG,"13,69"
LS3CDOOF,Hino 268,2008,Electric,5.64
TQP5OPVQ,Hyundai XCIENT,2007,LNG,13.69
609Q1OZE,Arrival Van,2017,Hybrid,13.69
ZPA5CVOJ,"Freightliner M2, Heavy Duty",2025,Petrol,6.19
HFK78W92,Hino 268,N/A,Petrol,15.59
FMKXBCBN,International LT,2008,LNG,8.66
ZO3N6LO8,Isuzu NPR,2019,Diesel,good
05D3NIOW,Mercedes Sprinter,2020,CNG,10.13
S2PMIAY8,Blue Bird All American,2002,LNG,9.24
QS8K71MI,Thomas Saf-T-Liner,1952,Diesel,12.0
DS1D5R6J,Chevrolet Silverado 4500HD,2021,Diesel,6.66
HNUNHLKQ,BYD 8TT,2011,Petrol,15.63
2i9nwr8m,Ram ProMaster,2023,Hybrid,19.86
JP8WZ1OY,Ram ProMaster,2010,Electric,4.36
Q,BYD 8TT,2023,Petrol,17.76
0RDYTQG1,Western Star 5700XE,2001,Diesel,11.87
BVXVR62T,Ford Transit,2020,Electric,3.28
JSRWW4SV,Arrival Van,2012,Petrol,6.3
5E1HQBDY,Ram ProMaster,2026,LNG,7.06
n4gpt868,Isuzu NPR,2003,Petrol,14.77
IOTW2RHH,IC Bus CE Series,2011,hybrid,2.17
CMLE1FGU,Rivian EDV,2013,Petrol,9.28
NB9UHLND,Freightliner M2,2015,Petrol,8.28
QDFKT6E6,Nikola Tre,2009,Petrol,6.44
TOEU8S1C,Mack Anthem,2003,Petrol,11.92
NULL,Nikola Tre,2023,Petrol,8.42
X61IFU6G,Volvo VNL,2022,Electric,2.83
RLWPOECQ,Rivian EDV,2023,Diesel,12.41
9KW51TP0,IC Bus CE Series,2008,LNG,10.15
Q8ZJ7725,Ram ProMaster,2025,Diesel,6.14
AGRD1PPK,Thomas Saf-T-Liner,2005,Petrol,8.12
7UJG1UY3FRLBP5,Mack Anthem,2007,Electric,4.54
GPYR93DZ,Thomas Saf-T-Liner,2014,CNG,10.02
EKFYDE3J,Tesla Semi,2016,CNG,9.99
8OJXUG4Q,BYD 8TT,2003,Electric,3.11
6NDGJ9WO,Blue Bird All American,2017,CNG,15.12
RFI44TD1,Mack Anthem,2015,LNG,9.95
CW1KAZV6,BYD 8TT,2011,Diesel,8.82
OZODIL01,Freightliner M2,2005,Electric,4.55
2HO6D5M6,Volvo VNL,2001,Petrol,16.23
ADKXXF21,Mercedes Sprinter,2018,Electric,4.16
QJZOZAQJ,Hyundai XCIENT,2089,Diesel,9.81
LGK8D98Q,Arrival Van,2020,Petrol,14.06
TQZFB8X6,Hino 268,2017,LNG,9.38
IBHK5FCW,Peterbilt 579,2024,Diesel,7.78
93VP2KBB,Blue Bird All American,2003,1,8.51
2M5X8NQO,Hino 268,2002,Diesel,14.18
7KA6O1RX,Arrival Van,2012,CNG,13.53
VVVVVVVV,Western Star 5700XE,2009,Diesel,9.31
T5IP7AEQ,Ford Transit,2025,CNG,13.05
  OF0YTY93  , Mercedes Sprinter , 2024 , Electric , 5.25 
85MSX9EO,Nikola Tre,2016,Electric,5.47
50TT58VD,Peterbilt 579,2004,Hybrid,16.1
1DCO8BOK,Freightliner M2 – 特别版,2015,CNG,9.41
07Y9T4XY,Tesla Semi,2000,Diesel,13.64
BX9524SM,Western Star 5700XE,2013,Petrol,11.14
0MCEI409,Tesla Semi,1985,Petrol,10.67
44qb9b3z,Hino 268,2001,LNG,11.58
PU780HMQ,International LT,2002,Hybrid,
CK8L9YU0,Tesla Semi,2020,Petrol,14.01
Z85KG8X7,Tesla Semi,2001,Petrol,14.7
A1I3VQUU,Blue Bird All American,2027,Hybrid,19.58
6WNUSDKV,BYD 8TT,2024,Electric,3.85
XJTW5NTT,Ram ProMaster,2010,LNG,10.77
GPE93ZU3,Nikola Tre,2000,Hybrid,12.37
PDKXM7QE,Mack Anthem,twenty-twenty,Hybrid,12.84
U41TQZ1V,Mack Anthem,2018,CNG,10.32
TGGXF2Z1,Mack Anthém,2024,Petrol,14.48
  M9RLZIFY  , Mercedes Sprinter , 2008 , LNG , 8.83 
TP0RGIDD,BYD 8TT,2003,Electric,4.95
MSBQRJPX,Freightliner M2,2021,Diesel,7.21
DIVQNYHD,Volvo VNL,2019,Petrol,9.84
7JTBXWYO,Kenworth T680,2009,LNG,8.0
NM7GFDQO,Freightliner M2,2007,Diesel,6.56
VJ0PTJXF,Mercedes Sprinter,2002,LNG,13.61
411ECJTL,Peterbilt 579,2002,Petrol,12.23
3VJCDKRK,Rivian EDV,2016,Electric,4.11
8YOKWCIM,Peterbilt 579,2004,Electric,18.1099226631
38JTR7JI,Ram ProMaster,2014,Petrol,7.15
4BM0PWGD,Rivian EDV,2018,LNG,7.56
W6B27VMD,BYD 8TT,2021,Petrol,17.18
9BQ1BTR2,Peterbilt 579,2014,Diesel,9.95
HZLJMS6X,NULL,2015,Electric,4.85
A3HZL2UK,Chevrolet Silverado 4500HD,2010,CNG,12.19
FBZ753P6,Nikola Tre,2014,LNG,7.32
AVSL4N1Y,Ram ProMaster,2020,CNG,15.24
3Q7GKTMQ,International LT,2021,Petrol,16.89
4NDPSL73,Blue Bird All American,2019,CNG,10.57
46KOQNNV,Peterbilt 579,2026,Electric,3.12
XFX3AT25,Mack Anthem,2007,LNG,13.33
EWV000PN,Hino 268,2018,LNG,8.57
FTQGQQH7,Volvo VNL,2009,Diesel,6.41
8KRCAQBK,Ford F-750,2003,Petrol,8123.32
8ZI58QMN,Mack Anthém,2001,Hybrid,19.43
7W2K7FMX,Hyundai XCIENT,2010,Diesel,7.73
0JBZUTRU,Tesla Semi,2011,Petrol,9.88
OFJ641OK,Chevrolet Silverado 4500HD,2002,Electric,4.57
46ZP81S4,Arrival Van,2025,Diesel,13.74
NOMIOZ5D,Hyundai XCIENT,2019,CNG,11.42
00000000,Western Star 5700XE,2007,Diesel,13.61
JS12QFAW,Chevrolet Silverado 4500HD,2023,Diesel,14.11
YPUA2SJ9,Mack Anthem,2009,CNG,8.86
H3LQ1BGU,Ford Transit,1991,CNG,15.99
8CW1KPK6,Kenworth T680,2021,Petrol,13.23
BB15BPQ6,Volvo VNL,2026,Hybrid,11.04
7WA9JZXA,Freightliner M2,2013,Diesel,10.17
VSXDX5I3,Nikola Tre,2007,Hybrid,10.87
BSMJ0ESP,BYD 8TT,2025,Hybrid,17.93
<script>alert(1)</script>,Rivian EDV,2002,LNG,12.02
DAIDECTK,Mack Anthem,2019,LNG,7.05
2F0BJIEW,Kenworth T680,2009,Diesel,14.93
GBIT6RBE,BYD 8TT,2011,CNG,12.84
COJ295P1,Kenworth T680,2023,Hybrid,10.69
MNF0O396,BYD 8TT,2007,Hybrid,21.61
QVD0VS0DWAKHX065X3,Kenworth T680,2009,Diesel,9.92
IF416C6H,Blue Bird All American,2023,Petrol,11.88
S9W24XVO,Mack Anthem,2011,Electric,4.76
DTINXPO4,Volvo VNL,2017,Diesel,13.0
ETNP4AGT,Ford Transit,2000,LNG,9.24
9SLXSOL5,Tesla Semi,2016,Diesel,7.34
AB236NSC,Nikola Tre,2014,Petrol,17.51
SY2OPTFG,Tesla Semi,2012,Petrol,17.65
JTLP9YVX,BYD 8TT,2010,Hybrid,14.54
UXY9OR1A,Ram ProMaster,2013,Hybrid,12.74
  9U2XBTP6  , BYD 8TT , 2006 , Diesel , 11.94 
6AJ35S0W,Volvo VNL,2025,CNG,12.64
4WA0KNJS,Blue Bird All American,2009,Petrol,13.3
UIW7J35V,Ford F-750,2011,Hybrid,17.49
28Y1L0LA,Tesla Semi,2014,LNG,8.6
JKWQFERC,Tesla Semi,2018,lng,12.62
IQ6VPXW1,Blue Bird All American,2000,CNG,13.42
OLPT8V3K,Freightliner M2,2020,Electric,3.4
5V7WYH1X,Freightliner M2,2023,Electric,3.79
GVL3ARQ8,Western Star 5700XE,2023,Electric,11.14
AVA6FBF4,Mack Anthem,2006,LNG,9.07
6YW69OVL,Hyundai XCIENT,2098,Hybrid,14.89
9XPSEIMV,Isuzu NPR,2018,Diesel,7.2
ZRI520JM,Isuzu NPR,2016,LNG,11.02
480GP5TV,Freightliner M2,2021,Diesel,13.82
UGF5VNXG,Blue Bird All American,2008,Diesel,5.69
WW9LZHVE,Rivian EDV,2005,Petrol,17.9
Z305T2L4,Rivian EDV,2024,CNG,10.37
XG8DKY41,Kenworth T680,2024,Diesel,7.71
HBABOI0S,Mack Anthem,2018,LNG,13.75
8DH2J95Z,Hino 268,2014,CNG,15.48
SP4V7NM7,Western Star 5700XE,2020,Electric,3.51
HU63RXWM,Kenworth T680,2001,Diesel,11.09
LP0G8GC2,Peterbilt 579,2021,Hybrid,19.16
92VN8R0Y,Nikola Tre,2019,Petrol,16.16
  JAT0I9VC  , Arrival Van , 2002 , LNG , 11.37 
WTDC8AZ5,Volvo VNL,2025,Diesel,0
ZJV9ZLMC,Model XXXXXXXXXXXXXXXXXXXXXXXXXXXXXXXXXXXXXXXXXXXXXXXXXXXXXXXXXXXXXXXXXXXXXXXXXXXXXXXXXXXXXXXXXXXXXXXXXXXXXXXXXXXXXXXXXXXXXXXXXXXXXXXXXXXXXXXXXXXXXXXXXXXXXXXXXXXXXXXXXXXXXXXXXXXXX,2021,Hybrid,16.66
4507XT2C,IC Bus CE Series,2020,Electric,4.55
DEEEFAVE,Nikola Tre,2013,Electric,3.71
ZQQ5EB9I,Kenworth T680,2020,CNG,13.43
MQW20X3R,Ford F-750,2018,Diesel,11.14
null,Thomas Saf-T-Liner,2007,CNG,15.15
RA1BJ6OL,Thomas Saf-T-Liner,2024,LNG,13.11
3WNUP19W,Tesla Semi,2019,Hybrid,20.54
92PTG832,Peterbilt 579,2007,Hybrid,12.39
YJJ5POBD,Ford F-750,2019,Hybrid,18.75
JFTKU4M6,Mack Anthem,2019,Electric,2.59
CNVNT2QF,Mercedes Sprinter,2005,Hybrid,20.12
UKLY0OUD,Peterbilt 579,2026,Electric,2.78
6LLCEZWJ,Tesla Semi,2021,LNG,11.51
EYJDCOH5,Hyundai XCIENT,2024,Hybrid,18.28
AXWE7EXC,IC Bus CE Series,2020,Petrol,7.25
Y6QXDSGV,Rivian EDV,2017,CNG,9.08
JU1BP9JS,Rivian EDV,2007,Hybrid,14.22
4VBMPKIJ,BYD 8TT,2019,CNG,13.95
DO2JIC5L,Freightliner M2,2013,Petrol,13.75
ZXN4GYVY,Nikola Tre,2004,Petrol,17.54
JK38O5ZJ,Ram ProMaster,2021,Hybrid,10.61
FNTTUYSH,Volvo VNL,2014,CNG,10.02
8P6Z4K23,Arrival Van,2014,Diesel,14.22
TJ2GWD8U,Volvo VNL,2006,Hybrid,19.07
LM2LW7ZR,Tesla Semi,2022,Diesel,9.57
F6DQ4LZ3,Western Star 5700XE,2001,LNG,10.79
G4C0G85W,5847,2015,Hybrid,18.96
SUGA7PGD,Ford Transit,2025,LNG,9.56
72CBC1NG,Peterbilt 579,2004,Electric,5.5
NT1UZYMP,Ford Transit,2025,Electric,5.45
HIP8HM6L,Mercedes Sprinter,2011,Hybrid,20.09
T4J7XN0F,Hyundai XCIENT,2022,Diesel,13.26
3I6KDPR2,Nikola Tre,2004,LNG,11.87
40NPSMHV,Freightliner M2,2008,LNG,10.85
64W0HY3F,International LT,2002,Hybrid,17.65
RN5HOGHT,Kenworth T680,2024,CNG,14.91
IPUV58OH,Volvo VNL,2026,Petrol,12.77
PKE6EF92,Ford F-750,2024,Diesel,5.69
AKP7F0M3,Mack Anthem,2022,LNG,9.38
DF3JPHNB,BYD 8TT,2019,CNG,8.32
ABXT27V2,     ,2006,Hybrid,12.59
8B9QCL3O,Chevrolet Silverado 4500HD,2018,Electric,4.18
S4R9U06K,     ,2025,Hybrid,18.42
37DYKVEA,Ram ProMaster,2019,Electric,2.64
CUXC2HUX,Freightliner M2,2019,Hybrid,16.26
F0GN99NV,Tesla Semi,2006,Hybrid,-16.16
RV8G4DYU,Nikola Tre,2001,Electric,4.45
R5HC2SRB,Chevrolet Silverado 4500HD,2016,CNG,12.27
1XNPWCSQ,Peterbilt 579,2023,Diesel,8.84
3NHKQHDL,Ram ProMaster,2009,LNG,9.57
LAKN16MU,Arrival Van,2002,Hybrid,16.66
LROB938T,Rivian EDV,2000,Diesel,9.82
SD23BC2U,Ford F-750,2002,Hybrid,14.81
PCCJY0KI,Isuzu NPR,2026,Diesel,0
XU43LC6J,BYD 8TT,2012,Electric,2.79
X7A1L1CE,International LT,2009,Hybrid,14.83
60RS6C4X,Ford Transit,2026,LNG,11.12
JN3EBFSR,International LT,,Hybrid,19.51
SHON36J9,Kenworth T680,2000,Petrol,11.27
05HD662H,Peterbilt 579,2014,Petrol,10.92
DANICTV3,Ram ProMaster,2043,Diesel,12.82
iwluln8f,International LT,2005,CNG,8.89
MYM5,Ford Transit,2020,Petrol,14.5
6MFBU8PY,Hyundai XCIENT,2020,CNG,8.85
3O5O30MD,Isuzu NPR,2003,LNG,9.55
VHDKN14Y,IC Bus CE Series,2011,Hybrid,21.27
LZ9M7XBF,Western Star 5700XE,2013.1,Diesel,10.95
A475PQMT,Thomas Saf-T-Liner,2013,Diesel,3
SJ684ZTL,Mack Anthem,2006,Diesel,5.14
KVS9VYH0,Freightliner M2,2000,Diesel,7.81
7CZR7XWQ,International LT,2013,CNG,14.18
O8FC17C3,Isuzu NPR,2020,Electric,3.33
FD9RGPCR,IC Bus CE Series,2022,Diesel,9.75
2UNGRZ1V,Rivian EDV,2020,Diesel,10.72
P1E6K6Z9,International LT,2010,CNG,13.28
XIBY4Z3K,Thomas Saf-T-Liner,2007,Petrol,7.5
IHFPWGQM,Mack Anthem,2006,Petrol,11.97
20VEKPYR,Mack Anthem,2018,CNG,12.88
,Mack Anthem,2008,LNG,7.92
9R304ABI,Ram ProMaster,2024,Hybrid,10.73
Y4I9O5AS,Hyundai XCIENT,2001,Electric,2.55
G41RK4MK,Rivian EDV,2025,Hybrid,14.95
PZFD35RX,Rivian EDV,2004,LNG,13.51
F8YC8GZK,Peterbilt 579,2010,CNG,9.14
GFJBWKUA,Tesla Semi,2026,LNG,9.5
XNM4YO6U,Freightliner M2,2021,LNG,11.34
LOQKIE6Q,Ford F-750,2009,Petrol,9.13
PQIPG8XM,IC Bus CE Series,2022,Petrol,7.54
F8J7JVYL,Blue Bird All American,2000,Petrol,12.85
NU7UHTFV,Ford F-750,2006,Hybrid,18.21
GT2UTZMR,Unknown,2024,Petrol,11.74
639B4R68,Freightliner M2,2025,LNG,9.38
DHTHRUU5,Peterbilt 579,2023,Diesel,13.87
0P4775B5,Blue Bird All American,2012,CNG,11.18
SBNU69IM,Blue Bird All American,2012,CNG,9.92
ZHHIZEBG,Mercedes Sprinter,2009,Diesel,7.64
3YXTBUQF,Freightliner M2,2012,Petrol,17.47
DFEIQI0H,NULL,2016,Hybrid,17.9
93KGQS7L,Unknown,2024,Diesel,9.25
TBPM32HN,Ford Transit,2004,Diesel,6.58
RWDOTD88,Rivian EDV,2014,CNG,8.28
KZRUIN3O,Peterbilt 579,2018,Petrol,8.4
3N87MYMR,Isuzu NPR,2023,CNG,13.92
V61LFNRB,Peterbilt 579,2022,Petrol,"15,92"
C6WS4RQ4,Mercedes Sprinter,2025,Hybrid,15.78
9MEN3SHJ,Mack Anthem,2013,Electric,3.0
00000000,Ford F-750,2026,Diesel,11.91
0876024P,Freightliner M2,2026,Petrol,10.96
NULL,Blue Bird All American,2023,Electric,4.13
B6II725E,Isuzu NPR,2016,,24.73
EDCCXFJ4,Chevrolet Silverado 4500HD,1969,Electric,4.27
,,,,
7LXMZKG8,Hino 268,2009,Diesel,11.13
C6H52MJ1,Isuzu NPR,2010,LNG,13.1
8MBO63OT,Arrival Van,2014,LNG,8.26
AA6Y87QS,Chevrolet Silverado 4500HD,2008,Hybrid,14.71
Q5O4HGI3,Volvo VNL,2006,Electric,8.1346288144
4GJHJJ30,Nikola Tre,2025,Petrol,15.53
J98202RS,Western Star 5700XE,2017,Hybrid,20.97
7Y02JUQZ,BYD 8TT,2009,Electric,4.14
KK3TAM4B,Chevrolet Silverado 4500HD,2023,Diesel,7.25
Z6RM3CUF,Thomas Saf-T-Liner,2021,LNG,7.84
NZOEVVDP,Nikola Tre,2022,CNG,10.98
QL7J5FY4,International LT,2001,Diesel,4707.18
ZZQZBQTE,BYD 8TT,2000,CNG,11.16
23SBKP1L,Hyundai XCIENT,2020,Hybrid,11.95
FYR5LDQT,Isuzu NPR,2008,Petrol,17.93
JIMOJO4A,Ford F-750,-205,Petrol,12.69
UFJ3LRWP,International LT,2004,Electric,5.51
DBACIQ4Q,Freightliner M2,2015,EV,7.29
QJEOLQEA,International LT,2007,LNG,10.85
2TH32YRI,Isuzu NPR,2009,Electric,5.51
WJ0TPAC5,Mack Anthem,2017,LNG,7.25
Y440FIXZ,Thomas Saf-T-Liner,2017,LNG,10.45
CU2EM8QR,Hyundai XCIENT,2024,Hybrid,20.63
3CSJH4V7,Mercedes Sprinter,2025,Petrol,17.86
0HVNFW3X,Isuzu NPR,2015,Hybrid,21.47
QFU0RG1S,Blue Bird All American,2003,CNG,10.73
XLX3DEWS,BYD 8TT,2024,LNG,9.6
DEIDPG3I,Ford F-750,NULL,Electric,4.61
45IP65PL,Chevrolet Silverado 4500HD,2019,Diesel,5.96
6HTA57AG,Kenworth T680,2007,LNG,11.88
4PPAJX4B,IC Bus CE Series,2000,Hybrid,18.95
1F3H1D1Y,Ram ProMaster,2014,Hybrid,13.64
RRWWC0RA,Hyundai XCIENT,2021,Diesel,5.01
FX7XJZ6U,Ram ProMaster,2022,Diesel,14.4
C9NBDZHC,International LT,2010,Hybrid,18.78
KORDOWYJ,Ford F-750,2003,Petrol,17.13
FVYG65VC,Hyundai XCIENT,2026,Electric,29
6P61XUFC,Tesla Semi,2023,Electric,2.91
YT97NCSW,Volvo VNL,2008,Hybrid,15.52
7L9THN45,Ram ProMaster,2011,Hybrid,19.6
5ZGBSVO9,Ford F-750,2023,CNG,14.61
JJY94H4K,International LT,2023,Diesel,10.34
LLKBHF73,Ford F-750,2013,Electric,-inf
5RDP8RYG,Western Star 5700XE,2019,CNG,13.89
NL0K0NYJ,Mack Anthem,2026,Petrol,16.14
AK7EUCZ5,Ford Transit,2015,Petrol,10.18
EG1Y9XCA,Nikola Tre,2014,Hybrid,14.59
' OR '1'='1,Arrival Van,2017,CNG,10.4
6YAH56YZ,"Freightliner M2, Heavy Duty",2025,Electric,5.1
OVEUUR65,International LT,2004,Electric,5.12
4L3KHYFK,Arrival Van,2025,Electric,5.4
I11DE1YU,Freightliner M2,2013,LNG,8.3
XIPXVGSG,Tesla Semi,2010,LNG,10.74
  EYRYNZ0J  , Nikola Tre , 2021 , LNG , 12.9 
IW8UOJA5,Peterbilt 579,2002,Petrol,10.61
AXSSWR84,,2022,Electric,2.51
ES0020NK,Freightliner M2,2021,Petrol,12.75
E7M0IT1H,International LT,2014,LNG,12
VFH3NPBD,Rivian EDV,2009,CNG,14.95
FMKFNNL3,Nikola Tre,2020,LNG,9.68
H4HMAI1U,Ford F-750,2018,Hybrid,20.9
YH2ENAOZ,Hyundai XCIENT,2021,Diesel,11.69
MUBBG15X,Nikola Tre,2000,Diesel,13.04
E7DNE1MK,Volvo VNL,2014,LNG,7.33
SL59CPEJ,Arrival Van,2000,Hybrid,14.13
FYL9LS8T,Nikola Tre,2000,Petrol,12.18
1J4KSB7T,Hyundai XCIENT,2014,Electric,8151.01
SZGWLYQD,Peterbilt 579,2000,Diesel,11.24
AA00NCWU,"Freightliner M2, Heavy Duty",2017,Electric,3.44
GESWT8L6,Kenworth T680,2012,Electric,5.73
DVNFF2WC,International LT,2004,Petrol,9.0
CRCLWPGS,Volvo VNL,2016,Electric,4.8
WIQLD322,Ram ProMaster,2015,Electric,4.59
P19MQQZ3,Peterbilt 579,2004,Hybrid,18.37
DVRIFUVZ,Chevrolet Silverado 4500HD,2004,Electric,2.79
AZ2EVEIL,Western Star 5700XE,2003,LNG,10.53
K6R9BSL4,Volvo VNL,2025,Electric,4.92
UFL9800W,Ford Transit,2018,Electric,2.66
ZVMWZL1U,BYD 8TT,2001,Diesel,inf
YZMG9XJU,IC Bus CE Series,2021,Electric,3.75
7PRM9943,Nikola Tre,2022,Electric,5.17
HJ5SC36U,Ford Transit,2002,Petrol,8.53
EBGPVYFS,Hyundai XCIENT,2013,Petrol,16.85
IBHBHU6D,Volvo VNL,2004,Electric,3.04
GDFG32SD,Thomas Saf-T-Liner,2024,Hybrid,16.43
90T1II52,221,2014,CNG,12.01
VKFKF2N9,Ram ProMaster,2006,Hybrid,18.73
3X6ZLIM1,Volvo VNL,2017,Petrol,16.14
NBN7GGGJ,BYD 8TT,2015,Petrol,12.22
T78KIQW8,Kenworth T680,2016.5,Diesel,11.13
02CGSBO3,Mercedes Sprinter,2016,Diesel,5.02
CEOLMRXU,Ford Transit,2018,Electric,2.96
7F1K879C,Rivian EDV,2026,LNG,18.0875266047
R5PCZEKF,Volvo VNL,2025,Electric,2.56
ZOJJYZT6,Tesla Semi,2023,CNG,12.0
3byvgzky,Ford Transit,2021,Electric,4.73
0KBAGUG8,Tesla Semi,2008,CNG,14.42
NUEUVLD7,Mercedes Sprinter,2026,Hybrid,21.16
QPQRW6T7,International LT,2019,Electric,3.14
WPXOW7NS,Rivian EDV,2006,Diesel,5.05
1KPFIIA9,Nikola Tre,2010,LNG,7.69
4W4FM342,Hyundai XCIENT,2014,Hybrid,10.07
B8OI9F62,Western Star 5700XE,2017,Diesel,8.04
V02AVD1C,Kenworth T680,2008,Electric,2.63
WM0KYD65,Blue Bird All American,2000,Hybrid,19.16
HZJTRZ34,Ford Transit,2019,LNG,9.24
6DDTBYRG,Kenworth T680,2012,Hybrid,13.41
BQFQ8I2W,BYD 8TT,2014,Petrol,7.24
SP0AJ77C,Tesla Semi,2014,Hybrid,21.83
8WSPF198,International LT,2024,LNG,9.93
IB835VB4,Tesla Semi,2028,LNG,13.73
6P07CVDE,Ford F-750,2012,Hybrid,13.68
8BLBB7ZC,Volvo VNL,2009,electric,10.14
MTFY719S,Hyundai XCIENT,2003,LNG,9.3
5ZQW8LM4,"Freightliner M2, Heavy Duty",2011,Hybrid,18.03
23GXRIRJ,Nikola Tre,2014,Electric,4.38
0WHS14EC,Isuzu NPR,2019,LNG,13.9
LK3FUQVU,Thomas Saf-T-Liner,2011,Hybrid,11.58
XMHBW6OM,Chevrolet Silverado 4500HD,2025,Electric,4.24
0IBA65D2,Western Star 5700XE,2023,LNG,13.05
3G48DFFS,Hyundai XCIENT,2011,Electric,3.75
VGO22IPQ,Peterbilt 579,2016,Electric,2.8
2ADLKYOF,Chevrolet Silverado 4500HD,2001,LNG,12.68
HHPYXNLQ,Ram ProMaster,2016,LNG,12.95
5UFK8ULI,Peterbilt 579,2015,Electric,3.34
FORRLL5T,Kenworth T680,2016,Hybrid,17.77
1WOO0HLL,Ram ProMaster,2024,Hybrid,16.27
IMG4Z58G,Freightliner M2,2001,CNG,11.88
B4HFAKGP,Thomas Saf-T-Liner,2015,CNG,9.38
WZFIKR41,Isuzu NPR,2021,Diesel,7.95
NULL,Rivian EDV,2018,Petrol,6.7
1ZMAUGI6,Rivian EDV,2018,Diesel,14.01
IAQIIJNN,Rivian EDV,2002,Electric,3.81
Y92P8J57,Isuzu NPR,2006,LNG,10.06
WUUMO7OP,Ford F-750,2010,Electric,5.14
L0OEXIR4,Isuzu NPR,2018,Diesel,7.39
2FPZ0HEY,Ford F-750,2022,Petrol,13.62
IMG6M88B,"Freightliner M2, Heavy Duty",2007,CNG,13.63
SOJUV0GY,Tesla Semi,2015,Hybrid,10.56
VPF9PAVC,Peterbilt 579,2017,Electric,2.88
OFTG1LMS,Chevrolet Silverado 4500HD,2006,Hybrid,11.12
LK8CIFJO,Tesla Semi,2013,Electric,5.96
V01EBS0Z,Mercedes Sprinter,2012,CNG,14.92
FENTD7KF,Blue Bird All American,2026,LNG,13.79
9W275280,Ford F-750,2018,Hybrid,15.37
E65B3CS7,IC Bus CE Series,2008,Diesel,11.38
WJ7D3YCJ,Arrival Van,2021,Electric,4.12
4KVFFLNC,Kenworth T680,2002,Diesel,12.96
YZ28C43L,Rivian EDV,2024,Electric,NaN
W42YOC7R,Ford Transit,2008,Diesel,5828.44
NVEAS838,International LT,2018,Electric,"12,19"
8T84C6PV,,2017,Electric,3.01
XBE9QZJW,Blue Bird All American,2021,Electric,3.46
H0M87ADH,Volvo VNL,2018,Petrol,9.2
KYN37MOV,International LT,2021,Electric,3.23
  KYJSDDJG  , Tesla Semi , 2024 , Diesel , 6.12 
EPRN2SNZ,Kenworth T680,2048,LNG,10.78
UR1S0CBO,Ford Transit,2022,LNG,9.95
QPPL7LIM,Isuzu NPR,2012,diesel,20.05
F2JTJTO0,Isuzu NPR,2014,CNG,9.88
KIFNZ3B2,Isuzu NPR,2012,Electric,2.87
  1BXL7NOD  , Hino 268 , 2022 , LNG , 11.79 
D96JDO7N,Chevrolet Silverado 4500HD,2002,Petrol,15.68
S8MXNMGH,Arrival Van,2004,LNG,13.59
6BO6659H,Freightliner M2,2020,Hybrid,14.79
RKCLK0N4,Ford F-750,2013,LNG,7.43
08IKZUX3,N/A,2000,Electric,2.52
CJXFXVV9,Peterbilt 579,,CNG,8.83
NHLD9BRX,Hino 268,2001,Diesel,11.18
V16SHQXM,Ram ProMaster,2007,LNG,12.13
RTXEUF70,BYD 8TT,2023,LNG,11.97
0GKQQLQ5,Blue Bird All American,2012,Hybrid,15.21
Y0TR2ZIK,International LT,2015,Petrol,8.53
FQRD3AFE,Peterbilt 579,2021,CNG,8.49
5XRGA3L7,Hino 268,2023,Diesel,9.08
CXWKBMSZ,Rivian EDV,2005,Petrol,12.79
97JQY8MV,Ram ProMaster,2018,Petrol,17.81
ZNSGTGH1,Hyundai XCIENT,2015,LNG,12.71
7GXFXLX4,Nikola Tre,2003,Electric,5.0
A2FIXRH9,Isuzu NPR,2003,Diesel,5.21
3KUB1C2X,Western Star 5700XE,2025,Electric,5.18
MNXI130W,Ford F-750,2016,Electric,3.04
OAC6T0LT,Kenworth T680,2010,Petrol,11.28
2I1497B6,Chevrolet Silverado 4500HD,2009,Petrol,17.5
2HMD2A6K,Chevrolet Silverado 4500HD,2014,CNG,13.85
FA8H0O5I,Freightliner M2,2003,LNG,7.86
XGBLUXTF,Freightliner M2,1957,Diesel,12.25
1MP4YDGQ,Rivian EDV,2058,Petrol,10.74
5YQO6XKQ,IC Bus CE Series,2016,Hybrid,19.59
4JXYHDEU,Freightliner M2,2014,CNG,10.24
BMKWRRC8,Tesla Semi,2012,Diesel,9.85
YZX4W6XL,Mercedes Sprinter,2001,Petrol,12.95
ZBPN3,Hyundai XCIENT,2026,Petrol,6.85
3UPWXWGF,Hino 268,2003,Electric,9
MYXDYB9W,     ,2009,CNG,15.75
7Y5R7UG4,BYD 8TT,2002,Electric,4.86
VG7UELN0,Ford F-750,2001,Hybrid,17.08
UGZ079PZ,Volvo VNL,2014,Hybrid,11.35
46462JW2,Ram ProMaster,2014,Hybrid,20.74
51MO6WO2,Western Star 5700XE,2014,CNG,NULL
IJ3QVVOX,Ford F-750,2023,Diesel,27
POYDVFD9,Hino 268,2015,LNG,10.34
SRGFG46K,Rivian EDV,2018,Petrol,17.5
EKWH1MQ4,Blue Bird All American,2013,Diesel,13.82
1E5J7O6R,Western Star 5700XE,2005,Hybrid,11.23
LKL4HUT6,Ram ProMaster,2018,Hybrid,16.03
ZA7MFCMO,Blue Bird All American,2006,Hybrid,20.9
07SZGGOB,IC Bus CE Series,2012,Hybrid,12.42
AWSHMLFZ,Ford F-750,2018,CNG,9.96
JMU4J8FE,Nikola Tre,2021,Electric,4.56
536IC7F8,Isuzu NPR,1999,Diesel,7.52
MUT84U4B,Blue Bird All American,2005,Diesel,10.3
AIDBSLD3,Blue Bird All American,2022,Petrol,9.04
PKH1DNMM,Hino 268,2025,Hybrid,10.52
AU3JWB2N,Volvo VNL,2012,Diesel,11.72
A3GG11VU,Freightliner M2,2021,CNG,14.19
WR6EAE5J,Tesla Semi,2026,Electric,12.29
D4XDD8IU,Rivian EDV,2019,Electric,3.98
1J55CUK5,Arrival Van,2011,Electric,5.65
B880FI3H,Western Star 5700XE,2013,Petrol,9.91
SR7I0SAS,Nikola Tre,2019,Diesel,13.73
NYPU87H0,Thomas Saf-T-Liner,2006,Diesel,9.0
D4DADVRV,Isuzu NPR,2018,Hybrid,13.67
KOH6V47J,Ford Transit,2020,Petrol,16.27
LISACLSL,Arrival Van,2023,CNG,9.45
UZVGWW4F,Arrival Van,2007,Electric,2.61
PHO16HKX,Mack Anthem,2000,Diesel,11.53
WKR38K2D,Volvo VNL,2008,CNG,8.95
EEY1ZI23,Chevrolet Silverado 4500HD,2009,Hybrid,18.61
TKQVXCRL,International LT,2005,Hybrid,20.22
HQ61CDZ6,"Freightliner M2, Heavy Duty",2023,LNG,10.75
QV9DY292,Isuzu NPR,2000,Petrol,14.5
UHEEM5ZA,Ford F-750,2007,Diesel,5.15
APEQW848,Freightliner M2,2008,LNG,9.49
ON0QEFAL,Unknown,2009,Hybrid,16.99
v5ht3icu,Tesla Semi,2020,LNG,13.5
15IGJZAE,Hino 268,2012,Electric,3.11
2D49H84P,Nikola Tre,2003,Hybrid,18.29
YQ18G75E,Arrival Van,2001,Petrol,11.54
EPWBUZ36,Hino 268,2026,LNG,9.05
S34WB1OI,"Volvo
VNL",2007,Electric,4.39
WLSSEAST,Tesla Semi,2018,CNG,13.21
22XFE51G,Model XXXXXXXXXXXXXXXXXXXXXXXXXXXXXXXXXXXXXXXXXXXXXXXXXXXXXXXXXXXXXXXXXXXXXXXXXXXXXXXXXXXXXXXXXXXXXXXXXXXXXXXXXXXXXXXXXXXXXXXXXXXX,2019,Hybrid,14.32
93ZWU9IJ,Thomas Saf-T-Liner,2022,Diesel,8.39
8SUKE8XO,Isuzu NPR,2002,LNG,13.71
UJSDO1VM,Chevrolet Silverado 4500HD,2013,Petrol,10.12
30GBKERL,Western Star 5700XE,2009,Hybrid,21.49
3NUYNUDI,Mercedes Sprinter,2008,Petrol,6.81
1TC9AW5E,BYD 8TT,2009,Electric,-5.53
7QJ900V5,Ford Transit,2005,Hybrid,12.66
AYGO09SJ,Ford F-750,2001,Electric,4.65
9W7RPP9C,Hyundai XCIENT,2012,Hybrid,16.15
19KC260H,Volvo VNL,2012,CNG,13.03
PVZ57MQL,International LT,2023,Hybrid,14.29
5PXOBZMR,Tesla Semi,2016,CNG,12.05
PMSY5YPC,Ram ProMaster,2010,Electric,4.86
YKI3SBHU,Freightliner M2,2006,CNG,10.57
Z2DCPGAN,Chevrolet Silverado 4500HD,2020,Petrol,17.44
WBVPMLGSGB29M,Nikola Tre,2015,Electric,5.83
CUN8IPLY,Mercedes Sprinter,2024,CNG,13.14
BBBBBBBB,IC Bus CE Series,2002,LNG,13.93
2ZH606RL,Blue Bird All American,1977,Petrol,17.02
BXP316GQ,Mercedes Sprinter,2021,LNG,7.44
DUADFX8R,Ram ProMaster,2001,Electric,0
86KCT7A1,Arrival Van,2001,Diesel,13.53
5ZTVL6ZN,Tesla Semi,2001,Petrol,13.65
9Z32HFE5,Ram ProMaster,2053,Hybrid,15.85
VPXHG5PT,Mack Anthem,,Petrol,10.83
BZVWAYKO,Ford F-750,2041,Petrol,9.65
3EEID7XL,Rivian EDV,2016,Hybrid,0
JDH878PM,Arrival Van,2000,CNG,12.05
UWFBQ2SY,Rivian EDV,2003,Diesel,7.75
GFE4FLT5,Western Star 5700XE,2011,LNG,10.96
WSGRX37J,Hyundai XCIENT,2017,CNG,14.47
GI9P8TFX,Ram ProMaster,2000,Electric,4.66
T6TCJAY1,Mack Anthem,2008,Diesel,11.96
XJ29MQ9F,Blue Bird All American,2002,LNG,13.94
LLBVRL1P,Thomas Saf-T-Liner,2020,LNG,7
B2DTTNOO,International LT,2009,Hybrid,21.93
9C2SYOWY,Kenworth T680,2007,Diesel,5.84
A141357P,Chevrolet Silverado 4500HD,2024,Hybrid,14.56
T76PIV6R,Mack Anthem,2024,LNG,13.62
c5v2fkda,Chevrolet Silverado 4500HD,2012,Electric,5.14
HN,Mack Anthem,2025,Hybrid,15.24
X8A90UUF,Arrival Van,2016,Hybrid,11.68
D85ZYCKE,BYD 8TT,2000,Hybrid,15.92
6KGIBEZ2,BYD 8TT,2002,Electric,3.87
9ON6R8GL,Tesla Semi,2019,LNG,7.52
BI2LWF46,Volvo VNL,2023,CNG,12.38
WWLQPX1K,Ford F-750,2022,Hybrid,21.21
X6E2P52N,Rivian EDV,2009,Diesel,14.5
IVYZD9RC,BYD 8TT,2002,Diesel,7757.81
C71S9622,Thomas Saf-T-Liner,2010,Electric,5.29
3qqu385l,Peterbilt 579,2023,Electric,3.11
,,,,
WMDBTYK0,Blue Bird All American,2026,CNG,9.89
XEUQ4S2F,Tesla Semi,2005,Electric,5.24
OHG3ZY8Y,"Volvo
VNL",2020,Hybrid,16.21
ED9YH1LI,Nikola Tre,2011,Hybrid,20.53
8FFOYWWA,Peterbilt 579,2024,Hybrid,16.29
4PI75VVC,Tesla Semi,2023,Diesel,5.86
XNM3YZUS,Freightliner M2,1913,Diesel,11.11
0EDOIJH9,Peterbilt 579,2018,CNG,14.1
BGQLH67J,2798,2012,CNG,8.14
909NM0LQ,Ram ProMaster,2017,Petrol,11.85
GBLCQZJ8,Kenworth T680,2023,CNG,8.71
8DS03VNA,Freightliner M2,2024,Hybrid,19.97
AHC0OKRC,Hyundai XCIENT,2020,LNG,13.82
R80TR0XM,Blue Bird All American,2021,LNG,7.06
3GZ29JLF,Tesla Semi,2011,Electric,4.6
99FS8P93,Hyundai XCIENT,2011,Diesel,7.44
  2WTG1B9I  , Volvo VNL , 2014 , Hybrid , 16.34 
6PEZ0SYS,Rivian EDV,2020,Diesel,14.74
JG6A6TSW,Hyundai XCIENT,1909,Hybrid,14.96
KYDVITEQ,Isuzu NPR,2008,Diesel,14.07
L2ZDML5B,Ford Transit,2014,Petrol,N/A
0TPG97GZ,Freightliner M2,2024,Electric,5.81
Q3K16EMT,Ford F-750,2007,LNG,10.03
IVWUQQEA,Ram ProMaster,2001,Electric,5.38
W26WC47P,Ford F-750,2025,LNG,13.11
XJVE3DZE,Peterbilt 579,2025,CNG,8.85
7BXK1SR8,Kenworth T680,2003,Hybrid,15.14
W6WDW7RS,Freightliner M2,2026,Diesel,9.83
4JH9U55M,BYD 8TT,2014,Petrol,14.8
98RGT82M,Rivian EDV,2022,Petrol,9.99
SISGWYLX,Hino 268,2003,LNG,7.74
,,,,
JZAUNW12,Blue Bird All American,2019,LNG,12.42
XQTY6M79,Mack Anthem,2019,Petrol,10.1
dgm0rq2h,Isuzu NPR,2000,Electric,4.83
JU8B5BE4,Isuzu NPR,2018,Petrol,15.2
XTU0EFBY,Nikola Tre,2000,Hybrid,15.69
NULL,Ram ProMaster,2009,CNG,13.37
ELSNFEFW,Ford Transit,2000,Petrol,15.0
IGWJ5P7W,Mercedes Sprinter,2006,CNG,15.43
BHK0IZ22,Mack Anthem,2002,Diesel,5.9
LQLLD0N5,Thomas Saf-T-Liner,2015,CNG,13.82
BZW9H5PL,Mercedes Sprinter,2022,Electric,4.22
LQS2I1BR,Peterbilt 579,2021,Diesel,14.04
HVENRXPR,Chevrolet Silverado 4500HD,2019,Electric,-10.62
GNDJPTOY,Nikola Tre,2015,Diesel,5.41
ZE1OVVKC,Ford Transit,2003,Hybrid,11.55
ST0SX5WV,Mack Anthem,2005,CNG,9.45
IRDD75PK,Western Star 5700XE,2008,LNG,11.04
C7DNZ4HG,Nikola Tre,2016,LNG,9.2
VF9AHANS,Isuzu NPR,2017,Petrol,7.99
677DT1WV,Mack Anthem,2009,CNG,15.17
ITTZAL1E,Isuzu NPR,2024,Hybrid,18.16
P6VIARPH,IC Bus CE Series,2015,LNG,11.91
W03RD0L3,Nikola Tre,2005,LNG,7.4
JJ10DJV5,Blue Bird All American,2015,Electric,4.87
CUPY4JEL,Chevrolet Silverado 4500HD,2000,Hybrid,11.17
UN5CJ2MT,Nikola Tre,2005,CNG,11.23
I8KBVBT1,Ram ProMaster,2020,Gas,22.59
3ID6DNWT,Ford F-750,2000,Petrol,8.04
FIKJ1DRL,Hino 268,2015,Petrol,14.98
GR8W2MAI,Peterbilt 579,2016,Electric,5.92
F52FSCZR,,2003,Diesel,10.15
K4563VRB,Hino 268,2007,Hybrid,21.36
BK1ONAX0,Tesla Semi,2006,Diesel,11.84
6CO53D77,Freightliner M2,2007,CNG,14.64
1 OR 1=1,Blue Bird All American,2025,LNG,8.09
IBTPOBIP,Arrival Van,2006,Diesel,5.44
BNXBMCOP,Rivian EDV,2002,Petrol,13.88
IT6YK92T,Peterbilt 579,2016,Hybrid,15.15
XVSYWOEZ,Western Star 5700XE,2018,Electric,3.75
AWJ4SCKS,Kenworth T680,2019,Electric,5.66
7DC,Thomas Saf-T-Liner,2013,Electric,5.94
CLJHNKKX,Ram ProMaster,2021,CNG,15.99
WXJ7L3AE,NULL,2010,Diesel,6.04
URB4R5EE,Ram ProMaster,2016,Electric,5.75
60DBLF8B,Isuzu NPR,2011,Petrol,13.47
K0QVR5CH,IC Bus CE Series,2014,CNG,13.69
4YU503OV,NULL,2018,CNG,12.0
ZQMUH3SJ,Blue Bird All American,-4,Hybrid,20.58
  1PZ0EBYF  , Hino 268 , 2013 , Diesel , 7.64 
0XEMTWKU,Peterbilt 579,twenty-twenty,Hybrid,10.02
HXTUR8XU,Peterbilt 579,2017,Hybrid,10.48
X8VFPA1Q,Isuzu NPR,2001,Electric,5.77
10E78R4M,Western Star 5700XE,2015,Hybrid,16.45
5KW77EOB,Ram ProMaster,2013,LNG,12.64
OQVBV1JP,BYD 8TT,2017,Electric,3.51
4SSAEOH9,Isuzu NPR,2010,Electric,3.43
4VPAK2D2,BYD 8TT,2006,Diesel,11.95
Q2V3H06S,IC Bus CE Series,2017,CNG,9.7
EJ7OHCUI,Nikola Tre,2025,Electric,4.53
VCP0ZKWV,Mercedes Sprinter,2010,Electric,11.2764512805
EWRX4ME6,Arrival Van,2009,LNG,8.05
J6AZYLXV,Ford F-750,2004.3,Hybrid,10.31
GHW9X5T5,Mercedes Sprinter,2010,Diesel,12.43
OPNBT1G1,IC Bus CE Series,2003,Diesel,9.29
RZCHCI1U,Thomas Saf-T-Liner,2010,Diesel,7.55
5RJN2HZ2,Thomas Saf-T-Liner,2011,Electric,4.31
V1L1VJ35,Arrival Van,2015,Electric,3.23
PBQNLE7H,Hyundai XCIENT,2021,Diesel,11.61
JJR2XBH0,Hino 268,2009,CNG,14.23
WRJKKZRS,Isuzu NPR,2009,Electric,"6,68"
5MJ9N13L,Chevrolet Silverado 4500HD,2005,Diesel,9.21
FP7M2UH1,Peterbilt 579,2014,LNG,13.59
KA2SF3RU,Peterbilt 579,2023,LNG,8.56
0VVIJVDD,Hyundai XCIENT,2023,Petrol,13.22
520H1YN8,Ford F-750,2026,EV,6.56
CCASBUOV,Volvo VNL,2017,Hybrid,13.13
7WXGJURI,Rivian EDV,2016,Electric,4.25
HDU3Y448,IC Bus CE Series,2000,Hybrid,13.56
M8EAZ0QN,Mercedes Sprinter,1944,CNG,10.55
OPHHAJUK,Hyundai XCIENT,2017,Electric,4.48
7LQRK4MH,Volvo VNL,2003,Diesel,12.91
GNWBV6VN,Western Star 5700XE,2002,Hybrid,18.66
03CD24D0,Nikola Tre,2015,Petrol,13.83
RLUC01G4,Nikola Tre,2007,Petrol,16.74
81HRULHH,Volvo VNL,2014,Diesel,10.28
WC48OMV9,Mack Anthem,2025,Electric,3.42
RB0FGYNS,Freightliner M2,2013,LNG,10.82
5YKMUTXZ,Blue Bird All American,2026,Hybrid,17.49
VR2LAJN5,Tesla Semi,2012,Petrol,15.48
RJ8M0Z5G,Ram ProMaster,2023,Hybrid,21.72
VPO0PRDM,Ford Transit,2003,Diesel,14.69
583LR2HJ,Hyundai XCIENT,2011,Electric,4.55
MXAYU0G5,Hyundai XCIENT,2002,CNG,12.61
GIMMHEKE,Thomas Saf-T-Liner,2001,Electric,4.72
KLCM96YP,Hyundai XCIENT,2026,LNG,7.2
Z8VZS0VL,Nikola Tre,2009,Petrol,6.59
UOWVKTYQ,Arrival Van,2001,Petrol,13.2
DPI3UZ0G,Nikola Tre,2010,Petrol,10.16
8H8PXD03,"Freightliner M2, Heavy Duty",2005,Hybrid,15.82
AOT12EDM,Mack Anthem,2005,LNG,-19.77
KNJYDYQP,International LT,2006,Diesel,0
90IRNNS7,Kenworth T680,2014, CNG,21.93
1KHW8GAK,Western Star 5700XE,2005,LNG,12.79
F337KUU4,Arrival Van,2017,Electric,3.66
A2WBNVMQ,Peterbilt 579,2005,Diesel,9.05
ZLVYYO02,Ford Transit,2002,LNG,3883.61
IC2U3FNS,Freightliner M2,2013,lng,9.35
ZCCKO74C,Rivian EDV,2023,Petrol,-18.68
93EZEMQT,Kenworth T680,2016,LNG,8.28
89ZWI9SI,Nikola Tre,2022,LNG,13.2
NTQICHEX,Ram ProMaster,2012,CNG,8.08
EVEY27T2,Western Star 5700XE,2017,CNG,13.25
YUBDLPYA,Volvo VNL,2016,Diesel,5.96
31DZRHTT,Mercedes Sprinter,2007,Hybrid,10.03
8WK501EP,Mack Anthem,2006,Hybrid,13.55
X8U73NKB,Mack Anthem,2025,Petrol,15.34
Z2G5TFLD,Tesla Semi,2024,CNG,13.31
QF6OYLCB,Nikola Tre,2000,Diesel,5.51
E,Peterbilt 579,2016,Electric,3.94
FOK80TY9,International LT,2009,CNG,9.64
0EBO6U4G,Hino 268,2022,Electric,4.76
SSMG1AWZ,BYD 8TT,2025,Hybrid,17.5
HHKFFN16,Peterbilt 579,2015,Diesel,5.38
87CM453K,Mack Anthem,2026,Diesel,13.53
ZMUDCGV7,Blue Bird All American,2014,LNG,11.95
0GOGYV9U,Tesla Semi,2001,CNG,12.4
TE32PEZX,Ford Transit,2017,Hybrid,21.77
   ,	, ,  , 
QRR72QXJ,Hino 268,2015,Hybrid,10.54
Q722J34B,Mack Anthem,2016,Hybrid,12.8
CVYJIQFA,Peterbilt 579,2022,LNG,12.19
UXFZJDCY,IC Bus CE Series,2014,CNG,8.09
YIVFQSX5,IC Bus CE Series,2025,Hybrid,17.47
,,,,
HM215YJX,BYD 8TT,2020,Hybrid,19.96
O3O0LLJ8,Arrival Van,2015,LNG,7.47
1HGB/225,Hino 268,2009,Petrol,16.97
32PUIUES,Rivian EDV,2003,Hybrid,18.18
G1EG1I06,Freightliner M2,2021,CNG,9.84
M431X,IC Bus CE Series,2006,Diesel,6.57
TN209QVW,Freightliner M2,2016,CNG,12.17
UV5I7G9B,Ram ProMaster,2024,Hybrid,13.98
CHL4RZAE,Volvo VNL,2003,Electric,5.1
E3DLG7AP,Mercedes Sprinter,2000,Diesel,9.2
6DY0US8S,Nikola Tre,2025,Petrol,8.75
KC9STETG,Isuzu NPR,2024,Petrol,13.93
3BKJXWYQ,Arrival Van,2015,CNG,2
SSB1PBZV,Ford Transit,2001,CNG,12.77
X0A8NHP8,BYD 8TT,2010,LNG,12.79
YL7VSHUA,Volvo VNL,2005,LNG,7.08
YU8SSCOQ,Ford Transit,2004,LNG,13.83
PMTE1EL8,Isuzu NPR,2020,Electric,4.44
MEM3SATV,Nikola Tre,2000,LNG,11.28
4FGWJEYU,Volvo VNL,2024,Hybrid,21.19
OA8DA2LE,Mercedes Sprinter,2022,CNG,15.42
WVPFG5D9,Rivian EDV,2019,Hybrid,15.53
0AVXZENW,Mercedes Sprinter,2007,CNG,11.78
8AAV0M6J,Nikola Tre,2016,LNG,10.2
4KA8O3BI,Ford F-750,2007,Electric,22.63
LM8Q8161,Peterbilt 579,2019,Electric,4.12
PXEM242Y,Western Star 5700XE,2005,CNG,8.21
G0W,Arrival Van,2025,Hybrid,13.77
X0WUZLLG,Arrival Van,2009,Electric,3.1
U4CLFB51,International LT,2015,Electric,3.17
EANQHD3E,Hyundai XCIENT,2023,Diesel,9.13
S1INTU0FCBBJ,Nikola Tre,2021,Diesel,13.84
1QJ2ZIKO,Rivian EDV,2023,Petrol,12.63
Z7MB41G8,Mercedes Sprinter,2004,CNG,9.32
Z76DD4DA,Thomas Saf-T-Liner,2003,Petrol,11.96
1VOB9AU0,IC Bus CE Series,2014,Hybrid,19.64
2I1XR5GU,Western Star 5700XE,2022,Hybrid,18.22
K9IRHPNF,Rivian EDV,2008,CNG,8.0
CMLXTQ0P,Ford Transit,2008,Petrol,17.71
NS8JR1VM,Arrival Van,2010,CNG,16.0
VB26XNIS,Thomas Saf-T-Liner,2016,Electric,4.16
S9J3MVOL,Western Star 5700XE,2016,Electric,2.64
WVDZV195,BYD 8TT,2009,Hybrid,10.77
ZY8X8XU2,Thomas Saf-T-Liner,2022,Hybrid,13.93
NX7RBHG3,Volvo VNL,2008,Petrol,
TKRWQDYO,Peterbilt 579,2000,Electric,4.47
3DGAMRH4,Mack Anthem,2022,CNG,13.65
78RSWE9Y,IC Bus CE Series,2016,Diesel,8.2
3UJQZUN1,Chevrolet Silverado 4500HD,2007,LNG,12.68
8YTJ26Q1,Hino 268,2025,CNG,8.33
H024KWK5,Hyundai XCIENT,2011,Electric,5.85
DZ871SLE,Hyundai XCIENT,2019,CNG,9.53
JNJ6T033,Peterbilt 579,2062,Electric,3.04
QIW0GYAA,Chevrolet Silverado 4500HD,2005,LNG,12.7
JYAH9MCK,Hino 268,2002,Hybrid,17.96
5J5XK6JI,Arrival Van,2003,Petrol,8.75
D8QJMJZ8,     ,2006,Hybrid,17.27
M2798P7P,Ford Transit,2025,Electric,3.46
0D4DMC2R,Western Star 5700XE,2011,Electric,5.28
CVGNKNJP,Hyundai XCIENT,2026,Petrol,12.02
,Isuzu NPR,2021,Diesel,11.32
HJHYKG38,Ram ProMaster,2026,Diesel,11.56
1HGB/225,Blue Bird All American,2016,Electric,5.93
P4JL647R,Arrival Van,2002,Petrol,7.19
ENKLXC25,Kenworth T680,2019,1,19.23
I7V12J21,Tesla Semi,2020,Hybrid,11.66
RI9D9ZSD,BYD 8TT,2024,Petrol,7.96
22EPPPRA,Tesla Semi,2006,Diesel,12.31
V8AUS6LY,Chevrolet Silverado 4500HD,2011,CNG,12.04
YUZRUWHS,Mercedes Sprinter,2018,Petrol,11.37
E4KUFLZ6,Rivian EDV,2002,Hybrid,13.78
ZUADGS5H,Blue Bird All American,2012,LNG,12.8
YJCOFNUM,Rivian EDV,2026,Diesel,14.82
W7CLSVOP,Tesla Semi,2008,Petrol,10.64
JNZUIQ2T,BYD 8TT,2003,CNG,13.52
  HECMFYDD  , International LT , 2022 , Petrol , 7.06 
7083DDMK,IC Bus CE Series,2014,Hybrid,13.93
67YURNZP,IC Bus CE Series,2012,Hybrid,19.24
9SU6D143,Chevrolet Silverado 4500HD,2022,Electric,3.92
UIO38IOH,Ford Transit,2011.2,CNG,11.4
EPUMWOLT,Mercedes Sprinter,2012,Electric,4.41
7IC3FYK1,Kenworth T680,2015,LNG,10.32
FILFFC0Q,Arrival Van,1954,LNG,12.95
GZ8QZ4CL,Mercedes Sprinter,2022,Diesel,12.55
IZEUUTNB,Mack Anthem,2021,Electric,3.63
NPTT3M5H,Hino 268,2016,Petrol,8.38
W3ZMMW5E,Peterbilt 579,2018.1,Petrol,16.86
3A5QBSWR,Mercedes Sprinter,2024,Electric,2.68
2LZJ26DC,Mack Anthém,2007,LNG,11.46
7ZQ2YUJK,Mack Anthem,2015,CNG,8.06
   ,	, ,  , 
80OCGN7D,Thomas Saf-T-Liner,2003,LNG,11.41
0M9EWEUP,Freightliner M2,2006,Petrol,17.03
DZB765KR,Rivian EDV,2021,Hybrid,11.99
KKKKKKKK,BYD 8TT,2020,Electric,4.33
WGXR7VAD,Thomas Saf-T-Liner,2000,LNG,8.46
Z1DE1E16,Arrival Van,2023,Diesel,13.73
VCW0IKPY,Freightliner M2,2001,CNG,13.44
IBD7QHCG,International LT,2026,Diesel,13.64
6IRD9XZX,IC Bus CE Series,2007,LNG,7.56
TUQG0BU0,Arrival Van,2015,Petrol,12.55
XEOHDVHR,IC Bus CE Series,2002,Petrol,11.94
MWVK6RXN,International LT,2010,Diesel,12.34
ENZ9JN7K,Arrival Van,2008,Petrol,13.81
ANDDEPTL,Tesla Semi,2002,Hybrid,18.76
GTJUY9DM,Arrival Van,2010,Diesel,5.98
5U3VVBQE,BYD 8TT,2003,Hybrid,11.78
6PS2EYZ6,Nikola Tre,2023,Diesel,12.32
0NGLVIEI,Volvo VNL,2001,LNG,10.94
JYKSF3ZS,Western Star 5700XE,2004,Petrol,13.65
FMYZUZG8,Ram ProMaster,2019,Diesel,14.2
3GDHVS41,Ford F-750,2022,Diesel,9.54
NULL,Ford Transit,2017,Hybrid,14.0
SQ7TFS2E,Mack Anthem,2012,Electric,4.9
DP887FGE,Ram ProMaster,2002,CNG,8.53
35K6LQBI,Chevrolet Silverado 4500HD,2025,Electric,3.25
63UMGTHK,Tesla Semi,2013,Electric,3.14
PA7YZ5ND,Ford Transit,2012,CNG,11.14
66693735,Chevrolet Silverado 4500HD,2010,Petrol,16.35
N/A,Ford F-750,2026,Hybrid,16.57
4M5GKF3D,Ram ProMaster,2013,LNG,8.85
M8F3SQ0P,Thomas Saf-T-Liner,2013,Petrol,8.33
MFME4KVF,Mercedes Sprinter,2008,Hybrid,18.45
ST7SEUYZ,Tesla Semi,1971,Petrol,13.53
JBY55FBK,Nikola Tre,2007,CNG,13.44
7LKGRP02,Mercedes Sprinter,2024,CNG,9.48
ZVWQQ5ZD,Hyundai XCIENT,2022,CNG,9.94
YG3VZKCZ,Blue Bird All American,2002,Cng,13.24
EXH3AUP6,Chevrolet Silverado 4500HD,2002,CNG,13.53
IFZNN7Y0,Hyundai XCIENT,2022,Hybrid,14.61
ARZT9E43,International LT,2023,CNG,11.27
RJJTD1MW,Hyundai XCIENT,2013,Hybrid,20.0
COO0FP64,Tesla Semi,2006,Electric,5.4
678K52QC,Isuzu NPR,2021,Petrol,14.69
WYPIOPJ3,Western Star 5700XE,2005,CNG,9.65
APMODOXG,Arrival Van,2025,LNG,9.32
U0DX7JDU,Hino 268,2005,Hybrid,18.13
WOGKXXNT,Isuzu NPR,2019,Diesel,13.88
CQG433E1,Isuzu NPR,2012,Diesel,12.71
CMQ2AJLT,Thomas Saf-T-Liner,2015,CNG,11.57
CFCBEY9H,Ford Transit,2015,LNG,8.34
null,Arrival Van,2001,Petrol,14.82
WTEMHHLN,Isuzu NPR,2004,Petrol,10.17
L18WY988,Hino 268,Year2022,CNG,8.94
U57OTE0Q,Blue Bird All American,2025,Diesel,7.08
4VHVSEAZ,Arrival Van,2018,Electric,4.67
SLCDAWRK,Volvo VNL,2000,CNG,12.93
3FQO2WJZ,Peterbilt 579,2003,LNG,8.16
4aki3wmv,International LT,2008,CNG,10.43
F9899FFZ,Freightliner M2,2020,LNG,7.74
6FAWE3IA,Nikola Tre,2005,CNG,13.28
K4IOI0G5,Tesla Semi,2024,Diesel,8.33
X7V1FEMJ,Western Star 5700XE,2020,CNG,9.57
UEPSS1KR,Mercedes Sprinter,2005,Diesel,9.01
W0U5NQWL,Mack Anthem,2000,Petrol,10.34
JU8OXM9F,Western Star 5700XE,2013,Diesel,11.05
7XM7IDP5,Ram ProMaster,2016,LNG,10.48
G577E8FG,Isuzu NPR,2013,Hybrid,13.22
O3HDZ4OI,Ram ProMaster,2020,CNG,15.98
14ABAZD8,International LT,2019,Petrol,6.56
J6WZUDTW,Blue Bird All American,2002,Electric,4.07
9A7JOX8I,Chevrolet Silverado 4500HD,2006,lng,10.75
8XEU19V6,International LT,2002,Diesel,9.13
HIN2PB57,Chevrolet Silverado 4500HD,2017,LNG,10.35
8WHN8VJF,Ford Transit,2005,CNG,14.86
VSCHC78I,Peterbilt 579,2017,Petrol,12.92
AT1REW1V,Peterbilt 579,2013,LNG,7.35
5OQC5CQQ,Freightliner M2,2008,Petrol,15.43
BIYLDCZE,Chevrolet Silverado 4500HD,2014,CNG,12.37
LOW4VSSR,Nikola Tre,2009,Electric,4.16
VSSCU5PW,Thomas Saf-T-Liner,2022,Electric,5.21
1 OR 1=1,Rivian EDV,2023,Hybrid,14.17
9UPTLZ1D,Blue Bird All American,2017,Electric,3.84
KC9JKPFI,Volvo VNL,2017,Electric,15.39
8UJWURNT,Ford Transit,2010,EV,12.95
1HGB H225,Isuzu NPR,2026,Petrol,6.88
ZI2U4REL,NULL,2007,Hybrid,15.78
N9OOXA69,Hyundai XCIENT,2015,CNG,11.9
32A3O98O,Mack Anthem,2009,Petrol,14.2
32JJSC5R,Hyundai XCIENT,2018,Diesel,11.96
FIUXFEDZ,IC Bus CE Series,2012,Hybrid,18.47
HN5X5E2O,Mack Anthem,2015,CNG,8.79
PIF8RDZR,Mercedes Sprinter,2009,CNG,15.63
NMWHH4VL,Nikola Tre,2002,CNG,12.38
2A1K74W0,Mercedes Sprinter,2020,Diesel,14.95
1'; DROP TABLE vehicle_registry;--,Western Star 5700XE,2018,Petrol,8.89
J2JO2ILK,Volvo VNL,2001,Diesel,9.35
3Q1FEYYM,Ram ProMaster,2024,LNG,7.18
O9YTNDXN,Thomas Saf-T-Liner,2017,LNG,7.57
06XKXB94,Thomas Saf-T-Liner,2021,CNG,8.86
AG8DUO7G,Ram ProMaster,2021,Hybrid,12.32
7Z56PR8L,Ram ProMaster,2019,Petrol,16.68
MDMRCM29,"Freightliner M2, Heavy Duty",2011,Electric,4.93
868X49GI,Ford F-750,2006,LNG,8.55
YY4JUFN2,Tesla Semi,2020,Hybrid,10.9
1 OR 1=1,Kenworth T680,2003,Hybrid,19.65
5fk4z497,Mercedes Sprinter,2019,Petrol,12.96
14NBI2RT,BYD 8TT,2018,Hybrid,16.94
8PJTZPP2,Arrival Van,2000,Electric,2.51
JGREC3KI,IC Bus CE Series,2005,Hybrid,15.41
DO3GQ83Q,International LT,2023,LNG,13.07
2C50B8Y5,Peterbilt 579,2012,LNG,9.56
GR8RMN7X,Thomas Saf-T-Liner,2025,CNG,10.77
OS6ZLE6K,BYD 8TT,2007,LNG,8.53
Z11L0JZF,Mack Anthem,2001,Diesel,5.08
FOPNTIMK,Ford F-750,2023,LNG,11.71
1HOTM9L4,"Freightliner M2, Heavy Duty",2017,Petrol,14.37
V4I82LTZ,Volvo VNL,2016,Electric,2.94
LF835GPO,Ford F-750,2024,Electric,NaN
BFYGOU3H,Mercedes Sprinter,2004,Electric,3.32
UMD2OVAA,Chevrolet Silverado 4500HD,2026,Hybrid,21.26
Q8HFZVGN,Peterbilt 579,2008,Diesel,13.86
UXKZB7A7,Thomas Saf-T-Liner,2019,Electric,5.76
WC0BOGWH,Nikola Tre,2014,Petrol,13.7
PEQLV488,Mercedes Sprinter,2005,Petrol,9.34
JXU2X6O5,Peterbilt 579,2020,Petrol,10.02
FB0D31PQ,BYD 8TT,2014,Hybrid,13.18
KLGMYR66,"Freightliner M2, Heavy Duty",2011,Electric,4.23
NGGJXIX9,Kenworth T680,2007,Petrol,15.38
ID36XC53,Tesla Semi,2025,Hybrid,15.83
Y5GLAIDG,Ford Transit,2018,Diesel,14.7
9M9D2532,IC Bus CE Series,2000,Diesel,9.21
HOPQ0UX5,Thomas Saf-T-Liner,2002,CNG,9.49
BMY9DVEQ,International LT,2023,LNG,8.52
O2ZLKNF4,International LT,2005,Diesel,8.91
WJ1L96GH,Peterbilt 579,1901,Electric,5.85
90QWHAOB,Rivian EDV,2001,CNG,10.32
NBGSLCT9,Arrival Van,2014,Diesel,12.78
3XUI8LPY,Chevrolet Silverado 4500HD,2004,Electric,5.84
F5J4X4P7,Rivian EDV,2013,Electric,2.57
QB6SMIIH,1696,2022,Petrol,17.74
KHQNZJNN,Ram ProMaster,2025,CNG,11.4
31XQPO1H,Chevrolet Silverado 4500HD,2012,CNG,13.27
69POZQCR,International LT,2014,LNG,11.27
57TC13H4,Nikola Tre,2022,Hybrid,17.93
LD524QBS,Ram ProMaster,2009,Hybrid,10.09
B2R9K9LJ,Chevrolet Silverado 4500HD,2020,Hybrid,16.03
4GUB17OD,Mercedes Sprinter,2013,CNG,8.19
ZZ99HH4R,Hyundai XCIENT,2021,CNG,8.35
L511Y2AD,Kenworth T680,2007,LNG,9.87
BN6VZTLW,Western Star 5700XE,2007,Petrol,11.74
RR43SLZY,Kenworth T680,2010,LNG,13.79
USWIY7K6,Peterbilt 579,2023,Hybrid,12.96
MQZ5YO5K,Hino 268,2011,CNG,12.37
8I15WK5U,Isuzu NPR,2019,Hybrid,17.36
QMRUNJDU,Peterbilt 579,2007,Diesel,12.41
A47G4E0E,Hino 268,2000,CNG,12.03
K0ZUJ069,Hyundai XCIENT,2009.3,Petrol,6.49
NULL,Arrival Van,2019,Diesel,13.21
O2Z6M81R,Hino 268,2003,CNG,12.93
9DGXMOR3,"Freightliner M2, Heavy Duty",2002,Petrol,17.67
06ZE50KW,Peterbilt 579,2023,Electric,5.98
6YS445GD,Mack Anthem,2023,Diesel,7.59
J9CVS2CD,International LT,2008,Hybrid,19.54
2ZRP77TK,Ford Transit,2022,Electric,3.96
PJMDECDD,Ford F-750,2022,Hybrid,16.18
WABHB7ZH,Mack Anthem,2004,Hybrid,18.6
7Y2LOFN1,Ford Transit,2007,Petrol,16.19
xajqma9h,Blue Bird All American,2018,Hybrid,14.44
EU3WY9TM,Tesla Semi,2012,Petrol,11.99
08L8CEJE,Blue Bird All American,2026,CNG,8.23
WQHAMWNT,Tesla Semi,2020,CNG,15.89
N/A,Freightliner M2,2017,Hybrid,21.78
3T5BZSWV,Peterbilt 579,2025,Petrol,17.19
23C55KWN,IC Bus CE Series,2010,Petrol,17.53
LWI6OEB1,Ram ProMaster,2008,Electric,5.17
IP6C9NSJ,Mercedes Sprinter,2020,Diesel,11.65
UCHM6YP8,Ford Transit,2003,CNG,13.09
HRLJPYVJ,Blue Bird All American,2021,Diesel,7.02
RZXD7CAR,Isuzu NPR,2000,Diesel,12.25
X89AY2JN,"Freightliner M2, Heavy Duty",2010,LNG,8.36
9IZV51Q1,Thomas Saf-T-Liner,2025,LNG,7.06
HCBN9WSZ,BYD 8TT,2001,Petrol,17.35
N/A,Peterbilt 579,2023,LNG,12.41
L36Q556R,International LT,2024,Electric,3.61
5U9KALFJ,"Freightliner M2, Heavy Duty",2016,Petrol,7.77
QBZWMVPG,IC Bus CE Series,2004,Electric,2.79
5F83XAZ6,Hyundai XCIENT,2021,CNG,11.05
T8MYV2RR,Hyundai XCIENT,2006,Petrol,13.18
WZRCIJCV,Chevrolet Silverado 4500HD,2012,Diesel,13.82
663C42XC,BYD 8TT,2005,Hybrid,21.68
34OGWPNX,Rivian EDV,2018,Electric,2.83
UCP0QBZK,Arrival Van,2023,Hybrid,17.91
FCJ7NBBX,IC Bus CE Series,2010,CNG,11.36
AZ6O4Y1B,Hino 268,2002,Petrol,11.02
WN103FRB,Hyundai XCIENT,2000,Electric,5.08
00YZ61NV,Kenworth T680,N/A,Electric,4.51
7JN8UK5K,Peterbilt 579,2012,Diesel,9.61
8TN8FQMJ,Ram ProMaster,2025,LNG,7.21
XG6GBP05,Freightliner M2,2012,Hybrid,21.64
3KK8XDVI,Freightliner M2,2017,LNG,
G8IVEYIL,IC Bus CE Series,2008,Electric,5.87
VW829DZU,Thomas Saf-T-Liner,2000,Electric,5.61
PIWP5JTL,Ram ProMaster,2002,Diesel,13.62
9K04KZVV,Hyundai XCIENT,2024,Diesel,8.78
WXFK2SF3,Arrival Van,2020,Hybrid,19.64
J6KL9R84,Freightliner M2,2003,Diesel,13.19
E3N00HPK,Kenworth T680,2010,cng,8.82
6WAQPV2X,Blue Bird All American,2024,Diesel,14.35
ZV3T9APZ,Ford Transit,2012,Electric,3.36
M4BMABXA,"Freightliner M2, Heavy Duty",2020,LNG,13.36
MDPOA8FV,International LT,2010,Hybrid,21.58
WN10WCXY,Kenworth T680,2013,Diesel,11.94
B6X6TWS7,Kenworth T680,2017,Electric,4.36
B409KD6A,Ford F-750,2025,Electric,5.89
QBIR7PIZ,Chevrolet Silverado 4500HD,2025,Petrol,7.3
VG3KK0VM,Arrival Van,2004,Electric,3.7
W0SBJ6M8,Isuzu NPR,2016,CNG,10.63
JA352EPR,Tesla Semi,2018,Hybrid,17.92
0DCSHKWM,Isuzu NPR,2005,Electric,unknown
41W5SP44,IC Bus CE Series,2026,Electric,4.71
ARCS0IYY,IC Bus CE Series,2010,Diesel,10.61
HNUXG5S0,Ford F-750,2019,Electric,2.75
7ABM4ML2,Isuzu NPR,2024,Electric,4.14
BER8RJLV,Freightliner M2,2019,Electric,23.73
19O4XPCZ,Ford Transit,2011,Electric,2.53
G5PJBLTC,Mercedes Sprinter,2017,Petrol,11.72
EL12SF5C,Blue Bird All American,2013,CNG,13.26
5QG8A336,IC Bus CE Series,2022,Electric,9251.82
0CUY6TIW,Western Star 5700XE,2021,LNG,11.98
6A4RYAEK,Freightliner M2,2004,LNG,12.24
C60CJBMU,BYD 8TT,2012,Electric,3.28
HODLKW0G,Isuzu NPR,2003,Diesel,12.93
RMPPC3HP,Arrival Van,2005,Electric,5.31
6D7WDJV0,Isuzu NPR,2001,Diesel,9.76
LEOKQJUW,Arrival Van,2018,Diesel,12.02
LKA9LZ57,BYD 8TT,2019,Diesel,13.52
KBDL8JY4,Ram ProMaster,2014,Electric,4.21
4DBZXAI9,Isuzu NPR,2005,Hybrid,12.77
KQ8N3QDM,Mercedes Sprinter,2008,Electric,5.71
R0TOKPK7,Arrival Van,2008,Electric,4.33
0ZH4890Q,Ford F-750,2004,Electric,3.53
O0LFA7PS,Chevrolet Silverado 4500HD,2098,Hybrid,13.56
H6Z3YEM0,Freightliner M2,2013,Petrol,10.04
GFSH681T,Kenworth T680,2011,Hybrid,12.52
0YLI311F,Kenworth T680,2003,LNG,11.38
LEEHJST3,Volvo VNL,2020,LNG,7.18
AHL0FKKI,Chevrolet Silverado 4500HD,2005,Petrol,17.78
OF5CDFM3,Blue Bird All American,2007,LNG,13.05
NYYC0ULQ,Nikola Tre,2024,Electric,24.9
FCCKVOFN,Mack Anthem,2013,,4.32
72VIUADJ,Kenworth T680,2016,CNG,12.54
CE0XIZPV,Hyundai XCIENT,20/22,Diesel,5.07
9T2D5EM2,Nikola Tre,2010,LNG,7.11
LAQS4FUS,IC Bus CE Series,2025,LNG,11.87
5U136KSR,Chevrolet Silverado 4500HD,2009,Hybrid,19.6
NXP4WXPH,Ford F-750,2013,Petrol,17.42
FX6GXUWT,Volvo VNL,2009,CNG,15.13
KLCTZKPJ,Blue Bird All American,2003,CNG,11.56
O68S5A3I,Ram ProMaster,2004,Diesel,9.49
YKD7SIZQ,Chevrolet Silverado 4500HD,2017,diesel,3.53
1ADSLAKE,Mercedes Sprinter,2022,Hybrid,12.63
PP9GIOPH,Ford Transit,2009,LNG,7.78
3ZH2OOGR,BYD 8TT,2008,Diesel,14.1
D6CVIUDP,Blue Bird All American,2019,Hybrid,16.48
70RPP4XR,Chevrolet Silverado 4500HD,2015,LNG,12.58
QAVV3US3,Chevrolet Silverado 4500HD,2012,CNG,14.76
J7ZWQMPM,Peterbilt 579,2026,Diesel,13.68
ESWX4YEI,Ford Transit,2019,CNG,10.61
2J0KCSDL,Ram ProMaster,2026,Hybrid,12.49
8OCUCNRI,Thomas Saf-T-Liner,2007,Hybrid,16.83
CN1935WG,Volvo VNL,2017,CNG,8.95
QUYXN38F,Thomas Saf-T-Liner,2023,LNG,11.66
UOJFZD1L,Rivian EDV,2019,LNG,10.92
WXXQ9PU1,Ford F-750,,Electric,4.53
0D222K2Z,Mack Anthem,2008,Electric,4.51
LXCB0EJ8,Western Star 5700XE,2023,LNG,12.2
996GUK80,Hino 268,2011,LNG,7.92
W3GTY9L1,Mercedes Sprinter,2016,Electric,2.67
9NA7UWWQ,BYD 8TT,2005,CNG,12.86
NYUJDSR0,Hyundai XCIENT,2017,CNG,-Infinity
7CJL5Z1I,Ford Transit,2015,Petrol,13
45388AOR,Tesla Semi,2002,Diesel,11.9
RZ36ML85,Isuzu NPR,2013,Diesel,"6,36"
NNC8YCI0,Kenworth T680,2013,CNG,11.98
JNS4JIHT,BYD 8TT,2015,Electric,25.77
07XGD20Y,Arrival Van,Year2022,Petrol,16.44
  2O2Z130E  , Western Star 5700XE , 2014 , Hybrid , 14.93 
KL4ZYFIA,Tesla Semi,2014,Electric,4.24
N44FBV46,Blue Bird All American,2026,Petrol,12.96
I4RX4J0Q,Ford F-750,2025,LNG,10.05
AL2YV2S5,International LT,2022,LNG,12.43
Z3H34J44,Arrival Van,2015,Hybrid,20.48
JS117FSS,Western Star 5700XE,2009,Hybrid,12.18
FZJ9T67B,Kenworth T680,2018,CNG,3
HC6Q5CO4,Mercedes Sprinter,NULL,Electric,4.88
FCR5V730,Ford F-750,2023,Diesel,6.41
I887VB5U,International LT,2002,CNG,14.87
9C6Y5AKG,Nikola Tre,2008,Hybrid,16.38
GAO4H86D,Kenworth T680,2025,Diesel,10.3
87Q4RQLG,Freightliner M2,2012,Petrol,6.04
VOLIYZIC,Arrival Van,2006,LNG,7.16
DGPGT33R,Hyundai XCIENT,2001,Diesel,6.03
1T4DEKOX,Arrival Van,2017,LNG,7.33
SXZ0302J,Arrival Van,2016,CNG,12.18
0PL9B29L,Ram ProMaster,2004,Electric,-18.93
A6LXVHY8,Freightliner M2,2023,CNG,14.88
RM5PVCLD,Mercedes Sprinter,2002,Petrol,11.59
ZIO6W5VT,IC Bus CE Series,2005,CNG,15.44
AFR0RWM4,Mack Anthem,2003,CNG,15.37
334I2LWI,Hyundai XCIENT,2010,CNG,11.24
G5DZX5QJ,Isuzu NPR,2022,Petrol,6.81
17RCGFT3,Rivian EDV,2023,Diesel,12.38
JFE92O0D,Arrival Van,2008,LNG,10.3
F2PXAGE5,Kenworth T680,2025,Petrol,12.85
6IXT4C78,Nikola Tre,2024,LNG,7.38
EFUN9H5O,,2002,Diesel,13.06
TXMJQP6I,Blue Bird All American,2017,LNG,9.4
JEP4LSVS,Isuzu NPR,2019,Electric,2.73
VVJA2X9Z,Western Star 5700XE,2012,Petrol,good
XSD0NKVD,Ford F-750,2010,Electric,3.37
HGRYGQGM,Western Star 5700XE,2022,ELECTRIC,7.06
C57Z169W,IC Bus CE Series,2021,Electric,-8.89
G540GMCE,Isuzu NPR,2005,Electric,2.83
PNRP2307,Ram ProMaster,2001,Electric,10.49
OCMC9DJP,Volvo VNL,2020,Hybrid,3639.16
FF6M2UGY,Chevrolet Silverado 4500HD,2009,Hybrid,13.96
WRHBI1S0,Thomas Saf-T-Liner,2011,Hybrid,18.01
5IURJPGZ,BYD 8TT,2014,Hybrid,19.28
K5W1JL6L,Ford Transit,2024,Diesel,14.5
50Q8OBW3,Hino 268,2004,Diesel,14.16
OBT328W6,Tesla Semi,2006,CNG,13.24
OLN5W71Z,Freightliner M2,2011,LNG,8.7
WMX8OHU0,Peterbilt 579,2004,Petrol,7.32
7K0BL31J,Peterbilt 579,2008,Electric,4.71
9933BQOQ,Ford Transit,2017,LNG,13.6
R7LJ5MV6,Volvo VNL,2019,Hybrid,20.69
5OXT7SRN,Western Star 5700XE,2003,Petrol,16.63
3W4KX07J,Ford F-750,2011,Petrol,19
RCDNXWKJ,Mercedes Sprinter,2000,CNG,13.69
F0PT0A9D,Ford Transit,2024,Petrol,12.37
GBF6OVJU,BYD 8TT,2023,Hybrid,10.35
P926AC10,Nikola Tre,2023,LNG,13.32
FTVTXNEU,Blue Bird All American,2017,CNG,15.78
NSID884V,Nikola Tre,2002,Hybrid,14.73
2NU4H6FQ,International LT,2015,Diesel,7.45
9XU1GGQU,Ram ProMaster,2002,Petrol,10.58
9B4Q6L4V,"Volvo
VNL",2005,Hybrid,10.18
YJXM8OG9,Thomas Saf-T-Liner,2025,LNG,8.8
H5AQ78SO,Kenworth T680,2015,Electric,4.43
FXYPAYDZ,Rivian EDV,2011,Electric,2.61
495FM0XK,Isuzu NPR,2001,Electric,8336.48
LMV5E71G,International LT,2003,CNG,12.87
IO7R6FWK,Volvo VNL,2022,Hybrid,18.56
QNE2S9JZ,Chevrolet Silverado 4500HD,2020,Petrol,16.3
KH50K2T9,Rivian EDV,2012,Diesel,12.41
OE0NEDHN,IC Bus CE Series,2015,CNG,13.47
94ZTFMER,Volvo VNL,2018,CNG,14.91
PIYR6P4K,International LT,2013,LNG,11.26
2YAHRK7N,Nikola Tré,2017,Electric,2.79
K3DIG3HM,Kenworth T680,2025,CNG,8.29
4LTD2OIQ,Hino 268,2025,Electric,30
D9QRS02W,Ford Transit,2003,Diesel,10.14
2FHIZSU2,Hyundai XCIENT,2024,CNG,15.88
PPOLXL0G,International LT,2020,Hybrid,21.66
G1174R4B,Volvo VNL,2007,Hybrid,6
J877OY7N,Hyundai XCIENT,2020,LNG,12.87
7I60QDY2,Kenworth T680,2021,Petrol,17.08
7Z98RI72,Chevrolet Silverado 4500HD,2018,Diesel,8.85
ECLCES1K,Tesla Semi,2009,Petrol,8.71
RZBR1AR7,Volvo VNL,2007,Petrol,13.5
H86T7MT8,International LT,2015,Petrol,11.68
XSU6LLU7,Peterbilt 579,2007,Hybrid,12.99
UFQAU5SE,Mack Anthem,2016,Electric,3.71
JUZ9N0CB,Hyundai XCIENT,2007,LNG,8.25
UIRVUFN0,Volvo VNL,2002,Petrol,15.78
0MBTWWCY,Tesla Semi,2021,Diesel,14.38
OJ0J0DWM,Ford Transit,2019,Hybrid,20.54
1622VXYZ,Hyundai XCIENT,2015,Electric,5.99
M5DQ8QJ1,Peterbilt 579,2007,Electric,5.94
IL0MOPAN,"Freightliner M2, Heavy Duty",2025,Electric,3.92
Z61PQTMI,Peterbilt 579,2003,CNG,14.35
J0RYY4GI,Volvo VNL,2016,CNG,12.62
PBW96GIY,Nikola Tre,2026,Diesel,5.43
NS19ZB1H,     ,2001,Petrol,11.86
WX4KK1R6,Chevrolet Silverado 4500HD,2025,Electric,5.57
CST2K6UY,Mack Anthem,2003,Petrol,11.08
7IW6S8PC,Chevrolet Silverado 4500HD,2022,Diesel,5.36
FJV8HX2R,Mack Anthem,2013,Petrol,13.08
OFF334UH,Ford Transit,2012,LNG,12.39
VWT9T72M,Tesla Semi,2001,Electric,5.94
HE9TUOFF,Hyundai XCIENT,2003,Hybrid,20.28
OZ5CUWXG,Thomas Saf-T-Liner,2016,CNG,11.17
38790P1O,Tesla Semi,2001,Electric,5.52
MTCORKE0,Blue Bird All American,2009,LNG,7.67
XOIABIDD,Ford Transit,2002,Petrol,12.37
9Y838JRO,Tesla Semi,2011,Electric,27.36
Z734JG2L,Thomas Saf-T-Liner,2017,CNG,11.62
M9EAD0SR,Isuzu NPR,2015,Electric,2.54
6i3hwrl3,Tesla Semi,2016,Hybrid,21.83
CEUMMYYW,Ford F-750,2010,CNG,8.19
NXNIFOAF,IC Bus CE Series,2004,Electric,2.94
QCDWNA2L,International LT,2026,Diesel,13.39
E02JEKQG,Arrival Van,2007,Electric,4.28
IL9,Mercedes Sprinter,2000,Electric,4.06
KW6KF3E6,Ford F-750,2024,Diesel,13.08
1LTTUG6L,Rivian EDV,2022,LNG,13.48
SS7U7JFL,Rivian EDV,2026,Hybrid,13.54
ILRIOU3W,Volvo VNL,2017,Hybrid,17.25
5VZD3NKK,Mack Anthem,2001,CNG,14.43
LAGL149V,Thomas Saf-T-Liner,2016,LNG,8.82
EIW7O9IZ,Hyundai XCIENT,2005,Electric,4.58
KC0XTYVR,Thomas Saf-T-Liner,2024,Petrol,14.69
EF5EMRYW,Mercedes Sprinter,2010,Electric,2.83
FN1EUYQN,Isuzu NPR,2005,CNG/LNG,1.63
7WSV9ALV,Blue Bird All American,2025,Hybrid,19.85
TEDDRJX3,Nikola Tre,2018,Diesel,9.34
8T09YLI6,Volvo VNL,2010,Hybrid,20.53
74D0GJYV,Kenworth T680,2006,CNG,14.44
JYTN2NOG,Western Star 5700XE,2024,Electric,4.61
DXAMW2TN,Peterbilt 579,2001,CNG,15.18
OZS9MKU1,Ford Transit,2025,Petrol,28
JF66VD7W,Volvo VNL,2015,Petrol,11.36
STHBNBIZ,International LT,2002,Hybrid,17.39
Q395RA5G,Freightliner M2,2021,LNG,13.57
18YW1DGT,International LT,2006,CNG,15.25
VHMXGGUJ,Mack Anthem,2007,Petrol,14.26
MR19IK85,Mack Anthem,2023,Hybrid,14.47
AIZZA9DV,Thomas Saf-T-Liner,2017,Electric,5.51
null,Rivian EDV,2013,CNG,12.43
DI,Arrival Van,2019,Diesel,8.29
NH44O931,Western Star 5700XE,2003,Diesel,13.39
R25W46XD,Mack Anthem,2026,CNG,15.17
GVYJED33,Kenworth T680,2008,CNG,8.19
,Ram ProMaster,2000,Electric,4.01
MUKCIYCC,Ram ProMaster,2022,diesel,8.65
MWWL91NR,Western Star 5700XE,2000,Electric,2.91
Z17BVZAX,Thomas Saf-T-Liner,2008,CNG,12.48
6LAII0AI,BYD 8TT,2014,lng,16.37
JPKPF3UZ,Peterbilt 579,2000,Diesel,8.07
null,Tesla Semi,2012,Diesel,12.27
DWAN0UR9,Ford Transit,2021,Hybrid,11.59
AALJQQBC,Blue Bird All American,,Hybrid,10.07
273HQKXK,Peterbilt 579,2003,LNG,7.14
7AGYHCWZ,Volvo VNL,2022,Electric,5.25
ITEQ2KNW,Blue Bird All American,2022,CNG,12.91
24414GGS,Peterbilt 579,2020,CNG,14.74
VP5TUZ69,Kenworth T680,2011,Diesel,10.44
P5UMKUAA,BYD 8TT,2000,LNG,12.78
Z05MB18O,Hyundai XCIENT,2023,LNG,NaN
S6FG8YSU,Hyundai XCIENT,2016,Petrol,17.24
Q1ZUBA3F,Thomas Saf-T-Liner,2005,Hybrid,15.56
S2BUG35I,Ford Transit,2023,Electric,5.43
Z5ZSUXFC,Volvo VNL,2021,Electric,4.46
,BYD 8TT,2007,Diesel,11.52
V5E8TWGE,Ram ProMaster,2014,Diesel,8.77
CS39ES1L,Peterbilt 579,2021,CNG,8.38
B1GH14U7,Western Star 5700XE,2023,Hybrid,15.93
UE57KVR8,International LT,2017,Hybrid,18.05
D8F786YZ,Ford F-750,2007,Petrol,10.51
ICVQY5IB,Mercedes Sprinter,2007,CNG,12.32
R78UCUI5,"Freightliner M2, Heavy Duty",2005,CNG,10.49
J4XKZOZO,Peterbilt 579,2006,Diesel,13.15
XRKUOA1N,Peterbilt 579,2011,Petrol,16.08
VVCYJUGH,Chevrolet Silverado 4500HD,2005,Electric,4.96
BZV87QSV,Volvo VNL,2006,CNG,14.84
GB6P8KH7,Ford Transit,2015,Petrol,12.43
yefgx3wu,Western Star 5700XE,2004,Electric,4.66
JR5R39ZU,IC Bus CE Series,2008,Electric,-Infinity
20IN8910,Tesla Semi,2024,Electric,5.29
OL4IMHJ0,Mercedes Sprinter,2022,CNG,12.69
D4C66FHT,Arrival Van,2001,Diesel,14.54
OL931XGE,Nikola Tre,2023,Electric,4.08
26T0DUXQ,Volvo VNL,2000,Electric,2.7
KV0N4H2A,BYD 8TT,2022,Diesel,8.67
K1S38XL5,Blue Bird All American,2002,,1.3
EA4D1MWA,Tesla Semi,2005,LNG,7.28
2G088XQY,Mack Anthém,2024,Petrol,9.48
WFAW8AQ5,International LT,2000,Hybrid,11.48
YXKSHPHS,Isuzu NPR,2002,Diesel,7.23
null,Nikola Tre,2019,Petrol,10.94
7RCQ6W94,Hino 268,2018,LNG,10.91
M4G53MRH,Blue Bird All American,2015,Petrol,8.56
ALOJU6B7,Ford F-750,2003,Electric,5.97
T3AAZBC4,Hyundai XCIENT,2007,Diesel,13.06
OBENJ8QK,Ford F-750,2019,Petrol,6.91
WYVFDBZ3,Rivian EDV,2009.0,LNG,12.87
QIZ4321L,BYD 8TT,2009,LNG,7.52
8UYK4NB8,Hyundai XCIENT,2016,Diesel,12.59
ZAL8G471,Chevrolet Silverado 4500HD,2015,Hybrid,15.86
SVG0LOSU,Nikola Tre,2011,Diesel,8.4
68WR5WTE,Rivian EDV,2024,Electric,5.24
YQZTL5GK,Mack Anthem,2019,Electric,5.64
ROTZUUC0,Mack Anthem,2016,LNG,7.35
8S6GY2YD,BYD 8TT,2018,CNG,0
HF9D3QY7,Kenworth T680,2025,Diesel,8.54
SUIHWRX7,Ford Transit,2009,Electric,28.82
GTG0P3Y4,Ford F-750,2011,Petrol,6.68
YLKM2XBH,Volvo VNL,2017,Electric,3.05
29BSJP1X,Freightliner M2,2010,Petrol,14.21
JKA0J2NB,Isuzu NPR,2024,CNG,14.89
3RX5LFZF,Hino 268,2002,Petrol,16.08
6XWJ8CWA,IC Bus CE Series,2005,Electric,5.8
23B9HKIM,Volvo VNL,2025,Petrol,6.35
FHHZBQ3O,Blue Bird All American,2001,CNG,-4.37
QDKA5L3N,Ford F-750,2000,Hybrid,10.2
FW1QQ6UG,Mack Anthem,2021,LNG,10.46
0KXXKXNO,Freightliner M2,2018,CNG,8.72
S2D6LEST,Ford F-750,2024,Diesel,14.4
IHDOAU3F,Blue Bird All American,2018,Diesel,14.94
ULBGTUJS,Isuzu NPR,2012,Petrol,11.4
3ES405WH,Isuzu NPR,2000,Electric,3.16
BN6SERYS,Nikola Tre,2019,Petrol,8.69
V4KCQLAH,Chevrolet Silverado 4500HD,2012,Electric,2.69
CYRGI1AZ,Rivian EDV,2001,Hybrid,12.34
VH9KS02Q,Western Star 5700XE,2012,Diesel,13.5
J8KKP9V9,Volvo VNL,2015,LNG,10.09
OU266JVJ,BYD 8TT,2006,LNG,7.2
F0ZRFOGL,Ram ProMaster,2007,Diesel,6.18
QHUA8STD,Rivian EDV,2006,Hybrid,14.87
57PLWUWW,Hino 268,2017,CNG,10.6
2XHHH4YE,International LT,2019,Hybrid,19.43
QK06HOI9,Ram ProMaster,2000,CNG,12.06
2PHADPK6,Thomas Saf-T-Liner,2017,LNG,7.38
6I,IC Bus CE Series,2006,Diesel,10.74
  ASGGAV17  , Peterbilt 579 , 2026 , Diesel , 11.82 
5TXW7SYA,Thomas Saf-T-Liner,2011,CNG,12.96
,Ford F-750,2012,LNG,7.95
JZEVBDSI,Volvo VNL,2000,CNG,9.42
MZ3E9YP0,Freightliner M2,2015,LNG,11.85
3V24GHZC,Kenworth T680,2006,Petrol,9.4
VZOR7234,Hino 268,2026,CNG,15.81
  2I5QBTPX  , Peterbilt 579 , 2016 , CNG , 10.35 
G441IG0H,Chevrolet Silverado 4500HD,2023,CNG,11.07
E0IFD0TV,Volvo VNL,2000,Hybrid,11.12
M09OP9KU,Freightliner M2,2019,LNG,11.97
Z502XUUA,Western Star 5700XE,2005,Hybrid,11.26
QE8UPIUA,Isuzu NPR,2025,Diesel,13.41
MPCEM8ML,Peterbilt 579,2009,Petrol,11.62
T6EWJ1HS,Peterbilt 579,2007,CNG,12.75
S6GB3MWA,Rivian EDV,2025,Electric,4.58
T6KMWCNE,Nikola Tre,2026,ELECTRIC,2.93
37NJTE0Y,Ram ProMaster,2006,Petrol,12.92
WMLWWVTM,Blue Bird All American,2025,Petrol,14.26
9A6SPZD1,Ram ProMaster,2000,Hybrid,13.63
S2WJLN4U,Mercedes Sprinter,2016,Electric,4.81
T64VZ90H,Peterbilt 579,2017,Petrol,7.11
M6LJTN1L,BYD 8TT,2019,Diesel,2
VVVVVVVV,Thomas Saf-T-Liner,2016,CNG,12.48
JJJJJJJJ,Mercedes Sprinter,2010,Hybrid,15.71
8A9UFH2I,Ram ProMaster,2019,LNG,8.1
E09O8A90,Isuzu NPR,2008,Diesel,6.74
WNIAI4T1,Ram ProMaster,2024,Electric,4.0
C512ZZ50,Mack Anthém,2026,CNG,14.26
JJW1MT5U,Mack Anthem,2018,CNG,9.12
Z2GFQNBI,Freightliner M2,2016,Electric,5.98
1KX46RJS,Arrival Van,2012,LNG,12.57
ZALKFKFAMSIFJ2NUEX23,Mack Anthem,2011,Electric,2.75
VF34EI2B,Ford Transit,2024,CNG,12.13
SNH57RER,IC Bus CE Series,2004,LNG,9.77
0OPN9H3K,Arrival Van,2019,Petrol,16.53
6FB818Y8,International LT,2015,Hybrid,21.43
SCMP7XJG,BYD 8TT,2016,CNG,11.23
1HOVSRM9,Hyundai XCIENT,2011,Petrol,13.78
54DIBU5E,Ford Transit,2008,Petrol,9.89
04svi6s5,BYD 8TT,2012,LNG,8.06
KB1RTPJW,Mack Anthem,2001,Electric,22.27
CW8HYV1Y,Ford F-750,2002,CNG,15.03
CSJPPVER,Peterbilt 579,2003,CNG,11.66
5Q5L56KZ,Thomas Saf-T-Liner,2026,Diesel,5.96
FVEXYGT7,Isuzu NPR,2018,Petrol,8.29
Q4F2X7C4,Ford Transit,2012,Petrol,17.55
CO39VCYR,Hyundai XCIENT,2020,Electric,3.92
WG1EVQMO,Rivian EDV,2015,1,15.15
0EUI4CJU,Ford Transit,2003,Hybrid,17.88
FU1NSET6,Ford F-750,2021,Diesel,9.29
YBYGMGIE,Ford F-750,2026,Petrol,9.22
9FX62ZHZ,International LT,2026,Hybrid,15.31
KNXMFH5E,Western Star 5700XE,2004,Petrol,17.22
RYND0EZ6,IC Bus CE Series,2005,Diesel,12.96
7CFT8SAD,International LT,2019,Petrol,14.24
WPXWDOGD,Blue Bird All American,2015,CNG,8.41
MUAXUFVZ,Mack Anthem,2013.3,Electric,3.63
CXFRAIH0,IC Bus CE Series,2010,Hybrid,20.24
X4Z5W67F,Freightliner M2,2000,Electric,5.26
FWFUYZ8T,Arrival Van,2011,Diesel,14.41
E2EZZPM0,Western Star 5700XE,2025,Electric,5.64
YXSROAQC,Nikola Tre,2019,Hybrid,18.91
3BXHELSS,Chevrolet Silverado 4500HD,NULL,Petrol,16.86
3LFLN7FT,Arrival Van,2006,Petrol,15.42
91RFYO2R,Kenworth T680,,LNG,7.84
E7KF05B5,IC Bus CE Series,2018,Hybrid,12.31
KFVXZN5M,Kenworth T680,2026,LNG,11.41
F0Q15ESU,Nikola Tre,2005,Diesel,10.59
SVB8Q351,Rivian EDV,2015,Hybrid,10.34
NXB5JTB9,Arrival Van,2003,CNG,13.23
8GPRQ12S,Ford Transit,2000,Petrol,11.2
SX422YZ7,Chevrolet Silverado 4500HD,2024,Petrol,9.51
OQX8PLPT,Chevrolet Silverado 4500HD,2014,Electric,4.38
V9JMJO8E,Ram ProMaster,2013,Diesel,12.35
7E2JNCL8,Western Star 5700XE,2020,CNG,10.0
WIM6DWK0,BYD 8TT,2007,LNG,11.57
3LIQA123,IC Bus CE Series,2015,Diesel,5.78
NMZSO6AX,Nikola Tre,2023,LNG,11.42
J0RYY4GI,Freightliner M2,2023,LNG,12.52
78FPYA4Q,Tesla Semi,2013,CNG,11.43
PG0961K0,Ford Transit,2016,Petrol,13.34
HJ7HC89I,Arrival Van,2007,Hybrid,12.37
DR9XKB03,Hino 268,2007,Electric,5.97
JFOF3NIE,Freightliner M2,2009,CNG,15.95
G8D2TN20,BYD 8TT,2000,Hybrid,18.63
QBILVM4J,Freightliner M2,2002,CNG,12.56
NRCJQWVO,Freightliner M2,2011,Electric,-2.02
ML8804FI,Peterbilt 579,2012,Hybrid,21.08
R06NKWFG,Chevrolet Silverado 4500HD,2013,Electric,4.71
I0X7PRIZ,Ram ProMaster,2017,LNG,11.77
HAO4W128,Model XXXXXXXXXXXXXXXXXXXXXXXXXXXXXXXXXXXXXXXXXXXXXXXXXXXXXXXXXXXXXXXXXXXXXXXXXXXXXXXXXXXXXXXXXXXXXXXXXXXXXXXXXXXXXXXXXXXXXXXXXXXXXXXXXXXXXXXXXXXXXXXXXXXXXXXXXXXXXXXXXXXXXXXXXXXXXXXXXXXXXXXXXXXXXXXXXXXXXX,2023,Diesel,5.99
WNGHYSBZ,Thomas Saf-T-Liner,2009,Hybrid,10.67
ha2dggc5,Hino 268,2015,CNG,8.94
LNKCVIQW,Nikola Tre,2023,LNG,12.49
  PUH41IW7  , International LT , 2017 , Hybrid , 15.78 
,Mercedes Sprinter,2021,Hybrid,12.06
E6SS3WV6,BYD 8TT,2004,CNG,13.8
9QMNT7MC,NULL,2012,Petrol,12.39
   ,	, ,  , 
TXCX7LY6,Rivian EDV,2003,Hybrid,17.2
DHA6GH7I,Kenworth T680,2018,Electric,4.48
63D9KT0J,Mack Anthem,2005,Hybrid,21.88
5KCMG2K8,Freightliner M2,2001,CNG,11.55
60U5N0S2,Mercedes Sprinter,2013,Electric,3.07
DXCY76D9,Western Star 5700XE,2020,Electric,15
8CQSJMUV,Ford F-750,2025,CNG,15.78
70TDDYBE,Mercedes Sprinter,2006,Petrol,11.56
HCUJLC1L,Thomas Saf-T-Liner,2001,Hybrid,12.98
XCLSDWHL,Tesla Semi,2010,LNG,8.57
OQC78RK8,BYD 8TT,2018,Petrol,15.43
4HSX023F,Nikola Tre,2015,Petrol,7.99
PDWYTTJ8,Isuzu NPR,2006,Diesel,10.62
P2XMB8KZ,Freightliner M2,2011,Petrol,9.54
HMJUH0R2,Mack Anthem,2018,LNG,12.92
FLSZ807O,Kenworth T680,2024,Diesel,10.33
QXGYMYMM,Isuzu NPR,2021,LNG,9.24
BP9OF9SV,Kenworth T680,2013,Electric,2.58
WZJF8YE,Thomas Saf-T-Liner,2017,Hybrid,13.02
U9C0937D,Mack Anthem,2013,Diesel,14.51
1737B85T,IC Bus CE Series,2011,Petrol,12.56
0D3MPV9W,Arrival Van,2018,Electric,3.84
JFKJ3VAL,Ram ProMaster,2013,Hybrid,12.98
PGGCBI6Q,Ram ProMaster,2015,Electric,5.02
QDY4LMCT,Ford F-750,2005,Hybrid,18.54
2VO8PHNC,Ford F-750,2025,Petrol,11.64
08K07QC8,Kenworth T680,2014,Electric,5.23
EGRM217W,BYD 8TT,2001,Hybrid,19.99
O724M9RA,Volvo VNL,2019,CNG,11.56
JG2CNJHP,Mack Anthem,2026,Petrol,7.74
U3DK5P0F,Blue Bird All American,2014,Hybrid,16.58
14QKS4TX,Tesla Semi,2010,LNG,10.32
DV5SYRQL,Mercedes Sprinter,2018,Petrol,13.43
XQJ2W5J8,Isuzu NPR,2022,Electric,4.83
N74VF0UX,Kenworth T680,2019,Diesel,13.11
3WICYZR7,Rivian EDV,2026,CNG,11.36
GGICQMX7,Isuzu NPR,2009,LNG,10.88
KAKJ6SZX,Isuzu NPR,2013,Petrol,16.6
XSMIZABV,Nikola Tre,2000,Electric,2902.75
GP247R2Q,Western Star 5700XE,2005,Electric,5.34
CYIBVFYH,Hino 268,2024,3,5.5
WR3OW37G,Hino 268,2001,Hybrid,14.64
QI9OJJJT,Rivian EDV,2020,Diesel,10.45
7VE3AU09,Isuzu NPR,2003,Diesel,6.26
AQ9FR8EG,Ford Transit,2010,Electric,5.86
M8AE2PIF,Ford F-750,2009,Diesel,14.61
CUUGJWVX,IC Bus CE Series,2002,Hybrid,14.37
R0IFEJ5V,Hino 268,2002,Petrol,9.62
DDFGS3JO,Blue Bird All American,2012,LNG,10.21
RPJZ3N3M,Ford Transit,2010,Hybrid,10.58
UACYRVHM,Nikola Tre,2004,Hybrid,15.9
QBXUKMU1,Thomas Saf-T-Liner,2005,Hybrid,13.04
GHXA3LNI,Nikola Tre,2012,LNG,13.61
7IRV1QYX,BYD 8TT,2024,LNG,12.21
9PRW15G0,Kenworth T680,2012,Diesel,9.7
JJJJJJJJ,Hino 268,2000,Hybrid,20.09
N96AY3YP,Hino 268,2000,Hybrid,19.92
6XQV0IPN,Hino 268,2014,LNG,9.33
77I4TDPC,Volvo VNL,2016,Petrol,17.11
KW5E11DX,Ford F-750,2015,LNG,10.89
0ZX883SX,International LT,2020,LNG,3017.02
2G6J0DG5,Mack Anthem,2001,LNG,7.3
AQY9055S,IC Bus CE Series,2017,Diesel,9.63
VVZQ6IME,Nikola Tre,2019,Electric,4.15
0CH4NDFS,Mercedes Sprinter,2001,Petrol,6.84
G7GA245J,IC Bus CE Series,2022,CNG,15.84
4V8YVGQN,Arrival Van,2008,Petrol,9.963696831
WDXSDC4C,Rivian EDV,2008,LNG,13.48
XVEJQXGM,Hyundai XCIENT,2012,LNG,17
P3CSHXMJ,Isuzu NPR,2011,CNG,10.32
LQHUM5ZF,Mack Anthem,2021,Diesel,9.6
95OJW9BF,Kenworth T680,2013,Diesel,12.26
QGDKF0Q8,Hino 268,2015,CNG,14.48
0NWEVHVQ,Mack Anthem,2003,Diesel,13.88
YX9WQR5E,Ford Transit,2017,CNG,0
ITH4FXJL,Arrival Van,2020,Diesel,946.43
S8FNGUV1,Rivian EDV,2024,Hybrid-Electric,5.54
BX1I384Q,Freightliner M2,2026,Electric,5.23
1CTY6R53,Rivian EDV,2049,Hybrid,10.01
ID0YIMMP,IC Bus CE Series,2011,Electric,3.8
JRG1M69P,IC Bus CE Series,2018,Petrol,15.42
DXVL5PVY,Isuzu NPR,2008,LNG,9.79
F5ZRXMHW,Chevrolet Silverado 4500HD,2003,Hybrid,15.99
QNG8DZAF,Kenworth T680,2011,Hybrid,14.04
SCAOM3G4,Kenworth T680,2009,Electric,3.88
CGQLLX70,Ford Transit,2025,Hybrid,19.67
OO5ILWN6,Mack Anthem,2013,LNG,8.95
LC1WKX3M,Blue Bird All American,2020,LNG,12.87
DEQ5EN7H,Chevrolet Silverado 4500HD,2010,Petrol,12.56
I7JBCWWM,Chevrolet Silverado 4500HD,2025,CNG,13.99
OP22AGT6,Hyundai XCIENT,2003,Diesel,13.22
Z4BXZFY9,Rivian EDV,2013,CNG,11.94
86PVYNWY,Ford Transit,2007,Hybrid,13.18
GQYXXTZ1,BYD 8TT,2008,Electric,27.16
2A8TS171,Ram ProMaster,2002,Hybrid,11.1
AP5ID6LG,IC Bus CE Series,2000,Petrol,8.93
9H5JI5GF,Hino 268,2024,Electric,4.28
Z1PA505X,Freightliner M2,2022,Hybrid,21.0
45CCZ5Z6,International LT,2002,Diesel,9.91
CJ8PMOZK,IC Bus CE Series,2011,Hybrid,12.5
7PSYQ2VQ,Tesla Semi,2001,LNG,9.56
Z10AGWVL,Mack Anthem,2004,LNG,11.29
L7DS7C3M,Rivian EDV,2017,CNG,N/A
BRM16LUC,Blue Bird All American,2006,Electric,4.53
SE0I7K26,Mack Anthem,2001,LNG,10.61
1HLOT6HV,Western Star 5700XE,2010,CNG,11.0
9QXNETBH,International LT,2000,LNG,12.54
U36JF3F6,Hino 268,2017,LNG,11.08
IDRA48KE,Mercedes Sprinter,2022,CNG,8.93
IR2T3L7F,Hyundai XCIENT,2026,Diesel,13.34
O1HPGRBR,Tesla Semi,2014,Hybrid,17.7
V5G2L3AJ,Peterbilt 579,2010,CNG,13.1
MK1KC3L4,Freightliner M2,2020,CNG,12.37
BTA4ZXE4,Tesla Semi,2003,Petrol,12.96
RHQXADWU,Ford F-750,2007,Electric,1
NLTR6WB1,Peterbilt 579,2019,CNG,12.01
TPBWSXXD,Rivian EDV,2009,Hybrid,15.33
HYQDBWHO,Mercedes Sprinter,2022,LNG,12.43
J8JFS4ZO,Ram ProMaster,2000,Diesel,5.04
1SJLD7L5,Hyundai XCIENT,2004,CNG,11.86
L5ZNLNCJ,Mack Anthem,2021,LNG,13.73
MDG3TJA6,Kenworth T680,2002,CNG,9.3
LZAOYUQT,Rivian EDV,2006,LNG,13.32
DQEF0S9K,Freightliner M2,2020,Electric,3.3
null,Mack Anthem,2021,Diesel,9.59
FBDPA9N8,BYD 8TT,2017,Diesel,13.62
  GMHU5UKI  , Freightliner M2 , 2009 , Hybrid , 20.52 
073AEEP2,Ford Transit,2002,Electric,5.68
8Z1QXFIA,Peterbilt 579,2010,Electric,4.37
SOR34CUH,Rivian EDV,2020,Diesel,5.67
5HL9XKLW,Nikola Tre,2007,Hybrid,14.45
  0HF581F1  , Ford Transit , 2021 , Petrol , 11.13 
82PQMH02,Thomas Saf-T-Liner,2007,Hybrid,21.96
1QKBHB7S,Tesla Semi,2015,Hybrid,13.04
BHP6J5P5,Ford F-750,-399,LNG,11.57
ORFSL0JJ,Blue Bird All American,2010,Hybrid,10.41
LKZC99NS,Chevrolet Silverado 4500HD,2023,Electric,5.72
NBI1CAO8,BYD 8TT,2006,Hybrid,21.64
BIVQOQFV,Volvo VNL,2026,ELECTRIC,18.05
7HF043HG,Arrival Van,2024,Electric,3.66
6SRP7B4H,Hino 268,2019,Hybrid,13.51
F0ISG6WD,Arrival Van,2017,Hybrid,19.72
22040TB1,Ford Transit,2026,Hybrid,14.31
UMWPHORC,International LT,2012,Electric,16.56
ST76Q98H,Blue Bird All American,2017,CNG,-17.31
LSPS7UK5,Tesla Semi,2025,CNG,8.66
OBCK3ERV,Ford F-750,2019,LNG,7.61
5YI9MP6,Western Star 5700XE,2006,Diesel,5.97
VD9R5PD1,Freightliner M2,Year2022,Diesel,8.36
MIZNQ782,Kenworth T680,2025,Diesel,12.39
NPE6SWYU,Arrival Van,2015,Electric,5.0
MBR9YVY0,Peterbilt 579,2001,LNG,13.22
YMRT3DLT,Peterbilt 579,2023,Petrol,15.6
AGW8N4KO,Isuzu NPR,2019,Diesel,12.05
OKT4TT7J,Blue Bird All American,2006,,23.76
4XBUPD21,International LT,2005,Diesel,9.49
Z3WLDL6A,Isuzu NPR,2017,Electric,4.97
80CBQA4F,Isuzu NPR,2016,Hybrid,17.5
AS323DF1,Kenworth T680,2004,Hybrid,21.62
1HGB	225,Thomas Saf-T-Liner,2018,Diesel,8.93
VVVVVVVV,Mercedes Sprinter,2001,Hybrid,20.86
9SZ6ZDK,Kenworth T680,2012,CNG,13.66
CU4JI7IC,BYD 8TT,2006,Electric,4.94
74M3BOJ3,Volvo VNL,2023,Hybrid,16.34
TOYZ600I,Isuzu NPR,2001,Petrol,14.98
SDETN3HO,Hino 268,2007,CNG,13.06
MSP517XA,"Freightliner M2, Heavy Duty",2022,Petrol,12.35
YN2YJW20,Volvo VNL,2024,LNG,13.12
6JGOVWH4,Ram ProMaster,2017,Diesel,13.73
09IKAX11,Blue Bird All American,2000,Hybrid,20.64
7GAQEEHR,N/A,2003,Hybrid,20.77
YGY51D1V,Ford F-750,2024,Diesel,11.29
836XU4P7,Thomas Saf-T-Liner,1973,Diesel,7.16
J73PDPBJ,Hino 268,2006,Diesel,9.11
6V9N884P,Ford F-750,2014,CNG,14.85
IOURAY2Y,Blue Bird All American,2014,Electric,4.63
PUHFINZ5,Peterbilt 579,2020,Diesel,6.55
627DTQ9R,Nikola Tre,2003,Hybrid,13.29
AP14X5HY,Rivian EDV,2013,LNG,N/A
KBB04RHA,Blue Bird All American,2025,Hybrid,18.94
OC9G2W63,Chevrolet Silverado 4500HD,2001,Petrol,11.7
BR1YVFNF,Arrival Van,2022,Petrol,9.23
IZ1X7U0P,Kenworth T680,2007,Diesel,11.95
1X34YSR5,2101,2013,Petrol,12.66
NSFE1V0O,Blue Bird All American,2024,Petrol,11.81
UKDX05WL,Volvo VNL,2003,Petrol,6.57
CYTJIFJ6,Isuzu NPR,2011,Diesel,9.47
K3CKOHEL,Western Star 5700XE,2010,Electric,5.91
AUNEO5CH,Chevrolet Silverado 4500HD,2013,Hybrid,21.81
WD7632ZP,IC Bus CE Series,2026,LNG,9.28
K7245M8T,Volvo VNL,2012,LNG,9.89
VPFH22CP,Tesla Semi,2013,Electric,5.68
KBXKXXKY,Ford Transit,2001,CNG,8.83
9DMI0751,Mack Anthem,2011,Electric,5.14
XZTDNRMQ,Isuzu NPR,2022,LNG,10.6
BGUV6MZN,Western Star 5700XE,2005,Hybrid,21.19
KY7QRB9P,Blue Bird All American,2011,Diesel,11.02
V23PP9J5,BYD 8TT,2023,Diesel,9.18
S51FIDSK,Blue Bird All American,2021,CNG,13.82
M6X1HGZ0,Freightliner M2,2039,CNG,14.45
J8CIBWQ6,International LT,2012,Hybrid,11.67
R8XIIKYE,Isuzu NPR,2014,Electric,4.42
32Y35P49,BYD 8TT,2007,Diesel,12.18
0JMDYV48,Ford Transit,2012,Electric,3.33
Y5CGAGHF,Tesla Semi,2018,Hybrid,21.67
6VJI4BK1,Peterbilt 579,2006,Petrol,-5.21
MFXOMS9J,Volvo VNL,2010,Electric,4.38
W8ZUYLFZ,Tesla Semi,2014,Electric,3.28
QP9S2U3O,Volvo VNL,2010,Diesel,11.04
B4KGHRKM,"Freightliner M2, Heavy Duty",2023,Diesel,11.23
HKUOIPBV,Blue Bird All American,2008,LNG,13.45
IK9HKKH3,Rivian EDV,2019,Petrol,13.04
OJCZ7U44,Thomas Saf-T-Liner,2010,Hybrid,21.09
HVY3NUKO,IC Bus CE Series,2003,CNG,9.19
CUA09PCI,International LT,2010,Petrol,9.73
6S2QM8VZ,Blue Bird All American,2019,Electric,5.25
EGYUHE79,Western Star 5700XE,2015,Petrol,9
DGLOGS5M,Isuzu NPR,2024,Petrol,6.56
4V18Q8XF,Kenworth T680,2011,CNG,14.46
JURCD6VB,Thomas Saf-T-Liner,2003,ELECTRIC,19.22
4YL5DIU3,Peterbilt 579,2024,LNG,7.81
5BHJ3KFX,Ram ProMaster,2016,Petrol,10.23
JH88ZPPT,Volvo VNL élite,2007,CNG,15.47
TKCV59T8,Thomas Saf-T-Liner,2002,LNG,9.7
47LHA1Z8,Kenworth T680,2010,Petrol,15.81
1OVJNTKC,Chevrolet Silverado 4500HD,2023,Diesel,9.98
O2IY7KCC,Ford Transit,2025,LNG,13.69
2NKX5ZT5,Tesla Semi,2013,LNG,10.75
N5L8VLSH,Arrival Van,2003,Electric,5.75
8JDL7N1F,Mack Anthem,2014,Electric,5.34
6AP3VGVF,Western Star 5700XE,2022,Hybrid,18.35
DXEDLIYD,Rivian EDV,2023,Electric,4.22
BWNUHPHT,IC Bus CE Series,2017,Diesel,12.26
ZGE0XB81,Freightliner M2,2013,LNG,13.81
OG8U5V37,Tesla Semi,2024,Hybrid,10.83
WHWKMY9X,International LT,2016,Electric,4.4
CLVEZSLM,Blue Bird All American,2019,Hybrid,14.34
HVFPXX60,Thomas Saf-T-Liner,2015,Diesel,9
9QV3C,Freightliner M2,2003,Diesel,8.85
ZGJ0Z1G2,Chevrolet Silverado 4500HD,2026,Diesel,7.8
P03C30Z1,Blue Bird All American,2001,Petrol,9.01
IJ8O7W0R,Western Star 5700XE,2023,Hybrid,13.33
QBVQCHNY,IC Bus CE Series,2012,Diesel,12.44
T9HWMPFG,Chevrolet Silverado 4500HD,2015,LNG,8.38
AX985I0H,Isuzu NPR,2016,Hybrid,17.04
I34MR8NV,Mercedes Sprinter,2013,Petrol,12.26
PD3U8KI4,Isuzu NPR,2006,Diesel,12
8B659BWV,International LT,2022,Diesel,13.46
I01DCHLI,Thomas Saf-T-Liner,2019,Diesel,14.68
YPKFTVK1KOWQ8OH18JVS,Kenworth T680,2026,LNG,8.48
NXJJWI,Isuzu NPR,2009,Electric,4.68
25M9FERJ,Arrival Van,2017,CNG,10.74
YJDTTWVK,"Freightliner M2, Heavy Duty",2000,Petrol,8.45
X4SPLY7M,Arrival Van,2025,Diesel,13.12
2J4OJD36,4789,2006,LNG,12.08
HZ99MFCH,Ford F-750,2011,Hybrid,12.13
06L8ZG6M,Chevrolet Silverado 4500HD,2007,Electric,3.07
88VA29TY,Ford Transit,2011,CNG,9.01
H01STXMZ,Isuzu NPR,2015,Diesel,15.0
IG54LGC1,Thomas Saf-T-Liner,2074,LNG,9.74
SQPBQ7EA,Blue Bird All American,2001,Hybrid,11.84
U3VQVT3L,Peterbilt 579,2023,Electric,5.47
UK6FYHH5,Nikola Tre,2013,LNG,7.85
Q3XJJI7L,Freightliner M2,2018,Diesel,8.51
U5K78Y0W,Western Star 5700XE,2006,Hybrid,13.42
2FJXLFN7,Nikola Tre,2015,LNG,12.53
P9I7SUNT,Mercedes Sprinter,2015,Electric,4.81
V5N4VSG4,Mack Anthem,2026,Hybrid,13.58
3SMMS3GS,Peterbilt 579,2012,LNG,7.39
JLHCW8R6,International LT,2003,Petrol,17.25
N1KICJN2,Mack Anthem,2023,Hybrid,14.68
QSC7M3VO,Kenworth T680,2022,Hybrid,13.5
4LDY8PVD,Mercedes Sprinter,1970,CNG,15.08
67Q3VBJB,Blue Bird All American,2017,CNG,15.57
8GT706KY,Chevrolet Silverado 4500HD,2013,Electric,4.58
7J6V4523,Freightliner M2,2023,Hybrid,15.98
OMV2XCDY,Ford F-750,2008,Diesel,12.24
R6ZAYG5K,Nikola Tre,2020,Electric,3.95
IXS9AZD0,Arrival Van,2001,Electric,2974.68
   ,	, ,  , 
EGRY58VR,BYD 8TT,2026,Diesel,14.74
JVJGU4P3,Isuzu NPR,2004,Electric,3.46
6ZD7EKEX,IC Bus CE Series,2004.9,Petrol,12.16
VFEQT7XF,"Volvo
VNL",2016,CNG,14.98
LN0UFDPC,Hino 268,2000,Electric,-2.68
T9FK4LD6,Mack Anthem,,Electric,2.92
T2OEB0K7,"Freightliner M2, Heavy Duty",2012,Petrol,15.97
1HGB/225,IC Bus CE Series,2007,Hybrid,16.28
W1XSRQKR,Ram ProMaster,2008,Electric,4.4
32RBS43H,Ram ProMaster,2012,Hybrid,20.23
ICQG21E0,Arrival Van,NULL,CNG,15.55
MUUEL9S3,Hino 268,2022,LNG,8.93
FQROIEH9,Volvo VNL,2015,Petrol,15.29
FHGTI9GI,Tesla Semi,2021,Diesel,13.96
TAKPUXQP,Western Star 5700XE,2016,Diesel,9.73
D8WZ42O8,Western Star 5700XE,2015,Hybrid,13.22
SLQMNI47,Volvo VNL,2026,Petrol,10.46
XY4A15F4,Hino 268,2004,LNG,9.42
,Ford F-750,2006,Petrol,17.52
ZR6ASW4O,IC Bus CE Series,2026,LNG,9.7
A2G76RWR,Chevrolet Silverado 4500HD,2016,Hybrid,13.93
NRN8AO5L,Arrival Van,2009,CNG,13.83
FN3HK2ZH,Kenworth T680,2002,Petrol,6.9
ZFC1K8J0,Hino 268,2014,CNG,10.44
9IJ283DY,Hino 268,2025,Diesel,14.1
SA6Z37BC,Peterbilt 579,2023,lng,9.99
J0RYY4GI,Arrival Van,2019,CNG,13.9
399GNV0K,Isuzu NPR,2011,Petrol,9.54
FG03UYMV,Rivian EDV,2000,Diesel,8.79
PF9X7A2E,Mack Anthem,2017,Petrol,15.79
GL5XV9CP,Rivian EDV,2021,Electric,5.78
TY61JZEK,Chevrolet Silverado 4500HD,2009,LNG,7.95
BJ91QOE5,Isuzu NPR,2003,CNG,11.11
UIU6FBUW,Kenworth T680,2021,CNG,9.62
HXLZSPJK,Arrival Van,2019,Electric,12
AWWJNN41,Hino 268,2010,Electric,3.19
d538gbh4,Peterbilt 579,2019,CNG,12.61
TG67VWB0,Rivian EDV,2002,Hybrid,14.91
QUOLGQE6,Hyundai XCIENT,2026,Diesel,5.47
KX29AHSX,International LT,2009,Hybrid,13.38
8R4LG2R6,Western Star 5700XE,2000,Electric,4.89
NJ7XS7LP,"Freightliner M2, Heavy Duty",2007,Electric,5.47
ANC8PEEM,Tesla Semi,2008,Petrol,13.15
K5FGYHFI,Volvo VNL,2017,CNG,13.2
M5O7Y0C3,Blue Bird All American,2018,CNG,13.46
XA23BT0J,BYD 8TT,2006,CNG,9.85
WRTQRNZ2,Ford Transit,2015,LNG,12.09
OUI7J7GT,Mack Anthem,2001,LNG,7.01
ZVE3ZC5K,Mack Anthem,2010,Petrol,11.29
Z0N04OAE,Mack Anthem,2010,Hybrid,18.04
FVDPTZRV,Arrival Van,2012,CNG,14.43
OA8GCBQL,Thomas Saf-T-Liner,2016,LNG,8.91
QGGBUKCN,Arrival Van,2001,CNG,8.77
THQPHW25,Hino 268,2014,Petrol,11.39
Z2R822MW,Ford Transit,2013,LNG,11.61
6FHLF5BK,IC Bus CE Series,2018,Electric,17.42
  ZS9NFVTI  , Blue Bird All American , 2003 , Hybrid , 17.02 
U3926TEP,Ford F-750,2020,LNG,9.97
U0MRUCZG,Ford Transit,2004,CNG,9.8
O6T2TKXZ,IC Bus CE Series,2015,Diesel,10.63
48ZOP3AA,International LT,2086,Electric,5.55
MWGOSNST,Freightliner M2,2015,CNG,12.71
18Z017Q3,International LT,2013,Petrol,10.16
XGIMYDO5,Blue Bird All American,2000,CNG,14.22
UNION SELECT * FROM users,Kenworth T680,2001,Diesel,7.21
QBOOQKSC,Mack Anthem,2016,LNG,13.39
H50JFCWY,Mack Anthem,2009,PETROL ,11.13
E347HNE9,International LT,2021,Petrol,6.19
SQRF1LLK,Ram ProMaster,2007,LNG,10.85
HE7KY87Q,Nikola Tre,2017,Diesel,12.9
YITAHVP4,Western Star 5700XE,2001,LNG,13.85
8JX54PEG,Hino 268,2009,LNG,11.31
S4S2NEMK,Freightliner M2,2020,Hybrid,11.72
003HYIEH,Ford Transit,2007,Petrol,9.3
JV61BAFT,Kenworth T680,2000,LNG,7.27
OQYQ33PO,Arrival Van,1932,CNG,8.66
TGCADGHB,BYD 8TT,2012,Electric,12.82
47UD1K2C,Ford F-750,2000,Electric,2.86
P2FMC8LB,Isuzu NPR,2003,Diesel,6.29
9TKRYZ67,Nikola Tre,2012,Diesel,10.55
43,Peterbilt 579,2003,LNG,11.97
NULL,Chevrolet Silverado 4500HD,2013,Diesel,12.56
VDESIS69,IC Bus CE Series,2013,Petrol,10.04
kb3oe8e6,Kenworth T680,2010,Petrol,8.19
1DKHO9C9,BYD 8TT,2021,LNG,10.3
JP150831,IC Bus CE Series,2024,Electric,5.79
E6ASA9W0,Ford F-750,2001,LNG,10.16
6U5TVVZW,Chevrolet Silverado 4500HD,2026,CNG,8.58
376QWVGF,Ford Transit,2007,LNG,11.35
GYREX4XO,Volvo VNL,2026,CNG,10.23
0TMGQPE8,Thomas Saf-T-Liner,2012,CNG,11.7
MCO075RE,Volvo VNL,2003,CNG,8.28
25FN6L67,Hino 268,2012,CNG,8.19
UDDIXRQR,Ford F-750,2004,Diesel,6.84
6AACSM4V,IC Bus CE Series,2001,Hybrid,12.05
JVMYFHYX,Blue Bird All American,2021,LNG,NULL
DW8O83BE,Isuzu NPR,2016,Hybrid,15.08
221BX6S2,Volvo VNL,2025,Hybrid,10.66
RGBQS6G8,Rivian EDV,2014,CNG,13.9
DEZH0CD8,Freightliner M2,2013,Hybrid,19.5
GLQJ5SXV,BYD 8TT,2012,Electric,4.55
OHY1O72B,Mercedes Sprinter,2005,LNG,9.7
3YQSI8IY,Volvo VNL,2003,Hybrid,10.94
N1BHHG60,Western Star 5700XE,2009,Petrol,7.07
  3PAXIIKG  , Ram ProMaster , 2013 , Hybrid , 18.91 
XNYV4C4S,Chevrolet Silverado 4500HD,2023,Hybrid,11.76
NJ0XTGB5,Mack Anthem,2026,Electric,5.03
MDW65QTT,Freightliner M2,2017,Petrol,-10.68
KX1S9XKA,Chevrolet Silverado 4500HD,2010,LNG,8.7
ZMSPDB3A,Kenworth T680,2020,CNG,9.89
9CUCE5OH,BYD 8TT,2026,LNG,7.94
UX6OVHBT,Chevrolet Silverado 4500HD,2013,Electric,4.54
SRF6SC2S,Volvo VNL,2009,Diesel,7.19
B9P0H6SW,590,2009,LNG,13.98
P1V6YHHE,Unknown,2008,Hybrid,10.24
FW3SFO45,Arrival Van,2022,Diesel,9.81
K25PWI6R,Tesla Semi,2016,Electric,5.46
4FJ2VNL9,Volvo VNL,2011,CNG,14.13
99LWG4DI,Mack Anthem,2008,Hybrid,14.12
OJVZU74N,Ford F-750,2022,CNG,12.68
I4KT4QXA,Ford Transit,2024,CNG,12.27
R3SXD8WG,Volvo VNL,2024,CNG,14.69
LY2SKKFT,Mack Anthem,2019,Petrol,14.02
LXB0IP8M,Kenworth T680,2002,CNG,12.11
PU4VLNS8,Hino 268,2022.5,Petrol,13.07
M4J73G47,Ram ProMaster,2014,Petrol,6.18
Y66M8IRS,International LT,2010,CNG,13.41
3KJ23EJM,Rivian EDV,2026,Petrol,14.85
1O9DGP67,Mack Anthem,2018,LNG,12.21
UD2ZDLX1,Ford Transit,2007,Diesel,14.47
F8XG6KHA,Peterbilt 579,2009,Diesel,7.36
UBXXQ6MF,Mercedes Sprinter,2008,CNG,8.07
E2IFR8H6,IC Bus CE Series,2022,CNG,13.05
HY86J5MS,Arrival Van,2000,LNG,10.14
LDAUG7BB,Ram ProMaster,2003,CNG,14.12
XW7D6K0J,Blue Bird All American,2005,CNG,8.22
REGZ5IPU,Ram ProMaster,2018,Electric,2.9
2AWW77GC,Hino 268,2025,Petrol,6.56
U0MAN5SN,Volvo VNL,2021,LNG,10.51
EX1WDP1T,Kenworth T680,2013,Petrol,7.97
QJ8IK2C1,Ram ProMaster,2005,Electric,5.97
0Q6RS2K9,Hyundai XCIENT,2003,LNG,13.1
71NGETL5,BYD 8TT,2001,Electric,5.33
VCE97E82,Chevrolet Silverado 4500HD,2016,CNG,12.03
NXUPBRSN,Mercedes Sprinter,2010,CNG,14.36
W2V2ANN3,Chevrolet Silverado 4500HD,2022,Diesel,5.31
P1KZVJH5,IC Bus CE Series,2022,CNG,9.95
4YHDML,Arrival Van,2012,Petrol,15.02
W8XE3ACD,Isuzu NPR,2026,Electric,5.89
1NI4EUBY,International LT,2006,Petrol,12.19
JYV97JI7,Tesla Semi,2000,Hybrid,13.24
U74S5TR2,Mercedes Sprinter,2004,CNG,11.41
U1IWAAYR,Isuzu NPR,2013,CNG,8.4
R58MX4YQ,Ford Transit,2003,Petrol,15.09
0MKZ89F6,Ford Transit,2013,Electric,5.09
T9NT3W5U,Rivian EDV,2002,Diesel,5.46
YAK3J8WR,Rivian EDV,2018,LNG,12.82
UGSR9N1V,Western Star 5700XE,2014,Hybrid,17.3
OB2HTZ53,Ford Transit,Year2022,Electric,2.71
2SOIGUN7,IC Bus CE Series,2024,CNG,10.16
383F7N8S,Hyundai XCIENT,2020,Electric,3.33
LVIJFU59,Rivian EDV,2020,CNG,15.82
0AHPO00Z,Volvo VNL,2000,CNG,10.78
6WZSL85Y,Mack Anthem,2005,Diesel,14.23
IY3X18SR,International LT,2020,LNG,9.3
BJJYWRKETBEOW4Z97S,Volvo VNL,2010,LNG,12.09
J80CSB57,BYD 8TT,2004,Hybrid,17.21
0S3RYGP8,Freightliner M2,2017,LNG,10.31
P95UZYDP,Chevrolet Silverado 4500HD,2000,CNG,11.28
BMKJRL01,Ram ProMaster,2021,Petrol,8.88
TPEC4088,Hino 268,2006,Diesel,13.42
0APOTXTF,Rivian EDV,2011,Electric,5.97
31WOI93G,BYD 8TT,2003,LNG,11.26
SJWW1RFE,Ram ProMaster,2021,LNG,11.26
CP01VWTE,Western Star 5700XE,2002,LNG,13.38
,Tesla Semi,2025,Hybrid,20.1
UW590Z92,Hino 268,2013,Electric,3.8
CZ69GKPB,IC Bus CE Series,2006,Petrol,15.22
GAFIUP2L,Peterbilt 579,2019,LNG,13.41
T6MTHRA6,Hino 268,2010.0,Petrol,9.5
null,Volvo VNL,2020,Petrol,11.53
0TD217N7,Peterbilt 579,2026,Petrol,7.3
N6UFXRMS,Peterbilt 579,2002,LNG,7.5
CM4RNRUG,Volvo VNL,2025,Hybrid,20.2
6KUOQ0DD,International LT,2000,LNG,10.85
BZ5TDFY3,Western Star 5700XE,twenty-twenty,Petrol,16.51
U6X72B6W,Tesla Semi,2018,Electric,2.91
BKZ1FX4U,,2008,CNG,10.65
16IMMZ6G,Kenworth T680,1908,LNG,7.99
OK340RWX,Ford Transit,2022,CNG,13.91
EQWMI6KT,Isuzu NPR,2023,Hybrid,19.36
81UHYXFW,BYD 8TT,2016,Petrol,13.63
P4O3CSE0,Western Star 5700XE,2013,Electric,13.08
TIA2MCZT,Mercedes Sprinter,2011,Petrol,10.87
EX87RZLX,4944,2014,Electric,5.21
FECLIJC1,Hino 268,2014,Electric,4.39
4PY8A9HJ,Hyundai XCIENT,2013,Petrol,12.65
K8YBF6BL,Isuzu NPR,2003,Petrol,17.42
UNION SELECT * FROM users,Blue Bird All American,2001,CNG,11.43
SKV34GNS,Kenworth T680,2026,LNG,13.4
7Z12XRS8,International LT,2020,Hybrid,10.93
LM86R4YL,IC Bus CE Series,2019,Petrol,11.63
57PR7PBB,Volvo VNL,2018,Diesel,14.06
MV19MHX7,Arrival Van,2007,Hybrid,18.92
99XRO37U,International LT,2016,LNG,13.07
S0765ICA,Nikola Tre,2010,Diesel,10.53
NZBSC3KA,Freightliner M2,2010,CNG,21
1D5C21O6,BYD 8TT,2019,Petrol,13.38
UX8X4S27,Hino 268,2012,Hybrid,15.35
542V8IHP,Arrival Van,2021,LNG,13.91
0EX7KI13,Nikola Tre,2003,LNG,11.83
JQY3ODSX,Blue Bird All American,2017,Diesel,11.47
O6Q0USWO,Nikola Tre,2018,Electric,2.72
K3PKP6UA,Chevrolet Silverado 4500HD,2004,Petrol,14.97
7GYKRLGZ,IC Bus CE Series,2025,CNG,11.08
SOR8133H,Volvo VNL,2003,CNG,8.11
DYURMF5R,Volvo VNL,2014,LNG,10.74
FIDJ6QII,Blue Bird All American,2022,Hybrid,14.22
6Q2M8OF7,Blue Bird All American,2014,Petrol,6.21
,,,,
5B6Y3GXE,Freightliner M2,2002,CNG,14.58
A6SRG1YD,Mercedes Sprinter,2010,Diesel,11.38
AJYA5V6Y,Freightliner M2,2010,Diesel,-11.59
4YN6ZJUY,Mercedes Sprinter,2009,Petrol,6.31
J6953LDG,Mack Anthem,2009,CNG,11.47
VMB6KQB7,Arrival Van,2024,Diesel,7.29
3TFY24RF,Chevrolet Silverado 4500HD,2000,LNG,0
  V0FOLMQL  , Peterbilt 579 , 2021 , Hybrid , 15.71 
SWHCEKFQ,Blue Bird All American,2018,Hybrid,13.49
JD44Y3NP,International LT,2024,Diesel,9.25
6KH7CRX0,IC Bus CE Series,2016,CNG,13.07
OK0BTCN0,Ford F-750,2023,Diesel,0
5TKIZIWW,Chevrolet Silverado 4500HD,2001,Petrol,14.82
6YMBNBOR,Nikola Tre,2000,LNG,11.51
5J4GW3FW,Volvo VNL,2009,Electric,4.93
JBTR5DS2,Mack Anthem,2024,Petrol,8.79
6TMJQDUV,Kenworth T680,2017,LNG,11.25
MJ34DVLJ,Hyundai XCIENT,2022,Electric,4.73
IPQ02Y2Q,Isuzu NPR,2004,Diesel,6.83
N/A,Mack Anthem,2026,LNG,10.1
TDAHHLDM,Hyundai XCIENT,2021,CNG,"11,12"
OT4D49PQ,Kenworth T680,2015,Petrol,15.97
L5S6H3HP,Volvo VNL,2073,Hybrid,17.18
F40JH4G9,Tesla Semi,2023,Diesel,N/A
0MCB9B1Z,     ,2011,LNG,8.01
CR,IC Bus CE Series,2014,Hybrid,12.75
CDKJALYU,Ford Transit,2020,Hybrid,13.25
DU9V45D3,Kenworth T680,2010,CNG,9.49
YP5SSM0D,Chevrolet Silverado 4500HD,2011,Petrol,16.03
KP8IXASG,Arrival Van,2014,Diesel,5.31
2MZ8M6XH,Isuzu NPR,2004,Diesel,6.69
IJ3Q7I2Z,Mack Anthem,2026,CNG,14.05
EKXHU0HL,Blue Bird All American,2015,ELECTRIC,1.7
I9ZF3XIZ,BYD 8TT,2004,Diesel,5.58
COKQ6N9L,IC Bus CE Series,2018,CNG,10.29
1Z0ERYX8,Isuzu NPR,2003,Hybrid,11.33
KDJ9M77L,Chevrolet Silverado 4500HD,2019,Diesel,10.17
PAQCCGZD,IC Bus CE Series,2014,CNG,14.96
702M13O3,Blue Bird All American,2005,Hybrid,18.02
OY211MVZ,Western Star 5700XE,2006,Petrol,10.78
4ZOGS7CFCRP2K,Mercedes Sprinter,2021,Diesel,12.92
7NITMAHK,Rivian EDV,2025,Petrol,11.12
63AX2XU6,Freightliner M2,2018,Hybrid,15.42
LPOYI069,Mercedes Sprinter,1999,Diesel,12.76
G4KOOVBZ,Peterbilt 579,2013,Petrol,7.34
TXINB1GB,Western Star 5700XE,2026,CNG,9.04
207FMFNO,Arrival Van,1969,CNG,11.02
6XRJG90M,Freightliner M2,2001,Hybrid,19.35
SZH2E5YK,Kenworth T680,2022,Diesel,5.54
QCMVTP4S,Kenworth T680,2008,CNG,8.03
X3HXZMFU,Freightliner M2,2005,Diesel,5.73
J1M9NU3N,Ford Transit,2007,Electric,3.68
N57RNWY4,Hino 268,2022,Electric,2.93
OTB8WBVR,Rivian EDV,2026,LNG,10.2
BY4II7VX,Tesla Semi,2015,Diesel,14.38
WMPEQTMB,Chevrolet Silverado 4500HD,2025,Diesel,6.22
2TDO1DFS,Tesla Semi,2000,Hybrid,16.2
OGKNENC9,Mack Anthem,2005,CNG,13.17
ARIHNEJ5,Mack Anthem,2016,LNG,11.41
F9TU8PV2,Hino 268,2010,Diesel,7.6
EBURVJD7,Hyundai XCIENT,2005,Hybrid,13.83
6IHRUJ9Y,Kenworth T680,2006,LNG,10.6
XDELLTRQ,Volvo VNL,2024,Electric,3.73
MQP1YT7L,Ram ProMaster,2012,Diesel,7.98
ZP2YVEKY,Peterbilt 579,2012,CNG,13.06
5SBUARS5,Mack Anthem,2006,Hybrid,15.87
TYDMKPV3,Hyundai XCIENT,2002,Hybrid,19.31
6I9PYQLD,Arrival Van,2017,LNG,8.76
AJNQ9PCA,Kenworth T680,2011,LNG,8.9
WCAHRFRF,International LT,2025,CNG,18
74CSNJ0Y,Nikola Tre,2000,Diesel,14.36
OIC67W5W,Chevrolet Silverado 4500HD,2003,Hybrid,14.7
6K7W7JPX,Western Star 5700XE,2005,CNG,14.99
3UY5EVSZ,Rivian EDV,2006,CNG,12.13
U7W3VXZI,Hyundai XCIENT,2018,Diesel,13.7
14590GMU,IC Bus CE Series,2010,CNG,10.29
4G5VS4F6,Mack Anthem,2026,Electric,4.13
93H37K5I,Kenworth T680,2024,Hybrid,15.64
3ENOYRWI,Freightliner M2,2026,Diesel,-5.59
V37PRDDT,Volvo VNL,2026,Diesel,11.43
LKJHDKXZ,Thomas Saf-T-Liner,2016,LNG,12.19
FIHTC41R,BYD 8TT,2019,Petrol,12.15
WYWDQFWQ,Hino 268,2017,Electric,3.82
SB8LV6TX,Volvo VNL,2017,CNG,8.22
8GT1L7PX,,2006,CNG,13.75
W7MT9U6Y,Hino 268,2007,Diesel,9.63
GGGGGGGG,Nikola Tre,2002,Petrol,13.14
R0LCSHNQ,Peterbilt 579,2013,Petrol,13
B6HXCK1F,Mack Anthem,2015,Electric,3.31
1HGB	225,Arrival Van,2023,CNG,12.47
  E9XR9PXI  , Volvo VNL , 2025 , Petrol , 14.71 
06RP26GF,Mercedes Sprinter,2010,Petrol,12.49
0LI8KAWU,Freightliner M2,2022,LNG,13.19
KGCIO4UK,Freightliner M2,2006,Electric,3.2
9ERM9JVJ,Hino 268,2007,LNG,8.37
W90Q8JYL,Peterbilt 579,2002,Electric,14.77
LU1A7BOX,Mack Anthem,2014,Diesel,12.67
EY9P4NEL,Western Star 5700XE,2016,CNG,8.4
5Q57TE8T,Nikola Tre,2019,Petrol,11.48
  USGMEKY8  , Volvo VNL , 2006 , LNG , 11.82 
1YN1U4L8,Hyundai XCIENT,2020,Petrol,11.32
I5EQZPPW,Ram ProMaster,2025,LNG,10.56
4DAKRHL2,Blue Bird All American,2014,Electric,3.16
HI1RD5B2,Kenworth T680,2006,CNG,11.83
AWJVXJAP,Ram ProMaster,2017,CNG,9.79
FEZAC2EX,Nikola Tre,2016,LNG,7.06
WXRUM2LH,International LT,2016,Hybrid,10.82
IY1BFW7J,IC Bus CE Series,2000,LNG,12.51
I93E4UYB,Hyundai XCIENT,2019.7,LNG,7.82
XJ6JMXR9,Kenworth T680,2020,Hybrid,15.91
W9ZYN6SJ,Volvo VNL,2009,Diesel,7.01
F3H88PTW,Hino 268,2023,Hybrid,21.54
50YIZM78,BYD 8TT,2000,Petrol,14.08
473OZRBL,Western Star 5700XE,2012,Diesel,14.25
1BRFY17X,Thomas Saf-T-Liner,2011,Hybrid,18.55
8JWWDXVU,International LT,2021,Hybrid,17.49
MMMMMMMM,Kenworth T680,2022,Hybrid,12.5
ASJ21GTC,Western Star 5700XE,2019,Diesel,11.67
VP2WM8CF,Western Star 5700XE,2003,LNG,10.7
5XSTFY0L,Freightliner M2,2026,CNG,11.33
93NGM8X2,Peterbilt 579,2022,Electric,3.23
DH210G75,Blue Bird All American,2011,LNG,7.98
B04P6IXM,N/A,2023,Electric,4.5
M1G0E5H0,Mack Anthem,2026,LNG,13.72
QG2XGDH3,Nikola Tre,2001,Electric,5.1
702HHNNQ,Hyundai XCIENT,2024,LNG,9.09
KNQQGCNS,Mack Anthem,2009,Electric,12.01
BEBHQ0CXJQ51W00FFJ,Hyundai XCIENT,2025,CNG,12.18
B7BME0HD,BYD 8TT,2025,Petrol,7.84
L73XVLZ1,Ford Transit,2004,Hybrid,18.35
M013V9OR,Peterbilt 579,1923,Diesel,11.0
JYHSZ1YJ,Volvo VNL,2025,Diesel,5.13
QIHJ4ELS,Ram ProMaster,2019,LNG,13.76
18EIGRRC,IC Bus CE Series,2011,Hybrid,15.72
TFYTEEA5,Tesla Semi,2014,CNG,12.11
IE8A6QMY,Blue Bird All American,2013,Electric,0
C9GP1X1P,Hino 268,2010,Hybrid,13.62
JNLHDUYI,Tesla Semi,2011,Hybrid,16.59
Z03N0A0M,Hyundai XCIENT,2022,CNG,12.3
4EILUF3H,Hyundai XCIENT,2016,CNG,11.01
TDY1RYEQ,Ford F-750,2009,LNG,9.77
U3X7CI5G,Ram ProMaster,2020,Electric,4.69
IJK0C55T,Kenworth T680,2019,Hybrid,16.68
NBE1VJAR,Hino 268,2018,Petrol,9.59
4Z3OAPB9,Tesla Semi,2002,CNG,10.09
8W5GWMRY,Freightliner M2,2005,Diesel,12.0
1HTYFMTO,Ford F-750,2008,Diesel,14.75
9GXEKBZC,Chevrolet Silverado 4500HD,2006,Electric,3.66
UWPWMDRP,Western Star 5700XE,2026,Hybrid,19.61
WO7DSUT8,Kenworth T680,2002,CNG,11.52
TEOA4915,Hino 268,2016,Hybrid,15.83
,Mack Anthem,2009,Diesel,13.79
1GPW2GZI,Mercedes Sprinter,2018,Electric,2
DT2DLG64,Freightliner M2,2013,LNG,13.95
JQHAWQY6,Hino 268,2010,LNG,12.28
OXKO8G8Q,Rivian EDV,2011,Electric,2.81
4SCAAJ7H,Peterbilt 579,2009,LNG,13.29
OYNCHDUE,Ram ProMaster,2018,electric,13.46
8VRB2SBO,Kenworth T680,2014,Hybrid,12.76
RG5VMCGDM3GU05IQ,Rivian EDV,2020,Diesel,12.31
ME5XHCUD,,2003,Diesel,8.51
1IKX0RB5,Tesla Semi,2017,Diesel,8.8
G9AR99V9,Rivian EDV,2019,Electric,5.82
IAH5MN6O,Mercedes Sprinter,2024,LNG,8.76
5QCMEOIQ,Ford Transit,2020,Electric,11.8
QAEEX6IV,Nikola Tre,2015,Hybrid,13.28
W5U4TZOH,"Freightliner M2, Heavy Duty",2025,Petrol,12.09
0TCQ0ZVC,Tesla Semi,2021,LNG,10.15
5UVQ0EEY,Mack Anthem,2016,CNG,11.72
52Y8JIKM,Mercedes Sprinter,2016,Electric,3.07
F4DESRWQ,Volvo VNL,2010,Petrol,16.99
RPDEWKJC,Nikola Tre,2018,LNG,8.4
1FYOSVOF,"Freightliner M2, Heavy Duty",2004,Petrol,7.85
ZL08YG0J,Nikola Tre,2024,CNG,12.2
FO684H9K,Rivian EDV,2000,LNG,12.3
NAYPWLIE,Thomas Saf-T-Liner,2002,LNG,11.56
FSZXSP2O,Peterbilt 579,2005,Diesel,7.18
MJL0JTVZ,Kenworth T680,2008,Electric,3.08
DNB91RO6,Ford F-750,2002,Electric,3.71
P0LW3895,Tesla Semi,2017,CNG,13.27
X69B4W2H,Mack Anthem,2014,Electric,3.24
BRQWG9S6,Ford Transit,2003,Diesel,7.56
GCTLW337,Freightliner M2,2010,Diesel,12.87
7JD3LB4P,International LT,2015,Diesel,9.12
HRU1INT2,Western Star 5700XE,2017,LNG,10.73
AEKVQ4RT,Mack Anthem,2019,Hybrid,17.54
TS2TD29K,Nikola Tre,2016,Electric,2.73
CBCIFL79,Ford Transit,2022,Hybrid,21.68
1GZCV9NX,Freightliner M2,2016,Electric,4.61
TBSP8333,Rivian EDV,2008,Electric,4.26
QQQQQQQQ,Thomas Saf-T-Liner,2002,Electric,3.01
CDQCSENJ,Hyundai XCIENT,2015,Petrol,12.38
ZB9XCZPL,Mack Anthem,2007,Petrol,11.18
GVJMJIKP,Mack Anthem,2000,CNG,10.18
EQOHBWO7,Kenworth T680,2019,LNG,12.03
K9QS57WC,Mercedes Sprinter,2010,Hybrid,12.68
5Q2LCUXJ,BYD 8TT,2013,LNG,6
VHXQL9T2,Tesla Semi,2026,Electric,2.71
B82C2ASV,Thomas Saf-T-Liner,2013,CNG,15.36
CHCT259S,Rivian EDV,2026,Hybrid,17.98
,Volvo VNL,2025,Hybrid,16.68
HUNPEB5O,Rivian EDV,2001,Hybrid,14.5
  3BS7KCTV  , Ford Transit , 2005 , Hybrid , 19.45 
99ZKYH04,Volvo VNL,2018,Electric,5.21
OZKZMNLC,Hino 268,2007,Petrol,9.05
TAX28906,Mercedes Sprinter,2002,LNG,9.64
06NTN37F,Mercedes Sprinter,2003,Petrol,8.46
PMICQC05,Mack Anthem,2006,Petrol,13.51
EGPGVTN4,Rivian EDV,2021,Petrol,11.25
CMCAZ1IX,Kenworth T680,2004,LNG,10.31
QK3QHAD3,Blue Bird All American,2024,Diesel,14.1
WWNQA4P3,Thomas Saf-T-Liner,2023,Petrol,11.94
4BWKTQTH,Arrival Van,2000,CNG,9.97
HCQUTXQ7,Arrival Van,2007,Electric,3.65
RPD5L8F1,Volvo VNL,2019,CNG,11.25
45OK930E,Isuzu NPR,2013,Diesel,7.76
5jr9y2om,Mercedes Sprinter,2004,Petrol,14.72
68TF7APM,BYD 8TT,2009,Petrol,10.23
UVY7IDUW,Peterbilt 579,2022,Hybrid,16.58
40JAG5AI,Volvo VNL,2020,Petrol,17.76
OA6NTIXO,Volvo VNL,2018,Petrol,16.49
PH9JBI3P,IC Bus CE Series,2001,Petrol,-inf
YGTT4QQX,Mack Anthém,2000,Electric,4.24
C967FD2Y,Freightliner M2,2026,Electric,3.86
YGFQNR69,Blue Bird All American,2016,Hybrid,12.57
V6NPL97R,Chevrolet Silverado 4500HD,2003,Hybrid,5
L7MUMX34,,2024,Hybrid,11.18
BQLQFCR3,Chevrolet Silverado 4500HD,2015,Petrol,-17.15
O7CZEAM7,Chevrolet Silverado 4500HD,2022,Hybrid,21.05
KRQUV7,Arrival Van,2007,LNG,11.83
F3J9LHEP,Nikola Tre,2004,Hybrid,20.19
9VXS2TYA,Arrival Van,2008,Hybrid,11.97
Y2E4CLB7,Ford Transit,2003,Electric,3.46
4WID6ZLS,IC Bus CE Series,2001,Hybrid,17.1
bjp50f96,Ford F-750,2000,Diesel,6.9
H1H5I4DB,Isuzu NPR,2005,LNG,13.85
07F,Western Star 5700XE,2014,Hybrid,10.92
ZZCJ02O5,"Freightliner M2, Heavy Duty",2015,CNG,15.85
WU1G7PND,Arrival Van,2012,Diesel,8.38
R0P5EDJE,Nikola Tre,2024,Electric,19
0ZESV6GY,Ford F-750,2018,LNG,9.36
E0ZKKSSC,Rivian EDV,2018,Hybrid,12.56
IOFSP9BD,BYD 8TT,2001,CNG,9.58
KCLDV97I,Peterbilt 579,2019,Hybrid,10.11
TIBI2P96,Ram ProMaster,2014,Hybrid,11.52
9YBLSCM7,Chevrolet Silverado 4500HD,2009,Hybrid,17.8
3PRTJXHP,Tesla Semi,2004,LNG,13.51
XAGI30CN,IC Bus CE Series,2013,CNG,13.44
L14UYSR6,Rivian EDV,2013,Diesel,10.41
SU4Y5VQF,Ram ProMaster,2012,Petrol,18.0
28ZHZD71,Hino 268,2000,Diesel,7.13
GAWL34ZN,Nikola Tre,2011,Hybrid,21.46
UBJ74F55,Freightliner M2,2010,Electric,2.74
DQMBEAAB,Ford Transit,2016,Hybrid,15.09
DBNSG3N0,Ram ProMaster,2022,Diesel,10.22
VBNK0SCJ,BYD 8TT,2001,Petrol,12.19
A6A73XO0,Hino 268,2006,LNG,12.84
K60818YV,IC Bus CE Series,2008,Diesel,12.49
W56FKPS0,Peterbilt 579,2004,LNG,11.53
5NML9LIO,Isuzu NPR,2001,CNG,11.11
UN2KTVV0,Arrival Van,2024,Electric,5.93
7RB7YJEO,Rivian EDV,2010,Electric,5.19
A47Q0M6Y,Arrival Van,2003,Diesel,9.22
0Y7FLMNA,Ford Transit,2025,Electric,5.46
5S0AHZ6F,Mack Anthem,Year2022,Diesel,12.2
AJW2536Z,Hyundai XCIENT,2011,CNG,14.04
O2SJOJBN,Kenworth T680,1922,CNG,15.02
HAGYFXJ9,International LT,2010,Petrol,6.13
4VMBLCW0,Peterbilt 579,2000,Electric,3.97
8RTM4J3D,Freightliner M2,2012,LNG,7.35
VJPROAUC,IC Bus CE Series,2000,LNG,10.35
HAMZVFRF,Blue Bird All American,2012,Hybrid,15.4
OA49OY92,BYD 8TT,2002,Electric,3.3
PL1TKRKV,Ford F-750,2013,Diesel,11.89
NF2OD9VO,BYD 8TT,2014,Diesel,9.35
8JSN4DCU,Tesla Semi,2023,Electric,3.5
K2LSLAYM,Nikola Tre,2019,Hybrid,21.52
VP06GBBP,Rivian EDV,2014,Hybrid,20.12
IK6GS0JV,Volvo VNL,2010,Petrol,17.78
T1110SAQ,Tesla Semi,2020,Hybrid,17.12
SG9XIBE7,Mack Anthem,2010,Electric,3.13
HHDI8QMV,Ford F-750,2023,CNG,15.74
M15CE6NN,Ram ProMaster,2020,Diesel,13.13
4UM75W15,Chevrolet Silverado 4500HD,2000,CNG,10.94
QD3UUZD0,Volvo VNL,2009,Diesel,14.08
5MOB1S8Y,Ford Transit,2017,Hybrid,12.12
I08L0HG9,Blue Bird All American,2000,LNG,7.52
3EH81A4R,Ford F-750,2016,Petrol,8.06
b1nfmdsf,Mack Anthem,2009,Diesel,14.13
WCTINZ56,Volvo VNL,2025,Hybrid,10.09
N8U3HPNI,Kenworth T680,2020,Hybrid,21.8
YWM2D17W,IC Bus CE Series,2012,Diesel,13.36
8395IX61,Tesla Semi,2011,Petrol,17.15
FR6GKD45,Isuzu NPR,2009,Hybrid,12.25
L5Z2J0R4,Tesla Semi,2011,Electric,3.22
Z8T3W0VX,Chevrolet Silverado 4500HD,2004,Hybrid,13.92
LS3GACAG,Ford F-750,2002,Electric,3.5
TWK4T1WM,Ford Transit,2009,CNG,11.09
7OOARABO,International LT,2003.3,Hybrid,15.92
CHUAT45J,Ram ProMaster,2014,Electric,4.43
V75D3NMY,Volvo VNL,2008,Diesel,13.58
Q0MJKKEG,BYD 8TT,2008,Petrol,9.38
GGRPPJEU,Ford F-750,2021,CNG,10.31
o1pvrtyk,Isuzu NPR,2026,Electric,3.39
9PHWN8DD,Isuzu NPR,2000,LNG,9.56
78ROXQSC,Western Star 5700XE,2007,Diesel,6.33
T2JA3JA2,"Freightliner M2, Heavy Duty",2018,Diesel,8.81
YQJH75RK,Volvo VNL,1934,Hybrid,18.05
FDILAOSY,Hyundai XCIENT,2009,Electric,3.91
BIKPDXKI,Rivian EDV,2007,Electric,4.84
5qq83qqh,Isuzu NPR,2022,Hybrid,13.73
AQZGQEYN,IC Bus CE Series,2025,Diesel,10.1
II3XFN29,Peterbilt 579,2008,Hydrogen,16.71
T15028LS,Nikola Tre,2000,LNG,11.61
IJJ654SU,Hyundai XCIENT,2021,LNG,7.57
v8vbrbh7,Ford Transit,2023,Electric,5.44
BZYEEMJN,Mack Anthem,2019,Electric,19.48
WUCTWYEG,Western Star 5700XE,2024,LNG,9.78
DOM5IGQP,Hino 268,2014,Hybrid,13.0
E70FVIVC,Hino 268,2012,Electric,18.43
OD9GEVGU,Hino 268,2002,LNG,12.4
FNU7YUSE,Peterbilt 579,2003,LNG,9.4
1HCIPK8W,Mercedes Sprinter,2002,LNG,11.06
S7XCCSKQ,Thomas Saf-T-Liner,2006,LNG,13.13
0BPOJUKI,Ram ProMaster,2020,CNG,10.82
CYOL1GGE,Hyundai XCIENT,2013,Petrol,12.6
XN53V3L3,Freightliner M2,2021,Electric,7.067210849
PG4XOJZU,IC Bus CE Series,2023,Electric,3.15
JPF02AEJ,Freightliner M2,2013,Hybrid,13.51
NTXBJ31D,IC Bus CE Series,2002,Electric,3.89
C3FZ47I0,International LT,2015,Diesel,12.27
4UK03BO0,Mack Anthem,2017,Electric,5.86
4NWNUZIJ,Mack Anthem,2002,Diesel,11.2
BHWS222T,Ford F-750,2002,LNG,13.72
14W35F2E,Ford Transit,2008,CNG,14.15
B3D1XD1E,Mercedes Sprinter,-54,CNG,10.38
9DXJ37C9,Isuzu NPR,2018,LNG,12.93
EUOFKE74,BYD 8TT,2004,Hybrid,16.21
N/A,Ford F-750,2008,Hybrid,14.19
9AODAVLV,Arrival Van,,Diesel,12.0
7VZU88HL,IC Bus CE Series,2017,Hybrid,12.86
C0W6DDET,Rivian EDV,2005,Electric,5.87
Q32RXCCY,Kenworth T680,2013,LNG,7.44
LKY2NQH6,Mack Anthem,2026,Diesel,5.23
CTMMOJ0P,Blue Bird All American,2007,Electric,2.89
K06GS2C4,Arrival Van,2015,LNG,11.48
F2SRB64X,BYD 8TT,2025,Hybrid,20.85
FMQ6I4BH,Blue Bird All American,2026,Petrol,14.08
AWNYTK1Z,BYD 8TT,2017,Hybrid,16.9
IIEESTML,Volvo VNL,2014,LNG,13.96
G4611Z9E,Tesla Semi,2005,Electric,5.37
WKHHRK4R,N/A,2009,Petrol,8.38
YIO0EMKC,Tesla Semi,2015,Electric,3.24
   ,	, ,  , 
63LKEISJ,Peterbilt 579,2000,Electric,3.57
29ETQM4Q,Ford F-750,2021,CNG,11.98
SYYW0GAJ,Hino 268,2004,CNG,9.29
Q0L4ZNRK,Ford Transit,2018,Electric,5.14
7LWPCSVB,Kenworth T680,2024,Hybrid,14.81
I2U8Y4LJ,Ford F-750,2026,LNG,0
9XRED32X,Mack Anthem,2016,CNG,15.83
BG6NOIC6,Isuzu NPR,2014,CNG,15.58
JO4U1FNR,Western Star 5700XE,2007,Diesel,9.75
5YC6X1T0,Mack Anthem,2006,Petrol,12.41
1'; DROP TABLE vehicle_registry;--,Volvo VNL,2026,Diesel,8.08
Z2ZUR0GD,Western Star 5700XE,2000,LNG,-inf
MT3XNOZE,Freightliner M2,2002,Diesel,6.24
BQMBH0X4,Mercedes Sprinter,2000,CNG,13.17
13JF46DE,International LT,2009,Electric,5.19
W2CRB4K2,Kenworth T680,2026,CNG,11.29
6IUD3YLR,Ford F-750,2022,Hybrid,18.13
OGGG0JMK,Thomas Saf-T-Liner,2026,Diesel,7.96
RQWW90OA,Rivian EDV,2005,LNG,9.0
CO68G5ZX,Nikola Tre,2024,Petrol,17.99
Y9KFTQEE,Chevrolet Silverado 4500HD,2008,Petrol,6.33
1RCET351,Hino 268,2005,LNG,11.8
005PXXFG,Freightliner M2,2013,Petrol,6.02
FZ9S9VS1,Mercedes Sprinter,2025,Hybrid,11.57
XM2RGPFD,"Freightliner M2, Heavy Duty",2020,Diesel,8.16
6JFLXVYW,"Freightliner M2, Heavy Duty",2018,Petrol,14.54
RYOZDPPB,Mercedes Sprinter,2003,Electric,4.47
QGA8I419,BYD 8TT,2008,Electric,4.29
FMCW4XKU,Nikola Tre,2014,CNG,12.76
OYANV5KS,Peterbilt 579,2000,Diesel,7.16
TUW19017,Chevrolet Silverado 4500HD,2007,Electric,4.18
3BDZMELT,Western Star 5700XE,2012,LNG,7.29
8YGINH1M,Tesla Semi,2008,Hybrid,17.29
NIR7UNT7,Arrival Van,2008,Diesel,16.0060660502
Y3SLGZQW,Western Star 5700XE,2022,Petrol,9.07
3PIWFPUH,Rivian EDV,20 22,Petrol,11.81
BMW961MT,Ram ProMaster,2018,hybrid,14.82
6IFN9K08,Ford F-750,2020,Electric,4.81
FG77SP0X,Hino 268,20 22,Hybrid,11.46
SLEY1LO8,Freightliner M2,2022,Electric,5.48
MKA9MGDC,Rivian EDV,2017,LNG,-11.82
5Z4R2JT9,Ford Transit,2015,Diesel,6.59
LORLXP7O,Ford F-750,2023,Electric,5.87
UHPO9LQY,Peterbilt 579,2007,CNG,13.09
9K17HE2M,Chevrolet Silverado 4500HD,2017,Petrol,
GBTK7FHF,Tesla Semi,2011,Gasoline,19.42
1ENA4PDE,Thomas Saf-T-Liner,2002,CNG,10.75
5D67A95E,Hyundai XCIENT,2001,Hybrid,19.64
CKXPDA6C,Arrival Van,2020,Hybrid,12.19
M3XNMHGC,Chevrolet Silverado 4500HD,2008,Electric,2925.14
E0DNNF59,Hino 268,2026,CNG,12.9
KLFZ2CV7,Blue Bird All American,1992,Hybrid,12.56
XD6LQGA3,Mercedes Sprinter,2018,Petrol,12.91
WK5DUY8T,BYD 8TT,1914,Electric,3.9
5B95TNJV,Ram ProMaster,2000,Electric,29
KYRMJLJX,Hyundai XCIENT,2009,Electric,3.16
sirpmq5s,IC Bus CE Series,2013,Electric,5.05
YZ7SRCBP,Chevrolet Silverado 4500HD,2019,Diesel,7.5
ZA9TGTJB,     ,2014,LNG,8.27
S58KCIMF,Chevrolet Silverado 4500HD,2004,Petrol,14.87
CTDG7V3H,Ford F-750,2020,CNG,10.68
Y5Q8BJ7X,Blue Bird All American,2026,Petrol,6.32
6AAMD3BH,Blue Bird All American,2003,Petrol,10.02
A0G3368Z,Thomas Saf-T-Liner,2005,Diesel,13.8573828488
CPCYWC9I,Western Star 5700XE,2024,LNG,9.44
UBJV68QH,Western Star 5700XE,N/A,Diesel,7.9
KSAUA4RJ,Arrival Van,2018,CNG,12.18
GSFQVOI9,BYD 8TT,2007,Electric,4.5
DTG0AZDK,Hino 268,2001,Petrol,11.45
SWG623J7,Ram ProMaster,2021,LNG,9.05
RPUXQ3GW,Western Star 5700XE,2025,Petrol,12.26
9O1XGJNG,BYD 8TT,2016,CNG,15.93
UO4VKNQU,International LT,2025,LNG,7.89
Q8DP41YS,Arrival Van,2018,Electric,3.62
YVEXC6OH,Hyundai XCIENT,2022,LNG,13.74
Q0WW1UAM,Volvo VNL,2026,Hybrid,16.23
BZWYH0AP,Ford Transit,2011,LNG,10.54
92Y57QF6,Peterbilt 579,2009,Electric,16.7
FSWQ155T,Mercedes Sprinter,2007,Electric,3.89
6IM00B6V,Volvo VNL élite,2025,Petrol,14.55
RR6,Kenworth T680,2025,CNG,10.66
XEUSX4CQ,Peterbilt 579,2011,Hybrid,13.42
NNNNNNNN,Isuzu NPR,2014,LNG,13.58
6RISBC7F,Isuzu NPR,2001,Diesel,0
7I5HIYZ3,Hino 268,2025,Diesel,10.82
QEG6T7F7V4IT88CN9,Volvo VNL,2006,LNG,8.46
N4LZ65HU,Hino 268,2023,Electric,5.84
HJZRC35W,Peterbilt 579,2001,Electric,3.7
PZTC09ZG,Blue Bird All American,2018,Hybrid,17.89
GLQ2Z807,IC Bus CE Series,2026,CNG,12.2
TUASNCP6,IC Bus CE Series,2017,Diesel,7.67
LSBX6YMV,Model XXXXXXXXXXXXXXXXXXXXXXXXXXXXXXXXXXXXXXXXXXXXXXXXXXXXXXXXXXXXXXXXXXXXXXXXXXXXXXXXXXXXXXXXXXXXXXXXXXXXXXXXXXXXXXXXXXXXXXXXXXXXXXXXXXXXXXXXXXXXXXXXXX,2022,LNG,10.42
XR7P4EV1,Ram ProMaster,2017,CNG,15.78
IJRU65P1,Ford F-750,2025,Hybrid,21.86
NEK993WY,Hyundai XCIENT,2016,Electric,5.9
VCMGJVC2,Ram ProMaster,2000,Electric,3.71
F8PCAFK1,Ford F-750,2005,Electric,3.4
072ZZM58,IC Bus CE Series,2022,Electric,19.25
6QQ2KDH1,Tesla Semi,2002,Electric,3.81
51U9WTU9,Isuzu NPR,2024,Hybrid,12.89
V8YY95B4,Ford Transit,2004,Petrol,16.55
WE65B6G3,Western Star 5700XE,2004,CNG,9.36
LDD9FKXZ,Nikola Tre,2025,Petrol,12.75
8QTYW45K,Hyundai XCIENT,2015,Hybrid,12.73
V6NYC3GR,Peterbilt 579,2018,LNG,10.0
IMR25I7A,Western Star 5700XE,2017,Electric,4.63
6GXNIOJJ,Kenworth T680,2002,Petrol,7.17
URSR0STP,Volvo VNL,2024,LNG,10.51
MNX08CPX,Nikola Tre,2018,Petrol,7.66
KG2QLPA2,Mercedes Sprinter,2025,Electric,29.72
OZUBHUZ3,Tesla Semi,2024,LNG,10.19
1Y8N8U09,7371,2017,Hybrid,13.62
LR,International LT,2009,Petrol,11.78
N6IOZ1Q5,Mack Anthem,2019,Petrol,16.49
BEVDP96I,Freightliner M2,,CNG,10.88
76TWY9BF,Isuzu NPR,2022,Electric,4.03
QXB12EHZ,Kenworth T680,1993,Diesel,5.5
0WRZRNKW,Arrival Van,2005,Electric,3.01
ACF00G5KELL2IB4HGQ,IC Bus CE Series,2022,Electric,5.16
PVACZS5E,Volvo VNL,2024,Diesel,7.11
O45KZ6TF,International LT,2009,Electric,2.75
ENMY8U9X,BYD 8TT,2006,Hybrid,12.52
NDA2XASU,IC Bus CE Series,2022,Petrol,16.61
GJYQ7EY3,Tesla Semi,2000,Diesel,9.42
9ETPG2O8,Hyundai XCIENT,2005,LNG,9.01
NY6V9MCJ,Kenworth T680,2011,Hybrid,17.11
2IIENNNG,BYD 8TT,2002,LNG,7.77
MXW3HB9E,Peterbilt 579,2018,Diesel,9.65
4OE2W4X8,Ford Transit,2020,LNG,11.27
OHCO2MIQ,Chevrolet Silverado 4500HD,2001,Hybrid,11.1
BCOSK5G2,Mack Anthem,2019,Diesel,11.42
  TPTD01N1  , Ford F-750 , 2008 , Hybrid , 19.32 
PB1TR0MZ,Isuzu NPR,20/22,Diesel,9.71
5H9IIA5B,Mack Anthem,2019,CNG,15.26
NG0APSAL,Peterbilt 579,2011,LNG,13.41
YB1Z7GEO,Arrival Van,2010,Electric,5.9
FSN08S02,Ford Transit,2002,Disel,2.44
XL4T0MUR,Rivian EDV,2003,Hybrid,20.82
,Freightliner M2,2023,Petrol,16.13
X2HZ4I6R,International LT,2024,Electric,5.42
K4PXH94N,Western Star 5700XE,2002,LNG,12.77
KNLUAO1T,International LT,2004,Hybrid,19.34
GQHC3HS3,Hyundai XCIENT,2023,LNG,10.45
7CMNGRMM,Arrival Van,2021,Petrol,6.62
RCI2AFI4,Hino 268,2005,Diesel,7.42
R76M37Y0,Isuzu NPR,2008,Electric,5.31
VE6UAA3N,Ford F-750,2020,Diesel,7.91
2YNOEKV2,International LT,2004,Electric,4.11
SLR077JY,Mack Anthem,2023,LNG,8.58
UAB60J5E,Mercedes Sprinter,2013,LNG,13.63
M2S1H1JJ,Mack Anthem,2007,Hybrid,8812.94
6SQKLS6D,Ford Transit,2008,Hybrid,18.66
90RUIIJC,Hino 268,2018,Petrol,10.67
  UY1BMGE8  , Mack Anthem , 2008 , Diesel , 7.81 
I4LB7U2U,BYD 8TT,2020,Hybrid,18.54
KYVEJ11P,Hino 268,2026,LNG,11.67
4BCQ6TJY,Kenworth T680,2003,Diesel,10.07
VOKQVUGE,Hino 268,2016,Electric,2.62
5CQZCUCT,Ram ProMaster,2006,Electric,4.5
EWSQUD2Z,Blue Bird All American,2012,CNG,15.39
X269VTUG,Kenworth T680,2002,Hybrid,-inf
2681Y8O4,Tesla Semi,2021,Hybrid,21.79
HOVOG9KU,Arrival Van,2004,Petrol,6.06
EJ5BK0I5,International LT,2002,Diesel,11.55
AO73KU99,Mack Anthem,2007,Petrol,9.76
QXBV0DEO,Mack Anthem,2005,Diesel,5.42
3CCNUR97,Rivian EDV,2002,Diesel,14.66
ZKRWAYE5,BYD 8TT,2020,Electric,4.86
CYKJB85L,Mack Anthem,2012,Diesel,7.94
FU9POT7U,Ford Transit,2021,Diesel,8.16
N/A,Mercedes Sprinter,2006,LNG,12.39
TLL20BZS,Nikola Tre,2026,Electric,4.55
K5I271H1,Rivian EDV,2017,Electric,5.07
PHU4VFN5,Blue Bird All American,2005,CNG,11.93
V2HRWR93,IC Bus CE Series,2013,Electric,4.27
G6FBSIH8,Western Star 5700XE,2024,Petrol,15.86
5MWC7KTP,Volvo VNL,2022,Hybrid,10.7
ROCW1YJZ,Isuzu NPR,2006,Petrol,14.82
ZN078C74,Tesla Semi,2022,CNG,12.58
N0GUQL27,Ford F-750,2007,LNG,7.84
3LFP7YKO,Volvo VNL,2000,Diesel,5.7
2G1IPJJ9,Ford Transit,2026,CNG,14.98
C00UH6OD,Mack Anthem,2020,LNG,8.76
2H02DZEM,International LT,2023,Electric,5.6
6URX9P07,Isuzu NPR,2003,Petrol,7.57
UDQZG2R7,Nikola Tre,2019,Diesel,5.76
7N3S7UGV,Peterbilt 579,2020,Electric,-inf
EZLPTI4M,Peterbilt 579,2010,Electric,5.08
162LWJ3R,Arrival Van,2014,Electric,5.53
FKNDG1JR,Hino 268,2024,Petrol,16.52
KEAD2GUY,Ford Transit,2022,CNG,10.55
TOJ13TYY,Kenworth T680,2005,CNG,12.22
WRJFB5X3,Blue Bird All American,2001,Diesel,6.83
B7QMVY2Z,Volvo VNL,2000,CNG,10.03
ZUDM63FZ,IC Bus CE Series,2017,Hybrid,13.63
CQMPD7Z4,Ford F-750,2004,LNG,10.64
1PHQUZ3M,Thomas Saf-T-Liner,2009,LNG,12.39
BGWZZEOF,Tesla Semi,2014,Petrol,9.05
7322HR5S,IC Bus CE Series,2016,Petrol,7.26
BHSDDC05,Ford F-750,2023,Petrol,15.22
PT6JSZST,Kenworth T680,2020,CNG,15.61
BCCD4EOX,Isuzu NPR,2026,LNG,10.42
1HGB	225,Blue Bird All American,2003,CNG,10.77
463U3LEI,International LT,2023,LNG,10.66
6KJTIZD0,Nikola Tre,2015,CNG,15.18
SJ2QS9D3,Ford Transit,2014,Petrol,15.77
64L9HBBA,Blue Bird All American,2010,Electric,5.71
FM0ZU2ZO,Ford F-750,2012,LNG,13.78
9Z25UCRF,Hyundai XCIENT,2025,Petrol,11.28
8U42I3P4,Ford F-750,2004,Hybrid,10.24
SRNK3MXT,Mack Anthem,2022,Electric,3.51
GTNOBC2F,International LT,2003,Hybrid,20.04
QDYY9DSN,Western Star 5700XE,2022,CNG,10.76
GOGTHC3V,IC Bus CE Series,2015,CNG,11.56
Y69L6UKQ,Arrival Van,2000,Diesel,12.96
S4AQYJ5R,International LT,2020,Hybrid,14.78
GZFFAOEJ,Ford Transit,2009,LNG,12.2
DQS3M8O3,Ford F-750,2008,LNG,11.26
9HRP3W1B,Hyundai XCIENT,2010,Hybrid,11.08
39201CW5,Ford Transit,2019,Hybrid-Electric,4.42
9JUIA1RH,Peterbilt 579,2012,Petrol,7.1
5R0FV1LN,Rivian EDV,2003,LNG,7.97
SSSSSSSS,Rivian EDV,2012,LNG,8.42
BSVZRU5S,Kenworth T680,2021,Petrol,9.59
LGJE2AB2,Ford Transit,2022,Diesel,10.96
FEU7AZQ2,Ram ProMaster,2000,CNG,9.13
PZ41YYE7,Peterbilt 579,2026,Diesel,14.29
TZWCD4U4,Ford F-750,2001,Diesel,6.83
MZH75NIF,Ford F-750,2013,Electric,2.75
FU7BFXQ7,Volvo VNL,2007,Electric,4.95
ZOVS32YK,Kenworth T680,2020,LNG,7.63
null,Kenworth T680,2026,Diesel,12.32
TQ5CKT6L,Nikola Tre,2003,LNG,9.73
6TTTDOIQ,Kenworth T680,2018,LNG,13.19
S23OKJEG,Rivian EDV,2008,CNG,15.4
4Y1OVAQJ,International LT,2014,LNG,"7,77"
BLKBP2AN,Hyundai XCIENT,2001,LNG,12.59
1IXAOZJS,IC Bus CE Series,2011,Diesel,9.49
ITBBUWQB,Freightliner M2,2020,CNG,8.99
N/A,Blue Bird All American,2024,Hybrid,14.37
YVOLLLMJ,Nikola Tre,2024,Diesel,12.55
G9DJPZCB,Arrival Van,2017,CNG,9.14
JUCOWC1L,Blue Bird All American,2014,LNG,7.46
9YTGND2L,Tesla Semi,2007,Petrol,8.67
XBDYQIXY,Kenworth T680,2020,Electric,3.09
NSIL0RTG,Arrival Van,2005,Diesel,7.59
DXY6WP6Q,Chevrolet Silverado 4500HD,2008,Hybrid,21.67
1CQFTX0F,International LT,2007,CNG,10.96
WU3BFXB4,Arrival Van,2018,Petrol,16.06
DZ4M3JQ5,Thomas Saf-T-Liner,2011,Diesel,8.23
B0L4KUYI,Model XXXXXXXXXXXXXXXXXXXXXXXXXXXXXXXXXXXXXXXXXXXXXXXXXXXXXXXXXXXXXXXXXXXXXXXXXXXXXXXXXXXXXXXXXXXXXXXXXXXXXXXXXXXXXXXXXXXXXXXXXXXXXXXXXXXXXXXXX,2006,CNG,10.2
M305T1WW,IC Bus CE Series,2013,LNG,12.02
JIUZQENE,Rivian EDV,2004,Electric,3.16
KAVNJZO0,Thomas Saf-T-Liner,2013,Hybrid,15.99
D83142PU,Hino 268,2003,Electric,5.09
TFDE1H1N,Freightliner M2,2019,LNG,10.75
,,,,
7PR5A5HF,Ram ProMaster,2010,Petrol,8.45
HY5OR7ED,Ford F-750,2026,CNG,14.66
GC39NNYR,International LT,2010,Electric,6.5448039629
7CFE6ZZX,Thomas Saf-T-Liner,,CNG,14.97
51O7AEMB,Peterbilt 579,2006,Hybrid,14.48
0JRHVNVW,Mercedes Sprinter,2017,Petrol,"8,81"
0LGS48A8,Isuzu NPR,2019,LNG,10.82
FVPKYJIE,Nikola Tre,2021,CNG,13.5
RUP3L63S,Western Star 5700XE,2013,ELECTRIC,3.91
KY5KTQ4O,Western Star 5700XE,2022,Petrol,7.36
9H0QU3G5,Ford Transit,2009,Diesel,11.76
IU1FN3O8,Arrival Van,2005,Diesel,8.41
M1DNFCIJ,Tesla Semi,2002,CNG,8.91
HRCPYRD4,"Freightliner M2, Heavy Duty",2014,Electric,5.92
1WZWBAYW,Ford Transit,2011,Hybrid,20.85
O8K2BAHZ,Blue Bird All American,2007,Hybrid,16.74
T9OQDPNF,Blue Bird All American,2015,LNG,12.62
WFR5X5JY,Ford F-750,2024,LNG,8.98
GBQD5NXA,Hyundai XCIENT,2000,LNG,7.67
FQ9TEA71,Mercedes Sprinter,2010,Petrol,7.87
407FIU6C,International LT,2020,Electric,3.8
A17GYAFH,Tesla Semi,2026,Hybrid,11.0
U6WTVMK2,Rivian EDV,2018,Electric,4.85
MP2PG39C,Mercedes Sprinter,2009,Electric,13.47
ABUFWBUC,Hino 268,2005,Diesel,10.17
7GB5K4B7,Nikola Tre,2022,Diesel,10.46
D6SUZRDD,Blue Bird All American,2016,Hybrid,21.13
2BBCKMR8,Thomas Saf-T-Liner,2008,Hybrid,20.34
ZIG0I6SM,Arrival Van,2015,Electric,5.82
8U0SVJKJ,Hino 268,2026,CNG,14.79
25XJYJQ9,Nikola Tre,2002,CNG,14.11
LLQJK3FX,Mercedes Sprinter,2008,Hybrid,12.06
T02YE5KA,Volvo VNL,2025,LNG,9.03
RTLOWROI,Hyundai XCIENT,2013,Electric,29.5
   ,	, ,  , 
9UU5R17P,Volvo VNL,2002,LNG,9.21
T2V7V091,Ford F-750,2018,CNG,15.14
KLJFMGYX,Ford F-750,2001,LNG,9.42
QEGE5EKF,Western Star 5700XE,2025,LNG,9.88
2G334EKP,"Volvo
VNL",2014,Hybrid,12.45
BO9EOSNP,Western Star 5700XE,2003,Diesel,6.54
H9TX3NW9,Mack Anthem,2014,LNG,8975.93
C5TM1MTC,Western Star 5700XE,2013,Hybrid,19.57
N8LYTG2O,Chevrolet Silverado 4500HD,2005,Diesel,12.26
4DOHRDY4,Ford F-750,2016,Hybrid,21.49
UC9FRROA,BYD 8TT,2024,Hybrid,13.54
9P4627NA,Arrival Van,2015,Petrol,14.07
4IM84MCZ,Freightliner M2,2019,Electric,nan
LW1Q5DL6,BYD 8TT,2026,Diesel,13.99
GTLQR6FL,"Freightliner M2, Heavy Duty",2024,Hybrid,10.87
LUJ7G869,Hyundai XCIENT,2014,Diesel,12.99
D86DFNWP,IC Bus CE Series,2000,Electric,3.26
SVKKUC8A,Ford F-750,2004,CNG,14.37
3RSNX1KC,Ram ProMaster,2020,LNG,7.22
Y0OCRVQZ,Blue Bird All American,2008,LNG,8.11
SXD1MHN0,Mercedes Sprinter,2022,Hybrid,16.96
NDCUVT7D,Hino 268,2000,Hybrid,14.73
PGSLXZ54,Thomas Saf-T-Liner,2026,LNG,11.29
W0TE52VX,Ram ProMaster,2014,Electric,3.61
HXIRJ6D6,Mack Anthem,2000,LNG,11.26
RZOYWT8L,IC Bus CE Series,2010,Diesel,11.4
NGDUQ6ID,Hino 268,2020,Petrol,16.54
NYFA94AX,Volvo VNL,2008,Hybrid,14.27
S8LXSOL1,Ford Transit,2011,Hybrid,11.2
YYSGC2HU,Arrival Van,2004,Petrol,6.47
R2PTJ8RL,Freightliner M2,2000,Electric,5.47
NO8ECTAL,Nikola Tre,2011,Diesel,5.73
GVN3OOCM,Thomas Saf-T-Liner,2020,Diesel,13.47
7EGPNNHN,BYD 8TT,2013,Electric,5.34
2364Z3FY,Isuzu NPR,2026,Diesel,14.33
KP8KH5B6,Volvo VNL,2007,Petrol,8.12
BFYO7AT6,Rivian EDV,2015,CNG,11.6
RUQH1CPM,Mercedes Sprinter,2011,Petrol,8.99
MB6RAIXB,Thomas Saf-T-Liner,2008,Petrol,12.18
B7C00F0O,Hino 268,2015,Petrol,12.34
79YR1LGE,International LT,2011,Hybrid,10.26
,Freightliner M2,2009,LNG,7.5
IRSGF4JM,Ram ProMaster,2020,Petrol,6.01
DNMEPV0Q,Ford Transit,2009,CNG,14.03
IZ31YRUJ,Thomas Saf-T-Liner,2012,LNG,10.16
32SPXKKL,Hino 268,2009,Hybrid,21.08
ORNC116V,Mercedes Sprinter,2014,Petrol,12.96
LJ1J2PEM,Ford F-750,2004,CNG,10.6
KCDYUJMJ,Thomas Saf-T-Liner,2004,Petrol,8.57
WUVZ60VO,BYD 8TT,2026,Diesel,0
L8VJ61TY,Hino 268,2021,Diesel,5.17
XCG0HDAR,Ford F-750,2021,LNG,12.78
VJ2GGIMWL6,BYD 8TT,2023,Electric,4.91
XYTDYG8S,International LT,2018,CNG,12.11
5QDSS5OI,Ram ProMaster,2006,Petrol,10.7
X4YFGILM,Hyundai XCIENT,2009,LNG,8.47
O05DDQQO,Isuzu NPR,2001,Petrol,8.2
WPG8E5K1,Ford Transit,2011,Diesel,12.93
EE5J2VHW,Peterbilt 579,2000,Electric,4.29
6PV194AJ,Arrival Van,2007,Electric,4.69
QZZGYQFC,Nikola Tre,2016,LNG,12.98
5TLJM25F,Tesla Semi,2009,Electric,14.55
2KBR33VZ,Volvo VNL,2013,Diesel,8.22
BJAMH0WH,Blue Bird All American,2013,Electric,3.03
7YEC3XH3,IC Bus CE Series,2013,Hybrid,15.95
  JYA1HZH2  , Thomas Saf-T-Liner , 2023 , CNG , 8.53 
C9HS84EO,Mack Anthem,2002,Electric,3.39
O9MNLR97,IC Bus CE Series,2018,LNG,8.5
F0HKARPK,International LT,2001,Hybrid,18.57
8V2E3YFK,Mercedes Sprinter,2021,Electric,4.45
HOLI5408,BYD 8TT,2024,Diesel,10.05
2E488C6E,Blue Bird All American,2022,LNG,7.34
L2OBEQUM,Hyundai XCIENT,2002,LNG,8.33
4MB6YCU2,Mack Anthem,2014,Diesel,0
FVSXCVN6,BYD 8TT,2002,CNG,8.08
ZMXO4NIT,IC Bus CE Series,2008,Diesel,14.88
OFNKLGIG,Kenworth T680,2021,Hybrid,16.76
4E4NYDJJ,Freightliner M2,2008,LNG,9.27
KQRYY8NX,BYD 8TT,2004,CNG,13.91
6GF9XXWN,Ford F-750,2009,CNG,11.35
AKF2YXG9,Freightliner M2,2019,LNG,11.4
' OR '1'='1,Arrival Van,2026,LNG,13.39
I7QS186L,BYD 8TT,2011,Electric,4.41
RGWT282A,Tesla Semi,2007,LNG,7.68
UNION SELECT * FROM users,Rivian EDV,2004,Electric,5.07
S2PJI015,Volvo VNL,2012,CNG,13.27
RXHYDUZY,Ford Transit,2012,Electric,5.97
HH0SI33C,Chevrolet Silverado 4500HD,2017,CNG,14.24
NDP4P3I1,Isuzu NPR,1937,Electric,5.43
9M5D8U13,International LT,2096,LNG,7.79
3QIGTQL7,Freightliner M2,2019,Diesel,12.85
T2PX2DOJ,BYD 8TT,2000,Petrol,17.64
QSCFVZ2C,Blue Bird All American,2020,CNG,11.63
YSB9ZBZU,Ford F-750,2025,Petrol,8.65
12IDBERJ,Volvo VNL,2003,Hybrid,16.53
E7GJ9Q22,Arrival Van,2006,Hybrid,10.82
KXMD2ZBP,Kenworth T680,2026,LNG,12.52
B9K5FG1I,Ford F-750,2020,Electric,4.5
HP95GN3E,BYD 8TT,2026,CNG,15.62
W1CF12PZ,Tesla Semi,2014,Hybrid,21.27
7JYP1NQQ,Mercedes Sprinter,2018,CNG,11.23
OTH9RIQL,Peterbilt 579,2009,Electric,5.42
ZUBLEKVL,Mercedes Sprinter,2007,Petrol,12.65
<script>alert(1)</script>,Freightliner M2,2016,CNG,11.5
0WOY5WGG,Ford Transit,2026,Diesel,7.12
VA3SD0ZK,Chevrolet Silverado 4500HD,2013,Diesel,6.39
TXTAHRT8,Tesla Semi,2012,Diesel,13.79
17J9D5O2,International LT,2002,LNG,12.58
TS1UVG9G,Kenworth T680,2005,CNG,15.19
lr04x88m,Rivian EDV,2006,Electric,5.78
R9T3LU50,Mack Anthem,2016,Diesel,5.55
31FEC5HT,Mercedes Sprinter,2007,Hybrid,20.82
J9XZH1R1,Ram ProMaster,2005,Electric,4.58
LXAMUBSO,Peterbilt 579,2006,Diesel,10.29
BEDLUV5B,Rivian EDV,2011,Diesel,14.34
VIN-123,BYD 8TT,2003,Hybrid,13.77
6E1C4X6V,IC Bus CE Series,2020,LNG,13.04
I9JTBW02,Tesla Semi,2014,Diesel,9.56
X2CRL39Y,Ford Transit,2026,Diesel,14.55
TAIECEVS,Rivian EDV,2023,Petrol,16.97
E3DKS4F6,Freightliner M2,2007,Electric,3.99
DG8NKDAT,Mack Anthem,2010,Electric,3.76
ZTPSFDCK,Rivian EDV,2023,Electric,3.31
I9H0DXHO,Ford F-750,2010,Diesel,6.59
7I,Hino 268,2026,Electric,4.91
SDJHN8E6,Western Star 5700XE,2006,Hybrid,10.28
W3GRN0MU,International LT,2011,Petrol,8.98
F4HQG39G,Western Star 5700XE,2012,diesel,18.44
WKCY25DS,Ford Transit,2009,CNG,13.51
I3LV1RHD,Ram ProMaster,2000,Electric,848.79
USDKVA3S,Ram ProMaster,2024, CNG,1.86
NXMKTO6J,Ford Transit,2008,Electric,4.48
F4PYZR6Q,Volvo VNL,2014,LNG,7.92
k5123rj8,Hino 268,2011,Electric,5.1
F97CY0W5,Peterbilt 579,2003,Diesel,11.18
XKDOOSB2,Peterbilt 579,2000,Diesel,8.0
V68JQ12J,Mack Anthem,2011,Diesel,13.48
YUOLNLPR,Freightliner M2,2000,CNG,10.57
MU5907IF,International LT,2013,CNG,8.2
1HGB/225,Western Star 5700XE,2002,CNG,11.48
YHIDWD17,Rivian EDV,2000,Hybrid,21.76
L8XCGMIU,Ford Transit,2013,CNG,11.42
R1TD8DFA,Ford Transit,2011,Diesel,12.76
NNNNNNNN,Rivian EDV,2016,Hybrid,12.1
BCAN68U1,Mercedes Sprinter,2011,Petrol,11.08
XGH30153,Ram ProMaster,2025,Electric,3.06
4D9REQQY,International LT,2021,LNG,10.37
QG774695,Isuzu NPR,2020,CNG,8.05
FXZZZ1C0,Mercedes Sprinter,2001,Hybrid,
2R2CXTJY,Ford Transit,2008,Hybrid,11.25
TGIYI04C,BYD 8TT,2005,CNG,12.62
1HGB/225,Volvo VNL,2002,LNG,9.3
G47RRBEF,Mercedes Sprinter,2017,LNG,13.27
YCY7RMBB,International LT,2001,Petrol,13
BLB8ND6N,Rivian EDV,2021,LNG,9.28
WU5JSLHG,Chevrolet Silverado 4500HD,2006,Hybrid,16.0
8CLCKDVU,Rivian EDV,2017,Electric,3.58
5H6VSB4S,Rivian EDV,2008,LNG,12.89
P36JH83M,Western Star 5700XE,2018,LNG,10.28
7CTGVKKT,BYD 8TT,2012,LNG,9.61
2JI396FT,Mack Anthem,2010,Electric,4.88
VSYJAFCO,Isuzu NPR,2016,Petrol,9.95
UYR7VHTC,Chevrolet Silverado 4500HD,2025,Diesel,9.81
4YGOHMJZ,Isuzu NPR,2012,Electric,4.6
1AIIFGLZ,IC Bus CE Series,2002,LNG,13.07
8N5S7JPY,Isuzu NPR,2009,Hybrid,11.94
HUJTZTZR,Freightliner M2,2022,Petrol,6.43
UQ9GYNSZ,Chevrolet Silverado 4500HD,2007,Petrol,11.75
DQE05LVP,International LT,2026,Hybrid,21.09
EJN23W5H,Arrival Van,2019,LNG,11.87
16A6FLEX,Blue Bird All American,2026,Electric,4.39
G7T2MX5P,Peterbilt 579,2015,Petrol,6.91
IB3W4WIT,Ford Transit,2007,LNG,12.13
KW49BJH1,Hino 268,2019,Diesel,8.07
CE05Z25W,BYD 8TT,2007,Electric,3.18
PC59P0QV,Isuzu NPR,2022,LNG,13.98
SPJ6SFAS,Mack Anthem,2026,CNG,12.85
MSWRR909,Peterbilt 579,2011,Diesel,7.51
I9QB5K8U,Hino 268,2025,Diesel,12.5
6LY1OGLN,Ram ProMaster,2005,LNG,7.06
8XCLCZ4R,Arrival Van,2003,Hybrid,15.06
4CDAHJ11,Ford Transit,2019,Diesel,9.12
GC5Q4BVR,Ram ProMaster,2026,CNG,11.76
9VA98BWN,Freightliner M2,2022,Petrol,15.9
H3K63HRC,Ford Transit,2010,Petrol,9.83
WM8Y64TR,Mercedes Sprinter,2012,CNG,9.94
NPRYEVKN,Arrival Van,2016,Electric,5.48
MA3OB81V,Volvo VNL,2005,Diesel,9.65
CUJOBXZ8,Thomas Saf-T-Liner,2026,Electric,3.4
I86MTZHS,Mercedes Sprinter,2024,Electric,5.39
6VZ3061W,Volvo VNL,2020,Hybrid,10.55
WL11MIY0,Hino 268,2003,Diesel,7.17
QW2BJ6FF,Ram ProMaster,2017,LNG,10.9
3ZFY,Isuzu NPR,2001,Petrol,9.11
LDI47I10,Freightliner M2,2010,Diesel,12.34
E3ZIEXOG,Arrival Van,2018,Electric,5.11
JAWGA0XM,BYD 8TT,2011,Diesel,9.83
52NLOQTQ,BYD 8TT,2013,Electric,2.68
PQK1IO1Z,Blue Bird All American,2009,Diesel,13.39
7ERA7MS2,BYD 8TT,2015,Hybrid,10.26
Y9FJU6H2,Chevrolet Silverado 4500HD,2013,Petrol,17.59
58UFKGGK,Kenworth T680,2011,Petrol,13.85
ELU8A3PW,Hino 268,2008,LNG,10.83
06UFX75W,Thomas Saf-T-Liner,2013,CNG,10.89
HEAGLRHH,Ford F-750,2004,CNG,8.84
6AYLLD4Y,Mack Anthem,2012,LNG,7.4
rh5wwep2,Isuzu NPR,2007,CNG,8.41
2A2G7LEE,Isuzu NPR,2020,CNG,11.09
WWP82QZT,Tesla Semi,2024,Electric,4.1
AOIM458A,Arrival Van,2012,LNG,12.94
WFPIVD2I,International LT,2008,LNG,7.77
5GHAJ6PF,International LT,2022,Petrol,11.57
IW5XNQDZ,Isuzu NPR,2008,Hybrid,16.92
321SCIGE,Mack Anthem,2010,Hybrid,13.42
2A5I8JNB,Ford Transit,2002,LNG,8.79
QGLNAAV3,Ram ProMaster,2009,Electric,18.76
QDW7RBPE,Kenworth T680,2019,Petrol,14.71
B7SNCPI6,Hyundai XCIENT,NULL,Petrol,9.44
HWOC06AB,BYD 8TT,2000,LNG,9.72
LVQOAEDA,Peterbilt 579,2011,Petrol,6.29
8DF2F5NK,Tesla Semi,2012,CNG,12.62
M4IX4ZCR,Western Star 5700XE,2000,CNG,13.36
6SGCNFJ1,Ford Transit,2020,LNG,8.18
DBD8S76Y,Ford F-750,2019,Hybrid,17.86
AW7PDRIU,Freightliner M2,2003,Hybrid,12.75
OGIEOTFD,Western Star 5700XE,2014,Electric,4.17
67ADREBH,BYD 8TT,2023,CNG,14.38
FAS1EKTY,Ford Transit,2024,Petrol,11.72
Y4R5J8C6,Ford F-750,2061,Petrol,17.65
9D4XNYWF,Ford Transit,2014,Electric,2.52
R2OZZ9Z7,Hyundai XCIENT,2010,Petrol,17.36
KKKKKKKK,Peterbilt 579,2012,Diesel,8.11
GGGGGGGG,Peterbilt 579,2004,Petrol,16.41
BU3W7OFV,Thomas Saf-T-Liner,2007,Hybrid,18.04
7RF8JELU,Volvo VNL,2025,Hybrid,19.9
TLQ4T6F1,Mercedes Sprinter,2011,Diesel,11.22
3OXHK7W2,Nikola Tre,2024,Petrol,6.13
Z55FDLF2,Mack Anthem,2026,Electric,3.95
WSH2C2XA,Mercedes Sprinter,2012,,11.94
BTPDO7YF,Ford F-750,2001,Petrol,11.31
  OGALH19V  , International LT , 2014 , Hybrid , 19.03 
W5YHRXI0,Tesla Semi,2003,Petrol,16.28
7XKR3GOF,Ram ProMaster,2004,LNG,13.36
TO45MPTB,International LT,2020,Diesel,12.14
3YSKHY6H,Hino 268,2020,Electric,5.74
9MJ9XXLB,BYD 8TT,2000,Diesel,12.35
ZMU732OK,Western Star 5700XE,2016,Electric,5.97
J3LZ2FTB,Arrival Van,2011,Diesel,9.34
RFZJAFDE,International LT,2001,CNG,12.74
G60OOUCY,Kenworth T680,2009,CNG,14.08
G2MVKGCE,Ford Transit,2005,Electric,3.48
ZKL7KVUJ,IC Bus CE Series,2007,LNG,13.83
KG866AWC,Peterbilt 579,2025,Petrol,13.44
TTTTTTTT,Ram ProMaster,2006,Hybrid,11.77
K7A1T5CF,Kenworth T680,2004,LNG,10.85
16CZ75T6,Arrival Van,2009,Electric,2.85
XOR5NZTO,Western Star 5700XE,2007,Petrol,17.88
9EY5QWQM,Ford F-750,2000,Hybrid,15.59
5115ZG80,Rivian EDV,2000,CNG,12.91
819M073B,IC Bus CE Series,2025,LNG,10.78
9Q7NFVB3,Mack Anthem,2025,Electric,4.59
VQAL7JMI,Arrival Van,2000,Electric,3.82
EM9TBEZD,Blue Bird All American,2011,LNG,9.52
NYNYSY6E,Blue Bird All American,2024,Hybrid,20.88
V1RCW6AK,Volvo VNL,2007,Hybrid,NULL
FAW2XCH1,Hino 268,2013,Petrol,10.93
082RU5U8,Peterbilt 579,2005,Petrol,6.93
P7DGT60P,Nikola Tre,2016,Diesel,14.22
RCUY1AJV,Blue Bird All American,2011,CNG,-inf
UG7YKOVF,Ford F-750,2017,Electric,3.28
0WZ3OUB9,IC Bus CE Series,2008,Electric,4.88
A317GG6C,Mack Anthem,2014,CNG,11.7
JPRDLS3S,Hyundai XCIENT,2014,Diesel,9.45
7YKV7KG3,Hyundai XCIENT,2005,Hybrid,19.37
08DW54I3,Thomas Saf-T-Liner,2021,LNG,13.39
6JEA1JZD,Rivian EDV,2007,CNG,14.0
00000000,Western Star 5700XE,2022,CNG,11.29
85H6UI,Volvo VNL,2013,LNG,7.49
CSY0OQTY,Nikola Tre,2021,LNG,11.04
GJPMH3UQ,Freightliner M2,2005,Diesel,8.59
WBVV0TL1,Isuzu NPR,2018,Hybrid,10.67
0E97NABU,IC Bus CE Series,2023,Petrol,17.03
GTXYZ8AK,Nikola Tre,2007,Petrol,15.7
3JP4HYXG,Arrival Van,2012,Diesel,6.63
MJ7YIKQA,Peterbilt 579,2010,Hybrid,12.95
H069KUGK,Western Star 5700XE,2024,Diesel,7.77
WRWNIE7Y,BYD 8TT,2006,Petrol,9.83
YRRU7ZKU,Tesla Semi,2012,LNG,13.27
M8O9R2IL,Kenworth T680,2023,Petrol,13.32
VDZ7QEMZ,Mack Anthem,2021,LNG,10.43
6IKWGN9J,Arrival Van,2006,Hybrid,11.46
UI9HK20Y,Rivian EDV,2000,LNG,9.47
HN3ZGO1V,BYD 8TT,2009,CNG,12.84
5II3N6UB,Isuzu NPR,2002,Petrol,17.94
0LZIGIKQ,Hyundai XCIENT,2006,Diesel,7.72
<script>alert(1)</script>,Isuzu NPR,2020,Petrol,10.95
JAVB3K3Q,Blue Bird All American,2024,Diesel,10.84
MEW6YQ4J,Isuzu NPR,2003,Diesel,10.8
HYVJWDXQ,International LT,2019,Electric,5.51
JDFAW1LX,Hyundai XCIENT,2017,Hybrid,11.02
CELRTFOE,Mercedes Sprinter,2003,LNG,11.84
6H84G1FT,Ford Transit,2018,Electric,5.68
FOQMF5L9,Blue Bird All American,2012,CNG,9.05
SCYDNF74,Arrival Van,2015.0,Hybrid,21.04
UB10LU04,BYD 8TT,2000,Diesel,7.2
6WLSZRHX,Nikola Tre,,CNG,9.89
YMX9DJOY,IC Bus CE Series,2018,LNG,8.4
Z6SH5027,Thomas Saf-T-Liner,2004,CNG,24
J8VFMKMU,International LT,2017,LNG,12.83
ZXZ6TC5R,Mercedes Sprinter,2014,Diesel,14.9
TXH1WA50,International LT,2016,Electric,5.57
PBZA5XDV,Ram ProMaster,2011,Petrol,12.24
89JSNCH1,BYD 8TT,2013,Hybrid,18.3
WD9EBOUB,Isuzu NPR,2015,Hybrid,13.31
N5519PT3,Thomas Saf-T-Liner,20/22,CNG,14.28
M8CKHDY4,Mercedes Sprinter,2011,LNG,8.03
TWHOIJSD,BYD 8TT,2010,Hybrid,16.77
TNEQC4E4,Arrival Van,2003,Diesel,12.93
0tyvvtrk,Mercedes Sprinter,2004,LNG,11.31
4LOA4NH7,Arrival Van,2017,Diesel,8.81
OD22K9L7,Rivian EDV,2065,Petrol,9.59
YW2PY36A,Mack Anthem,twenty-twenty,Electric,4.22
CDXJ99TD,IC Bus CE Series,2011,Electric,15.99
TA6UF6GK,IC Bus CE Series,2013,LNG,7.58
M7O5CKMT,Volvo VNL,2026,Petrol,17.62
1C149EMP,1343,2004,Electric,2.99
31K26GFX,Freightliner M2,2004,LNG,9.4
FE51T2KL,Freightliner M2,2017,Petrol,13.32
8Y4CU7RE,Kenworth T680,2046,Electric,3.36
5JYYFK31,Freightliner M2,2022,Electric,4.6
CWR1H8NT,Ford F-750,2009,CNG,8.09
H02C0CME,Ford F-750,2023,Petrol,12.08
QJEBKD17,Western Star 5700XE,2026,Diesel,0
BQOUQ6TJ,Mercedes Sprinter,2016,Diesel,12.71
PTMQK0YM,Hyundai XCIENT,2011,Electric,4.08
P5WLF0LL,Arrival Van,2022,Hybrid,10.23
IQTRSQ7W,Ford F-750,2008,Petrol,11.93
84DXUUD8,Hyundai XCIENT,2003,Electric,4.37
CD0KVV7M,Chevrolet Silverado 4500HD,2010,Diesel,14.9
ZDDH1635,Mercedes Sprinter,2010,Diesel,9.58
ESR9EYYI,Freightliner M2,2013,Electric,4.62
2QIVUL5Y,Rivian EDV,2020,LNG,11.41
10648Q7O,Ford F-750,2011,Petrol,17.56
WQ63NGLK,Volvo VNL,2014,Petrol,15.11
NRE6J0OQ,Hyundai XCIENT,2000,Electric,4.19
CO8O9GF5,Ford Transit,2017,Petrol,13.67
RL0NWRN5,Volvo VNL,2010,Petrol,7.71
OLWIMRSX,Ford F-750,2003,Diesel,7.69
7IYF0D0I,BYD 8TT,2004,CNG,14.95
LTWRNGBQ,Hino 268,2007,CNG,9.78
KTEKATK1,Volvo VNL,2013,CNG,14.81
Q4I6R8SO,Hyundai XCIENT,2005,Diesel,7.41
EK2O7FHS,Western Star 5700XE,2025,CNG,15.18
L7KENH3I,Hyundai XCIENT,2017,Petrol,12.53
9WFAYLD0,Isuzu NPR,2014,Petrol,15.15
YLILLNBU,Peterbilt 579,2010,LNG,9.59
10778KKY,Ford Transit,2001,Electric,2.86
9326YW0T,Peterbilt 579,2017,LNG,11.63
374B433W,Peterbilt 579,-212,Electric,2.61
XTGU0SEE,Mack Anthem,2000,Electric,3.25
FTW9B49Z,Ford Transit,2026,Hybrid,21.64
HBXB8RZS,Ford F-750,2022,CNG,12.51
8UCKM4IZ,Peterbilt 579,2004,Diesel,7.63
BTPVU5OW,Mercedes Sprinter,2000,LNG,13.96
3B103OLM,Thomas Saf-T-Liner,2022,CNG,12.02
R5E9LNLY,Hyundai XCIENT,2021,CNG,15.44
74ZKSIJ0,"Freightliner M2, Heavy Duty",2009,Electric,4.76
YFZGXLLL,Ford F-750,2000,Petrol,14.78
WG2LKC2M,BYD 8TT,2012,LNG,7.8
2BDOPTR7,International LT,1935,Electric,4.63
2JT8UD5U,IC Bus CE Series,2004,CNG,11.27
R84ZPB1D,Thomas Saf-T-Liner,2026,Hybrid,14.99
31ZR7KQ9,Blue Bird All American,2008,Hybrid,12.19
M2IN25H1,Peterbilt 579,2016,Electric,2.98
4AQVRTZS,Mercedes Sprinter,2007,PETROL ,23.88
KH1XLLF6,Mack Anthem,2010,Diesel,8.44
QOGMNN0X,Ram ProMaster,2001,Hybrid,16.99
VWR5T9L1,IC Bus CE Series,2023,CNG,12.3
AI89Y1FF,Nikola Tre,2018,Electric,4.81
AHQR2IME,Chevrolet Silverado 4500HD,2011,LNG,12.55
YSB25ODT,Ford F-750,2014,LNG,7.85
1IGQ2D7J,Isuzu NPR,2003,Hybrid,10.4
BZMTKEAD,Western Star 5700XE,2024,LNG,8.1
5JX084DE,Western Star 5700XE,2021,Hybrid,14.58
1CJOSYYP,Kenworth T680,2014,LNG,13.02
OP1DULPL,Hyundai XCIENT,2024,Diesel,10.65
ifz5ibtz,IC Bus CE Series,2011,LNG,8.15
NM73XFJ,Peterbilt 579,2018,LNG,11.97
T4NB5GO0,Ram ProMaster,2001,LNG,10.75
GY7I2MQT,International LT,Year2022,CNG,8.25
2B1752XE,Kenworth T680,2003,Electric,11.36
67MC25F1,Arrival Van,2010,Hybrid,16.73
BPR0W6U7,Western Star 5700XE,2004,Petrol,9.55
C45R81QA,Hyundai XCIENT,2003,Hybrid,21.02
5B2NIXI8,Mack Anthem,2020,CNG,15.02
BP6ZEYFH,Thomas Saf-T-Liner,2021,CNG,12.65
M9X798YB,Mercedes Sprinter,2005,Hybrid,18.09
IMEOFFC5,Mack Anthem,2019,LNG,13.69
XF91F96X,International LT,2010,Electric,5.52
LZZ4NVKV,Rivian EDV,2007,CNG,10.51
FWHVHYLX,BYD 8TT,Year2022,CNG,13.55
1A5QSSHL,Ford F-750,2009,Petrol,12.43
CM2H42SU,Blue Bird All American,2004,Diesel,6.55
P9LVEWTF,Blue Bird All American,2024,Electric,4.3
VIAT22HD,Peterbilt 579,2020,LNG,9.1
AJM9IFHJ,Nikola Tre,2010,Diesel,10.37
RX42RR3D,Volvo VNL,2011,Diesel,13.05
  ZOI0JU3G  , Arrival Van , 2016 , Diesel , 13.8 
TYYCCJFE,Western Star 5700XE,2024,LNG,8.08
9KWGBNU3,Blue Bird All American,2004,LNG,12.71
KNABQ375,Blue Bird All American,2004,Electric,5.58
YZR3KT0T,Western Star 5700XE,2000,CNG,14.16
KSSE9V3Z,Nikola Tre,2004,Electric,4.54
XC45BNCC,Nikola Tre,2026,CNG,14.51
86P5XH4Z,Nikola Tre,2011,Diesel,12.11
Z4PG7M1K,Blue Bird All American,NULL,Electric,4.45
4VHSN6BN,Tesla Semi,2004,Hybrid,18.14
KYHQA5H9,Ford Transit,2005,Petrol,14.08
C4A2R24A,Blue Bird All American,2019,Petrol,9.97
ANBG1CN0,Ford F-750,2012,Hybrid,2
NNOQ4IXR,Unknown,2005,Petrol,8.98
FWVR99LS,IC Bus CE Series,2002,Petrol,7.22
AKK70OZ3,Rivian EDV,2026,CNG,10.29
F32M3XL7,Ford Transit,2015,CNG,12.93
FMX9IYHO,Ram ProMaster,2015,Electric,2.84
V2KF2RUN,BYD 8TT,2017,Electric,4.22
NRAXZUGF,Rivian EDV,2013,Diesel,8.51
IP1F05HI,Chevrolet Silverado 4500HD,2001,LNG,7.81
29RFAW04,Blue Bird All American,2014,Electric,4.08
GUB6XJJE,Ford Transit,2018,CNG,9.06
AYQ0NNQU,Mack Anthem,2000,Electric,4.77
JCPUC8SO,Hino 268,2005,Electric,4.05
7375C98T,Western Star 5700XE,2006,Petrol,13.75
R3Q9QL3Y,Blue Bird All American,2022,Electric,4.44
ROYMM7SE,Chevrolet Silverado 4500HD,2017,Electric,5.29
WNEQAJ65,IC Bus CE Series,2004,Hybrid,19.18
3CZV2M08,Western Star 5700XE,2022,CNG,9.48
9VEWZZ83,Chevrolet Silverado 4500HD,2009,Hybrid,15.66
8H47MDC6,BYD 8TT 中国,2022,Hybrid,10.54
GDTO83FT,Arrival Van,2022,CNG,9.46
R0U07W3X,Volvo VNL,2010,Hybrid,17.56
C89VTH9U,Ford F-750,2019,Hybrid,12.87
6BHCYP0Y,Blue Bird All American,2001,CNG,15.69
FYTEM2F4,Thomas Saf-T-Liner,2012,Electric,5.87
3R3AU91A,3126,2004,Diesel,5.05
6WZHCXVD,Ford Transit,2020,Diesel,14.02
FI47QPF0,Kenworth T680,2014,Gas,24.24
ZIIT2YKN,BYD 8TT,2023,Electric,3.17
EJSLZVUH,"Freightliner M2, Heavy Duty",2008,CNG,12.97
7A7NACPY,Rivian EDV,2002,LNG,11.01
L0PSEX2V,Arrival Van,2000,Petrol,13.62
ZNCIJ21D,BYD 8TT,2014,Electric,3.55
CIN1ULA0,Ford Transit,2026,Diesel,11.54
7YLA83GU,Chevrolet Silverado 4500HD,2018,CNG,10.99
  S87CNB5K  , Ford Transit , 2023 , CNG , 10.09 
8W0NE8CX,Hyundai XCIENT,2020,Hybrid,21.69
6O0U93MZ,Arrival Van,2017,Petrol,13.66
EOEZFVVH,Hino 268,2017,Hybrid,17.21
IPP1A86F,Tesla Semi,2019,LNG,11.42
null,Ram ProMaster,2005,LNG,9.93
WSLXQHIA,International LT,2026,Hybrid,17.81
2T9O5A43,Volvo VNL,2005,Electric,2.82
46STJGK4,Chevrolet Silverado 4500HD,2001,Petrol,12.63
J1X2FY96,"Freightliner M2, Heavy Duty",2003,Hybrid,16.12
K8R1Z4QT,Blue Bird All American,2022,Diesel,12.43
J8MO765E,International LT,2002,CNG,12.56
7AXMG6G4,Blue Bird All American,2016,1,16.16
0SWDUG5L,Hino 268,2010,Diesel,8.53
RHYKXGXV,Nikola Tre,2000,Hybrid,18.77
XRR0JYN3,IC Bus CE Series,2008,Diesel,10.48
KFGX2DQZ,Freightliner M2,2019,CNG,8.71
YE4P4VPC,Isuzu NPR,2017,Hybrid,20.44
ZOOH3YRG,Western Star 5700XE,2011,Electric,4.73
XJ3Y1XC2,Isuzu NPR,2016,Diesel,14.83
FMFHTR5D,Chevrolet Silverado 4500HD,2020,LNG,NaN
LPEO8L1U,BYD 8TT,2009,LNG,8.89
XUSYAVO1,Mack Anthem,2024,Diesel,5.3
R4WGDFKS,Ram ProMaster,2012,Hybrid,16.73
LP4L1G22,Thomas Saf-T-Liner,2006,CNG,13.2
CT1ZHT4E,Isuzu NPR,2020,LNG,8.0
XSFNM9FZ,Mercedes Sprinter,2005.0,Hybrid,21.9
35G0AHWT,Blue Bird All American,2018,Petrol,12.75
GK9JQTAJ,Thomas Saf-T-Liner,2000,Hybrid,15.33
JFACRTLG,Western Star 5700XE,2014,Hybrid,12.89
,,,,
BNXZU1EM,Tesla Semi,2003,Electric,4.77
MWOX5PJT,Isuzu NPR,2025,Electric,4.54
NMP9AIMW,Ram ProMaster,2004,Hybrid,14.35
EMEZA5SJ,Chevrolet Silverado 4500HD,2000,Petrol,15.5
8IP9EFYY,Arrival Van,2021,Diesel,12.51
889ERRYE,IC Bus CE Series,2016,LNG,12.08
LWEHFGIV,Mack Anthém,2016,LNG,10.97
DUWAW20G,Hino 268,2013,CNG,9.15
P501NOUH,Tesla Semi,2009,CNG,8.59
507RRMMF,IC Bus CE Series,,Hybrid,15.79
Y3VVVF70,Nikola Tre,2000,CNG,10.17
EAJP7CCW,Mack Anthem,2015,CNG,14.73
1HGB H225,Hino 268,2008,Hybrid,18.07
XR0R6HQU,Ford F-750,2021,CNG,0
VNK2SLQ3,BYD 8TT,2026,Diesel,14.19
Z0JKTJSW,     ,2011,Hybrid,20.76
1HGB	225,Thomas Saf-T-Liner,2018,Diesel,14.9
NULL,Tesla Semi,2026,CNG,12.28
PBWTDG67,Ford Transit,2006,LNG,10.67
HAQELFXI,Rivian EDV,2006,CNG,13.36
WJVEYJE8,Ram ProMaster,2017,Diesel,7.36
BED8WPTN,Hyundai XCIENT,2000, CNG,1.73
8A5D9GGX,Peterbilt 579,2006,Petrol,6
0GGVV7D4,Blue Bird All American,2000,Electric,5.61
MI8QUNKS,Mercedes Sprinter,2003,LNG,11.34
5GGA23S8,Hyundai XCIENT,2000,Electric,5.61
YWLPTPOM,Mercedes Sprinter,2001,Electric,3.24
CSQ3I8ZR,Isuzu NPR,2012,LNG,10.34
IIESVDUD,Ford F-750,2016,CNG,12.43
8FG7S1RD,IC Bus CE Series,2013,Hybrid,13.92
BCDFQVDP,Blue Bird All American,2018,Petrol,10.19
D5KONJZG,Ford F-750,2023,Hybrid,21.15
QBKV6TBA,Chevrolet Silverado 4500HD,2016,LNG,11.38
4DB1SN27,BYD 8TT,2008,Diesel,N/A
3W5EP7N2,Western Star 5700XE,2013,Electric,3.48
KKPYULPB,Ford Transit,2025,Electric,3.73
MWTRWXZ1,Chevrolet Silverado 4500HD,2016,CNG,15.45
KCGJEE3D,Chevrolet Silverado 4500HD,2009,CNG,13.21
58611GQI,Tesla Semi,2009,CNG,15.72
XCB7ESQK,Thomas Saf-T-Liner,2016,CNG,15.53
HBVJSFMW,Nikola Tre,1918,Hybrid,12.38
J82837CG,8753,2026,CNG,9.98
F6F5226G,BYD 8TT,2007,Petrol,11.53
MXFGBL0M,Isuzu NPR,2001,LNG,12.35
YQJ3IZBT,Chevrolet Silverado 4500HD,2009,Hybrid,18.82
UUFB7YEW,Peterbilt 579,2016,Electric,4.66
W3YL0RGH,Peterbilt 579,2025,Hybrid,11.63
1I3EYJ5Q,Arrival Van,2016,Diesel,5.95
  Z0D3A909  , IC Bus CE Series , 2017 , Diesel , 6.59 
A6SAW1V9,Ford Transit,2010,CNG,14.24
M6JN8F34,Western Star 5700XE,2003,Diesel,6.46
9OCIILDY,Ford F-750,2003,Petrol,10.05
TXGPCLTA,Western Star 5700XE,2003,cng,5.5
06IAJ8JR,Freightliner M2,2007,Hybrid,16.36
H79GOV1O,IC Bus CE Series,2009,Hybrid,10.21
CM8JJ6AV,Thomas Saf-T-Liner,2022,LNG,12.35
N8GUA9SR,Kenworth T680,2001,Diesel,11.58
K2UHUS3Q,Chevrolet Silverado 4500HD,2004,Electric,5.44
IA4JNN9N,Ford Transit,2023,Hybrid,10.69
ELL3JQ07,Freightliner M2,2023,Electric,3.07
Q3Q5PCNI,Chevrolet Silverado 4500HD,2020,Electric,5.45
3IETYR9X,Ford F-750,2023,Diesel,11.77
XSMFKOCY,Kenworth T680,2012,Petrol,15.98
FFR38WSU,Freightliner M2,2005,LNG,7.04
J69SNCZT,Hyundai XCIENT,2024,Diesel,11.02
N/A,Hino 268,2017,Diesel,13.34
ODYDLRYS,Mack Anthem,2010,Electric,4.71
VJXV873E,Volvo VNL,2013,Electric,2.79
5IHH64Y5,Western Star 5700XE,2014,Diesel,6.47
DMFVLWUA,Volvo VNL,2026,Diesel,10.76
9S5I43K2,Mercedes Sprinter,2022,LNG,13.74
DM4W7ACS,Kenworth T680,2024,LNG,7.19
14DYMWPF,Volvo VNL,2020,LNG,9.66
HUXMOZXR,Freightliner M2,2025,LNG,12.01
C55C5MWB,Hyundai XCIENT,2015,CNG,8.15
681DDT8Y,Ford F-750,2000,CNG,14.84
52IB4TCT,Kenworth T680,2010,Electric,4.34
Z1C25XNO,International LT,2013,LNG,8.21
0MB1L631,Tesla Semi,2002,Diesel,7.93
48G5X1RT,Hyundai XCIENT,2020,LNG,8.13
ACUVEOJR,Freightliner M2,2002,Electric,3.62
77B9OL25,Isuzu NPR,2015,Petrol,10.02
2XXDMMNW,Hyundai XCIENT,2026,LNG,12.16
TFEPZ614,Tesla Semi,2011,LNG,13.26
64O8FF6C,Mercedes Sprinter,N/A,CNG,12.48
T0K9875T,Ford Transit,2008,CNG,11.11
PG1GKE8R,Kenworth T680,2019,CNG,12.73
TTW30ENR,Peterbilt 579,2020,CNG,14.35
344NGTOZ,Peterbilt 579,2020,Electric,4.29
EXWBP,Arrival Van,2005,CNG,11.99
A1IYR8A9,International LT,2019,Electric,4.39
SOM7Z2J0,Rivian EDV,2008,Hybrid,10.3
39M3H9CE,Volvo VNL élite,2015,Diesel,14.82
N75XVCMP,Tesla Semi,2024,LNG,13.03
9KKH4A3Y,Hino 268,2017,LNG,10.58
RAU7BWHZ,Chevrolet Silverado 4500HD,2013,Petrol,9.3
GQ1RN103,Kenworth T680,2014,Electric,4.57
935YI2ZX,Chevrolet Silverado 4500HD,2003,Petrol,16.83
W0XZZU1A,Ram ProMaster,2023,Diesel,10.32
L0KXGADR,Nikola Tre,,Diesel,10.99
YWT15JEN,Arrival Van,2000,LNG,13.43
3NYLU43S,Tesla Semi,2013,Petrol,15.13
WU0XD5S9,BYD 8TT,2005,Diesel,6.99
MUGR1M1E,Freightliner M2,2020,Electric,4.57
0TU2AQHK,IC Bus CE Series,2015,Hybrid,18.51
471I5DP1,Mack Anthem,2019,Electric,5.06
NMTVZ2GP,Isuzu NPR,2020,CNG,10.54
Q26TPBPP,Thomas Saf-T-Liner,2003,Hybrid,17.6
SSTQEZUO,International LT,2024,Hybrid,19.32
PB7WOHQD,Peterbilt 579,2021,Hybrid,11.04
JCOY9IEN,Ram ProMaster,2023,Diesel,11.32
1B8PZJ96,Ford Transit,2008,Electric,4.23
AVSKUMWI,Western Star 5700XE,2020,Hybrid,16.72
ARLW3MG2,Chevrolet Silverado 4500HD,2001,LNG,7.15
P6825M5R,BYD 8TT,2018,Diesel,0
U3WO2Q66,Volvo VNL,2012,Petrol,14.47
VMC0KJY4,International LT,2019,LNG,11.01
1UKCOVRX,Isuzu NPR,2017,Diesel,10.95
3WBWL7W2,Ford F-750,2011.1,Petrol,10.07
M9Q2G46J,Ford F-750,2023,Diesel,12.36
R0TJOPZ1,Ford Transit,2017,CNG,9.58
AMQPKIJL,Peterbilt 579,2024,CNG,10.21
7PNPFZBP,Ford Transit,2020,Electric,2.67
JY9SR6YS,BYD 8TT,2023,Petrol,16.11
RJ8DUD51,Blue Bird All American,2026,LNG,10.97
CU6MXSCU,Western Star 5700XE,2016,Hybrid,17.65
QGO7UKYG,IC Bus CE Series,2019,Hybrid,11.19
W3FC340D,IC Bus CE Series,2002,CNG,11.29
ZJ486UL6,Nikola Tre,2021,CNG,10.48
TFADJ46Q,IC Bus CE Series,2009,LNG,8.21
X8K6RMND,Peterbilt 579,2017,CNG,11.18
  MY9TBKV5  , Blue Bird All American , 2021 , Diesel , 14.24 
YL22KJZI,Rivian EDV,2092,LNG,7.92
YDWIAQ4P,Isuzu NPR,2000,CNG,14.2
QJJ9QJZG,Peterbilt 579,2009,Hybrid,19.6
PV07UJ4F,Mercedes Sprinter,2000,Diesel,7.83
I7ZXAP85,Hyundai XCIENT,2018,1,9.34
MULQD7GM,IC Bus CE Series,2003,CNG,11.09
IAW66NYO,Mack Anthem,2023,Diesel,7.39
B7T9CRWQ,Kenworth T680,2019,LNG,-4.44
A1DDJW41,Chevrolet Silverado 4500HD,2023,Petrol,17.26
GYICCWBP,Thomas Saf-T-Liner,2024,Petrol,14.08
OFKCGGXP,Mercedes Sprinter,2002,CNG,14.75
ZS86BCB3,Nikola Tre,2018,Hybrid,19.04
WZIS7TNY,International LT,2004,Petrol,8.07
13FPOYIP,Ford F-750,2024,Hybrid,18.98
EQUDSA93,N/A,2009,CNG,13.47
S1YKTJ82,Isuzu NPR,2008,Diesel,10.18
QB6U0WGN,Rivian EDV,2022,,19.4
6LBUWCHG,Ram ProMaster,2017,Diesel,11.14
21SDRY5N,Kenworth T680,2021,LNG,12.98
ZSQZCUZ6,IC Bus CE Series,2021,Electric,4.05
  5QX9XGYH  , IC Bus CE Series , 2020 , Hybrid , 20.07 
4WD85YW4,Western Star 5700XE,2002,Petrol,15.47
ESP7BM41,Mercedes Sprinter,2003,Electric,4.94
KCR6SPQJ,Hyundai XCIENT,2018,Electric,28.71
OTGTSFJT,Tesla Semi,2013,Diesel,10.6
9NYPQ9OR,Mack Anthem,2008,Petrol,8.51
ZNDPHZD4,8328,2024,CNG,12.32
6UAQDES4,Ford F-750,2015,CNG,10.16
VGWHHKTQ,BYD 8TT,2007,Petrol,-2.36
T9UIFP7O,Hyundai XCIENT,1950,Electric,4.89
13ZP84JR,Western Star 5700XE,2022,Petrol,17.52
4BEYAM46,Peterbilt 579,2014,LNG,12.32
X74ZEMG0,Hino 268,2026,Petrol,16.43
JNPK8K9M,Hino 268,20 22,Petrol,11.22
C189VUZ1,Mercedes Sprinter,2003,Petrol,8.86
V3KRA7XZ,Nikola Tre,2014,Hybrid,18.08
XXR8L6YB,BYD 8TT,2023,Electric,2.71
84QE8LM1,Ram ProMaster,2007,Hybrid,15.13
Q0JFF2MS,Hyundai XCIENT,2020,Petrol,14.33
PUUT9GYW,Isuzu NPR,2017,petrol,9.14
1IHHQPST,IC Bus CE Series,2016,Electric,4.53
CMX3IMWZ,Ford F-750,2003,Hybrid,11.97
STZQBFU7,Peterbilt 579,2019,Hybrid,20.23
URAEG9QO,Hino 268,2001,Hybrid,15.54
ZDFBRE72,Ram ProMaster,2014,LNG,13.01
DNGV39DX,Peterbilt 579,2016,Electric,5.43
ERRFWL0M,IC Bus CE Series,2016,LNG,10.4
8GGIEFHB,Blue Bird All American,2000,Diesel,12.26
VYU5RGG1,Blue Bird All American,2004,LNG,7.35
3BZT9D31,Ford F-750,2001,Electric,4.07
I66K5RQS,Western Star 5700XE,2006,Petrol,14.48
UB9S5QR0,Hino 268,2011,LNG,11.8
4CVNMM3C,Ram ProMaster,2004,Petrol,12.13
CMHUNSI7,Kenworth T680,2006,Electric,3.89
R5XFF0T0,Thomas Saf-T-Liner,2018,Hybrid,14.79
7EQ3O6J8,Chevrolet Silverado 4500HD,2013,CNG,12.57
K6H9G9EI,Chevrolet Silverado 4500HD,2023,Electric,3.36
W2SCSI6E,Nikola Tre,2010,Hybrid,15.5
OH7X6I9C,Kenworth T680,2025,Electric,3.77
IT2MJXI5,Hyundai XCIENT,2009,Hybrid,19.13
KY7RLVHX,Hyundai XCIENT,2026,Hybrid,21.37
85RHCJTD,Freightliner M2,2009,CNG,12.63
JZNRCBWM,Nikola Tre,2005,Electric,5.18
SNUN446Q,Volvo VNL,2012,CNG,9.87
JETGF7PF,Western Star 5700XE,2020,Diesel,14.14
TOC19INR,Blue Bird All American,2003,Hydrogen,21.13
XJJ2VVXXS8HE8Z8LTHE,Arrival Van,2009,CNG,13.64
0GD5ML52,Arrival Van,2006,Petrol,12.68
HD82P5EJ,Ford Transit,2024,Petrol,12.1
9W6YA8JB,Nikola Tre,2023,Diesel,5.79
TXKXEBSP,Peterbilt 579,2003,Electric,3.31
2WPOCMBD,Blue Bird All American,2009,Hybrid,19.72
NRKNS0KM,Nikola Tre,2016,Petrol,17.13
NVKY2CSX,Mack Anthem,2017,Hybrid,12.08
9QB1JFEG,Western Star 5700XE,2006,LNG,12.29
MW4QIMYJ,Volvo VNL,2018,Electric,5.93
2V4AVJO5,Nikola Tre,2012,CNG,11.7
22592FFQ,Ford Transit,2026,Hybrid,10.81
KQFBG1VO,Freightliner M2,2026,Electric,12.7
SPYA2OTK,Ford Transit,2018,Petrol,13.67
OIJSNIQ2,Thomas Saf-T-Liner,2004,Petrol,17.27
BFFM2CEZ,Blue Bird All American,2017,Diesel,8.76
XCY21CJ2,Kenworth T680,2010,CNG,13.43
URPQZVYU,Isuzu NPR,2014,Hybrid,16.68
RUK1U8IK,Arrival Van,2005,Diesel,12.87
F2LQNOME,Ram ProMaster,2019,LNG,2287.07
' OR '1'='1,Hyundai XCIENT,2018,Diesel,8.59
SAHXTHV3,Freightliner M2,2024,LNG,12.64
  VXP599GL  , Isuzu NPR , 2003 , LNG , 11.58 
N/A,Ford F-750,2005,Diesel,7.71
ROSZHX14,Freightliner M2,2002,Petrol,17.34
P9S1GWXT,Arrival Van,N/A,Hybrid,20.4
7D2M1RBX,Mack Anthém,2003,Petrol,14.03
H84DXEUZ,Mack Anthem,2008,Petrol,9.72
HHBVMDCD,IC Bus CE Series,2020,Diesel,6.21
UNIX5KD7,Nikola Tre,2010,Diesel,9.23
FHZ6T8VM,Ford Transit,2015,LNG,10.84
JV1USP91,Volvo VNL,2024,LNG,11.91
UMFXHP9V,Western Star 5700XE,2013,Hybrid,10.9
D7MKC9XZ,Isuzu NPR,2005,Diesel,14.36
XJCBYHGM,Blue Bird All American,2004,Diesel,14.89
87TPC90N,Freightliner M2,2002,LNG,9.19
YXXUZPWF,Mack Anthem,2020,CNG,13.19
LNT4CJV54PQL55W,Thomas Saf-T-Liner,2022,CNG,11.98
AJY5H9WY,International LT,2021,Petrol,11.82
5HZRXXHT,Mercedes Sprinter,2023,Petrol,12.37
S5K1APU9,Freightliner M2,2023,Diesel,6.51
7C8D5BOR,Ford Transit,2011,Petrol,7.73
YHQ3Y8UQ,Rivian EDV,2019,LNG,7.31
2CBAQQ7C,Mercedes Sprinter,2000,Petrol,15.62
4ZLHY2B0,2622,2019,Hybrid,15.76
2KUUS7A9,Western Star 5700XE,2020,LNG,11.87
NBF31XFN,Western Star 5700XE,2019,1,12.69
JVBOAAJA,BYD 8TT 中国,2006,Petrol,11.33
H96JE0AT,Western Star 5700XE,2003,Electric,5.75
B8EKOZU2,Thomas Saf-T-Liner,2002,Electric,4.14
Q24BOZL0,Arrival Van,2014,Hybrid,17.49
31HO4X8S,Kenworth T680,2002,CNG,13.22
REIYAZ39,Thomas Saf-T-Liner,2022,LNG,7.93
P0IV1TOP,Isuzu NPR,2013,CNG,15.81
W0Z5QNPO,Nikola Tre,2019,Electric,2.78
0AAII7L6,BYD 8TT,2000,Hybrid,18.43
JY9QRBZU,Ram ProMaster,2000,LNG,11.31
XS7PMAK9,Hyundai XCIENT,2022,CNG,9.68
EMMX3Y9R,International LT,2025,Petrol,7.62
AQBI4FO7,Thomas Saf-T-Liner,2021,LNG,11.37
KWM2BILE,International LT,2001,Diesel,10.32
2P453ALH,Rivian EDV,2026,Hybrid,8491.02
TXAJVUDH,Western Star 5700XE,2001,Electric,4.97
S2LH456L,BYD 8TT,2008,Petrol,"17,81"
SL1YA1RY,Rivian EDV,2013,LNG,10.85
UFEL6246,Western Star 5700XE,2021,Petrol,8.99
6E9EYBTE,Blue Bird All American,2022,Electric,2.99
RZGZX1YF,Western Star 5700XE,2004,Electric,5.17
OIQ2Q4QE,Ford Transit,2023,Diesel,11.53
5ZGFCVYE,IC Bus CE Series,2004,Diesel,7.17
18A2VZPY,Peterbilt 579,2014,Electric,4.17
F5UD5B3G,Ford F-750,2009,LNG,8.0
IYGP2ZES,Chevrolet Silverado 4500HD,2025,Diesel,1326.36
HF1PW26R,Mercedes Sprinter,2014,LNG,8.53
QJX42MB3,Hyundai XCIENT,2012,Petrol,8.74
FE7EJKNK,BYD 8TT,2016,LNG,12.72
2FZTHLQ1,Arrival Van,2001,Diesel,6.94
' OR '1'='1,Hino 268,2003,CNG,11.9
H1K9QGJY,Kenworth T680,2019,CNG,15.55
921PVHOR,Peterbilt 579,2007,Hybrid,16.92
1RTSXOF3,Western Star 5700XE,2014,Petrol,7.91
1YEVYQBI,Tesla Semi,2021,Diesel,18
79QMQQXC,Tesla Semi,2020,CNG,9.26
C5825DR5,Volvo VNL,2000,Hybrid,11.17
8VC6GDDX,Isuzu NPR,2003,CNG,11.77
SB7BIOI3,Blue Bird All American,2001,Diesel,6.29
GESEKXY9,Peterbilt 579,2026,Hybrid,17.47
OT6IZSAP,BYD 8TT,2013,LNG,8.68
AFT2C4ZW,Freightliner M2,2002,Electric,3.76
OJ5FMW5C,BYD 8TT,2021,Petrol,11.98
T9F9VY,Chevrolet Silverado 4500HD,2009,LNG,10.39
S7GFM9NR,Freightliner M2,2024,LNG,11.07
MDO3XUOV,Mercedes Sprinter,2004,Petrol,16.41
4WDQNZ3W,Model XXXXXXXXXXXXXXXXXXXXXXXXXXXXXXXXXXXXXXXXXXXXXXXXXXXXXXXXXXXXXXXXXXXXXXXXXXXXXXXXXXXXXXXXXXXXXXXXXXXXXXXXXXXXXXXXXXXXXXXXXXXXXXXXXXXXXXXXXXXXXXXXXXXXXXXXXXXXXXXXXXXXXXXXXXXXXXXXXXX,2019,Hybrid,16.26
H5RXZR8M,Ram ProMaster,2014,CNG,12.86
7LKBVXSM,Hyundai XCIENT,2013,Diesel,10.96
M3618LEU,Ram ProMaster,2022,Diesel,11.42
U3G130PE,Freightliner M2,2003,Diesel,6.34
DSEP5WMN,BYD 8TT,2003,CNG,11.65
  957WRJPE  , Blue Bird All American , 2000 , LNG , 11.3 
CPTTQ82Y,Volvo VNL,2008,Diesel,13.37
Z2P6040F,Ram ProMaster,2015,CNG,8.4
ZTMF9ME4,Volvo VNL,2007,Electric,5.5
V4ONQ1EK,Freightliner M2,20/22,LNG,8.45
2J7Q4KFM,Blue Bird All American,2026,Diesel,12.45
2UD9SPP2,Hyundai XCIENT,2020,Diesel,10.97
ONJPI163,Arrival Van,2008,Hybrid,13.42
A4DMS7MC,Freightliner M2,2007,Diesel,8.24
VEMBMYP8,Chevrolet Silverado 4500HD,2010,Petrol,16.65
2OT1EJEZ,Ford F-750,2014,Petrol,8.14
S0TZO8XU,Peterbilt 579,2009,Petrol,10.89
J37HJZ,Kenworth T680,2013,Electric,4.68
IM6GECR9,International LT,2019,LNG,10.55
VZOFV158,Peterbilt 579,2017,CNG,10.94
0D08UT5S,Ford Transit,2000,LNG,8.86
IE19494D,BYD 8TT,2025,Petrol,15.89
57EMX14G,Mercedes Sprinter,2026,Diesel,6.23
UEPFP39D,Western Star 5700XE,,LNG,8.07
DTB0HHZ5,Arrival Van,2005,Diesel,0
22RMXEND,Kenworth T680,2023,Hybrid,21.22
U7S0KDY8,Chevrolet Silverado 4500HD,2013,Hybrid,17.5
RSY13DAJ,Nikola Tre,2007,Electric,3.7
GG50YQL2,Ford F-750,2016,Hybrid,16.91
4561O04J,Volvo VNL,2001,LNG,12.25
QBI4MU4Q,Thomas Saf-T-Liner,2004,LNG,12.93
,Hyundai XCIENT,2001,Diesel,6.82
P1BY6VKX,Blue Bird All American,2020,LNG,9.51
1HGB/225,BYD 8TT,2025,Electric,4.93
LZKCZYH0,BYD 8TT,2002,Diesel,5.59
QXRV170H,Freightliner M2,2025,LNG,8.26
WJY8MGEF,Nikola Tre,2001,LNG,6
ERV4K38N,Arrival Van,2020,Diesel,7.12
OTZFFZQC,Freightliner M2,2021,Hybrid,10.09
XC9T3J15,IC Bus CE Series,2006,CNG,9.19
RZQL0H5Q,Mercedes Sprinter,2001,Electric,3.46
11XRPDRB,Rivian EDV,2002,Hybrid,17.77
969TRJ7O,Western Star 5700XE,2021,LNG,13.06
W7OF7XSX,International LT,2000,LNG,13.56
J62OV6B2,Freightliner M2,2009,Diesel,13.04
UOYSVKEA,Freightliner M2,2020,LNG,11.27
V0IB3840,Ford Transit,2022,Petrol,14.42
0ssbpy3k,Thomas Saf-T-Liner,2020,Petrol,8.7
N/A,Ford Transit,2025,LNG,8.21
EF8QGZBY,Hino 268,2002,Diesel,14.09
AOPOWW2C,Western Star 5700XE,2019,Petrol,15.42
HVTJA6PNTEJRV3W3,Blue Bird All American,2023,LNG,12.02
CE6LKCGF,Arrival Van,2010,Diesel,13.52
EGOHMPRS,Western Star 5700XE,2021,LNG,13.5
J7MCDB17,Nikola Tre,2014,Hydrogen,13.29
WOD31ENB,Volvo VNL,2002,Electric,5.41
337LJKBI,Isuzu NPR,2004,Electric,17.39
6DTECAFV,Thomas Saf-T-Liner,2021,Diesel,13.83
AH0FPSZF,Isuzu NPR,2007,LNG,10.85
BHPA95JE,Mack Anthem,2023,CNG,15.28
222G3XFZ,Hyundai XCIENT,,Electric,4.5
F2HZ4ZOC,International LT,2001,LNG,12.52
TGSIVHXL,Hyundai XCIENT,2018,Diesel,7.23
mm7kb6jn,Thomas Saf-T-Liner,2007,CNG,15.65
W31D6K6Q,Hyundai XCIENT,2013,LNG,10.61
QDFC42VG,Ford F-750,2010,Electric,2.64
BUPCUO7I,Isuzu NPR,2007,CNG,15.13
0V2C4HWS,Volvo VNL,2017,Hybrid,18.63
MHN5O4I4,Western Star 5700XE,2012,Electric,4.35
K8P4Q0B8,Isuzu NPR,2020,Diesel,5.69
zbaswgu6,Kenworth T680,2026,Diesel,9.93
2M2XIPRT,Tesla Semi,2017,Electric,5.37
PTTYZTIE,Nikola Tre,2004,CNG,12.68
N3RBPAOW,Volvo VNL,2005,LNG,12.7
MAJKDPHJ,Freightliner M2,2011,Diesel,9.58
JSE17QUA,Chevrolet Silverado 4500HD,2007,Petrol,15.66
E6PSRB6Y,Hino 268,2016,Electric,5.71
8NJF0PKB,Thomas Saf-T-Liner,2022,LNG,13.16
S8D6PVN1,Ram ProMaster,2018,Petrol,9.96
KA744D18,Hino 268,2006,Electric,4.07
VUVO9GB1,Hyundai XCIENT,2026,Hybrid,10.16
GRM1X1ME,Freightliner M2,2021,Petrol,10.66021811
4O4SNYRD,BYD 8TT 中国,2008,CNG,8.28
RKY8RAQU,Peterbilt 579,2020,Hybrid,11.76
LO8YVZXA,Volvo VNL,2015,Electric,2.94
JIYLQX1U,Blue Bird All American,2022,LNG,13.07
PX0TPBRW,Ford F-750,2002,Electric,4.92
XCF725PJ,Nikola Tre,2015,Electric,4.69
WI6R6L1F,Chevrolet Silverado 4500HD,2003,CNG,10.25
18U3FLDP,Isuzu NPR,2026,Hybrid,20.59
AW,Kenworth T680,2017,LNG,10.44
JLTSJ9OL,Nikola Tré,2024,Hybrid,17.52
DU19ZLNH,Thomas Saf-T-Liner,2017,Electric,"18,07"
CU1W3BQ8,Rivian EDV,2021,CNG,9.53
KJ49YQMI,Hino 268,2018,CNG,8.02
YYYYYYYY,Rivian EDV,2006,Petrol,7.57
3TSAMV0V,Hino 268,2002,Diesel,10.98
A523CC42,IC Bus CE Series,2024,LNG,10.74
A9DLWCBE,Kenworth T680,2023,CNG,8.73
HULQ0BNP,Rivian EDV,2010,Petrol,7.59
4J1OF25S,BYD 8TT,2013,Electric,3.96
00000000,Kenworth T680,2013,Diesel,6.22
1TSV7KVL,Mercedes Sprinter,2024,LNG,8.52
0A94XFRI,Rivian EDV,2013,Electric,3.76
TRFZTHZC,,2011,Hybrid,21.85
Q44DVVPG,Volvo VNL,2007,Electric,5.84
F9W5N9C7,Ford F-750,2013,CNG,11.21
S13VJUXE,Kenworth T680,2020,CNG,9.1
SC6XSGAF,Kenworth T680,2004,Electric,3.87
XNF29KWF,Hino 268,2012,Electric,4.43
60ATH9KP,Freightliner M2,2009,LNG,10.52
H7M35IXO,Hino 268,2002,LNG,13.77
TSD3QCTP,BYD 8TT,2012,Diesel,8.67
2L6OPRKV,Mercedes Sprinter,2008,Hybrid,18.31
026TDOWW,International LT,2023,CNG,8.69
4GB0MUUG,Mack Anthem,2011,CNG,15.41
TG2TMO4O,Kenworth T680,2023,Diesel,9.89
NF81YBM6,Chevrolet Silverado 4500HD,2010,Hybrid,11.09
G3RXOKPI,International LT,2017,Diesel,10.57
BX2VPZPX,Ram ProMaster,2014,Electric,5.75
39UG5XTW,Western Star 5700XE,2021,Electric,5.1
GJVXJZTL,BYD 8TT,2018,LNG,8.45
VE22EM9M,Isuzu NPR,2019,CNG,13.84
G1U858YT,Hino 268,2025,LNG,7.36
FSVVSGS1,Western Star 5700XE,2008,Diesel,11.34
Y1VO4WQX,Hino 268,2001,Petrol,6.34
ATOMFFK4,Hyundai XCIENT,2009,CNG,9.28
BQJW3E1A,Tesla Semi,2002,CNG,11.28
N/A,International LT,2005,Hybrid,10.83
O3FO22ZJ,Ford Transit,2015,Hybrid,17.28
6ZEBCVF6,Mack Anthem,2003,Hybrid,14.82
G3MXAG8A,Thomas Saf-T-Liner,2043,Hybrid,20.23
EFFH8AOY,Mack Anthem,2015,Petrol,10.16
6KF4I9Z7,Arrival Van,2007,LNG,8.11
F5L25R1O,Isuzu NPR,2002,Electric,5.46
2ZXL7KO6,Tesla Semi,2006,CNG,15.16
K3RE8HCX,Western Star 5700XE,2007,Petrol,9.84
70CHQI01,Thomas Saf-T-Liner,2013,Diesel,8.19
IN6P4GBX,Arrival Van,2017,LNG,7.47
1adarzy1,Mercedes Sprinter,2018,LNG,10.94
NQZVA1KD,Tesla Semi,2012,Electric,22.61
8LZ8CV2A,Nikola Tre,2013,LNG,13.94
TJBBQ4OX,BYD 8TT,2006,LNG,13.77
URUIF70D,Ford Transit,2011,CNG,11.9
H4AH5KTA,Ford Transit,2022,Diesel,10.28
E83SNOU7,"Freightliner M2, Heavy Duty",2019,Hybrid,15.5
LTD3YG35,Freightliner M2,2025,Diesel,13.02
FAHV5T3V,Ford Transit,2011,CNG,14.93
NTKMMA7Q,Mack Anthem,2013,Diesel,10.14
N0JXPPU8,Freightliner M2,2021,Hybrid,21.07
LA12N4A,Hyundai XCIENT,2011,Petrol,13.14
IQFG7TTN,Mack Anthem,2006,CNG,14.77
2UNZVZ8A,Mack Anthem,2025,CNG,14.52
8S1KYJ4V,Ford F-750,2015,Petrol,15.34
GE0UTX7R,BYD 8TT,2003,Diesel,9.25
TZOYTN73,Thomas Saf-T-Liner,2007,Petrol,10.53
GMNHIE9E,Peterbilt 579,2016,CNG,9.09
24TIGF3F,Ford F-750,-173,CNG,14.12
F82F17PV,Mack Anthem,2021,CNG,0
3X1OFPYM,Chevrolet Silverado 4500HD,2006,Petrol,9.41
GCZ4KSS2,Kenworth T680,2025,Electric,5.33
DBNL7NFP,Peterbilt 579,2004,Electric,5.53
0BTA09RU,Mercedes Sprinter,2001,Diesel,11.88
RHGR8CP1,Arrival Van,2005,Diesel,14.66
MRUXVT3O,Thomas Saf-T-Liner,2000,CNG,11.75
XQNATAVL,Hino 268,2004,CNG,11.38
0YE90LP4,Rivian EDV,2018,LNG,9.05
9SRUCEUB,Chevrolet Silverado 4500HD,2014,Diesel,10.97
AMWZW8H4,Hyundai XCIENT,2000,Electric,3.65
S3XFM53V,IC Bus CE Series,2008,CNG,12
28AB5KQ0,Ford F-750,2018,Hybrid,19.2
7S34876K,Mack Anthem,2005,Petrol,15.09
D4TQG1Z2,Isuzu NPR,2000,LNG,8.36
AZPOO8A8,IC Bus CE Series,2021,Electric,5.53
UY5LV92B,Peterbilt 579,2019,Diesel,6.35
QI0XEJ01,Ford F-750,2014,Diesel,17
QEBWUWQH,Peterbilt 579,2021,Petrol,10.58
OPRBTOUX,International LT,2001,Hybrid,14.63
3M19QEMD,Kenworth T680,2024,Hybrid,20.41
9AX5ZWF6,Ford F-750,2008,LNG,8.71
2U33FNSG,Arrival Van,2012,Diesel,8.09
O0KXI49D,Freightliner M2,2005,LNG,7.5
TXZA43HO,Chevrolet Silverado 4500HD,2003,Petrol,7.06
OUBOFKTY,Nikola Tre,2015,Diesel,8.16
5YTY4FY8,Hyundai XCIENT,2015,Hybrid,-15.24
97ORP8QA,Chevrolet Silverado 4500HD,2026,LNG,12.55
IRQBCWDO,Nikola Tre,2023,Electric,-4.07
9UHEXD63,Ford F-750,2021,Hybrid,20.79
AW7LW580,Arrival Van,2014,LNG,8.63
XFYJUQJB,Ford F-750,2011,LNG,NULL
DXF3L7JN,Volvo VNL,2006,Hybrid,17.99
S4P845WR,Arrival Van,2018,Diesel,9.29
SA11CZG5,Arrival Van,2004,Electric,3.85
77o3b935,Mercedes Sprinter,2012,LNG,10.09
K19DCL,Thomas Saf-T-Liner,2000,LNG,11.33
OX9R00JR,Chevrolet Silverado 4500HD,2009,Hybrid,18.94
68NTK63N,Ram ProMaster,2014,Diesel,9.87
MXFNTNA5,Freightliner M2,2015,Petrol,15.52
MMMMMMMM,IC Bus CE Series,2018,Hybrid,12.24
N/A,Tesla Semi,2003,LNG,10.74
SYW05ITJ,Chevrolet Silverado 4500HD,2000,Petrol,11.2
EVNVMMKV,Kenworth T680,2023,CNG,15.44
UM330BOQ,Volvo VNL,2014,CNG,14.32
GRX6A990,Volvo VNL,2012,Diesel,10.02
BHYZ1OV5,BYD 8TT,2011,CNG,13.16
R9B8O0XU,Chevrolet Silverado 4500HD,2019,Diesel,13.14
70P2LR52,Western Star 5700XE,2025,Hybrid,16.85
OKVNCA1P,Hino 268,2026,LNG,10.41
AW7JL1ZVI8JL8,Volvo VNL,2017,Hybrid,18.36
YKTMJ1EU,Mercedes Sprinter,2004,LNG,9.87
NPHM6B7J,Peterbilt 579,2024,Diesel,12.91
NYNG5FM8,Ram ProMaster,2019,Diesel,5.46
WJ8B01LP,IC Bus CE Series,2025,CNG,14.46
QD7IX5NX,Thomas Saf-T-Liner,2003,Petrol,13.79
RKHGBAMM,BYD 8TT,2011,Electric,3.68
0CORUH2I,Hino 268,2004,Hybrid,17.37
YZALO45E,Ford Transit,2008,Hybrid,14.6
VG8ON5EQ,Kenworth T680,2011,Hybrid,10.34
Z1C5MNJO,Ram ProMaster,2015,Hybrid,17.43
FC5EDIR5,Tesla Semi,2021,LNG,12.87
VB3J41Y2,Hyundai XCIENT,2007,Electric,5.62
1NMT3ZWW,Volvo VNL,2010,Electric,3.03
00M6Z3VS,Western Star 5700XE,2026,Hybrid,0
P8HKAZQL,Chevrolet Silverado 4500HD,2025,Diesel,5.3
UN88W2UG,Freightliner M2,2032,CNG,9.47
G4IN18U0,Kenworth T680,2021,LNG,10.6
P03KSGSR,Freightliner M2,2015,Diesel,14.12
NN75JFM6,Freightliner M2,2013,Hybrid,12.67
H5M,Ram ProMaster,2019,Diesel,7.15
0A50LTTE,Kenworth T680,2019,Diesel,9.74
3M746WBT,Tesla Semi,2012,Petrol,6.43
ALNGL8TV,International LT,2007,CNG,12.51
TNOXUH9J,Hino 268,2009,Electric,1043.06
S9GN02LY,IC Bus CE Series,2012,Petrol,7.84
3WKWMS6F,Kenworth T680,2005,LNG,13.05
2GGQ73JW,Freightliner M2,2000,Diesel,0
MRFEL8FU,Arrival Van,2012,LNG,7.25
IJIKOXSK,IC Bus CE Series,2003,LNG,13.46
J0I6MQAM,Hino 268,2020,Electric,inf
C97K8341,Nikola Tre,2008,Petrol,16.08
B69DJ5PI,Freightliner M2,2008,CNG,15
VDT16LXW,Peterbilt 579,2006,LNG,7.04
POWJW66Y,Blue Bird All American,2007,Diesel,9.7
752A97PN,International LT,2015,Petrol,8.77
4OIQA3TA,Volvo VNL,2009,Diesel,7.11
YFPMVXPJ,Ford F-750,2006,Petrol,17.99
Y2L1JR2K,Arrival Van,2025,Hybrid,12.51
DF272X6O,Western Star 5700XE,2000,Petrol,20
BA0ZYE8N,International LT,2011,Electric,5.34
2TUNF3OB,Kenworth T680,2000,Diesel,10.62
DC4UVUW3,Mercedes Sprinter,2013,Hybrid,16.94
PZL99UJ6,Ram ProMaster,2019,Electric,2.6
C0NBH70R,Rivian EDV,2012,Electric,3.29
KG96QXA2,Hyundai XCIENT,2013,CNG,10.41
  DTJ7XCGF  , Thomas Saf-T-Liner , 2026 , Diesel , 6.05 
S7FX2ILC,Thomas Saf-T-Liner,2020,CNG,11.09
AK55ZX6B,Ford Transit,2022,Diesel,7.97
EOXKJ97I,Ford F-750,2000,Diesel,9.92
40XK3036,Blue Bird All American,2024,Electric,5.35
7I6YXV2M,Peterbilt 579,2002,LNG,9.86
T5XRPTPK,Thomas Saf-T-Liner,2025,Diesel,-16.98
QOAGSUSM,Peterbilt 579,2025,LNG,10.59
ICH77WRM,Blue Bird All American,2000,Petrol,15.51
2RWGWAJ1,International LT,2018,LNG,12.35
1RN22R7B,Thomas Saf-T-Liner,2005,Diesel,7.66
32X0DVNP,Peterbilt 579,2013,CNG,12.63
CPPOCBDM,Ford Transit,2006,Hybrid,19.8
QZUKOYWF,Volvo VNL,2007,Hybrid,16.14
CM97D6GD,Volvo VNL,2013,LNG,10.93
GVOHH0XM,Rivian EDV,2011,LNG,9.96
V6N0AYPI,Volvo VNL,2010,Hybrid,-6.35
FFFFFFFF,Volvo VNL,2000,CNG,13.37
7920F1P0,Ram ProMaster,2023,Hybrid,-inf
IZ74RDPU,Arrival Van,2007,CNG,14.07
DRIF3ZON,Ram ProMaster,2006,Hybrid,21.87
FTJBQV7M,"Volvo
VNL",2015,Petrol,15.88
6IJQADH9,International LT,2023,Petrol,6.17
TJBLQ61M,Ram ProMaster,2026,Diesel,12.73
838B5IH7,Ford F-750,2026,Hybrid,17.11
CFG7P4C3,Mercedes Sprinter,2009,Diesel,5.16
6T8KNZK6,Ford F-750,2010,Petrol,6.75
HX3NE0ZB,Rivian EDV,,Diesel,10.29
G0ZV1RBP,NULL,2019,LNG,12.04
1HGB	225,Hino 268,2003,CNG,14.2
1HGB/225,Hino 268,2017,CNG,15.27
XF5THA2Z,BYD 8TT,2002,LNG,10.12
U0D7FSG0,Tesla Semi,2009,Diesel,14.68
VW3KVESU,Volvo VNL,2017,Diesel,9.9
4ZYK2PBC,Hino 268,2005,Petrol,12.74
IJEJMS73,Kenworth T680,2020,Diesel,12.37
ZZOUV614,Rivian EDV,2017,Petrol,14.72
  MTW9YX42  , International LT , 2007 , Petrol , 9.91 
nxzdksej,Arrival Van,2013,Petrol,15.93
TCE9SB5M,Volvo VNL,2000,Electric,5.01
006IWP0E,IC Bus CE Series,2002,LNG,12.42
GXAXXEC7,Isuzu NPR,2026,Diesel,10.4
S7AUIGJD,Thomas Saf-T-Liner,2021,Hybrid,11.76
FKP8URJD,Blue Bird All American,2020,CNG,14.77
7TBH6GO7,Mack Anthem,2001,LNG,13.01
UPQTRW09,"Freightliner M2, Heavy Duty",2015,Electric,5.67
O7BHOKD1,Ford Transit,2014,CNG,8.88
HRAFB55Z,Mack Anthem,2007,CNG,11.19
BP8B1VFO,International LT,2005,CNG,13.86
LH9P89FK,Volvo VNL,2007,Hybrid,20.77
4Y2MGBNC,Thomas Saf-T-Liner,2019,CNG,11.81
ZXOZWWBD,IC Bus CE Series,2016,Hybrid,12.35
ENWMLJ0Z,Rivian EDV,2025,Diesel,-Infinity
YP6E9KGY,Tesla Semi,2020,Hybrid,17.38
  Z6VOVBPW  , Kenworth T680 , 2008 , CNG , 9.16 
3ov5y3bd,Volvo VNL,2019,Diesel,14.41
OTS98IZ3,Nikola Tre,2007,Diesel,14.55
JJCHT8LH,Hino 268,2016,Diesel,12.51
7WONB7XC,1395,2022,Hybrid,10.3
NE1D6ZNA,Blue Bird All American,2023,Diesel,12.66
Y7MXA8A2,Kenworth T680,2019,Diesel,10.22
3F2F3HYC,Thomas Saf-T-Liner,2003,Hybrid,21.89
DH2KKI2B,Volvo VNL,2006,CNG,13.0
N/A,Hyundai XCIENT,2024,Hybrid,13.03
EOX3AKV6,Freightliner M2,2022,Hybrid,13.74
48NYSJ5Y,BYD 8TT,2020,Electric,2.7
5U2486D4,Isuzu NPR,2009,Electric,5.23
MMMMMMMM,Thomas Saf-T-Liner,2007,Diesel,7.38
,Peterbilt 579,2010,LNG,9.07
NGO4XMGA,Rivian EDV,2010,Petrol,nan
KJG8JO2V,Mercedes Sprinter,2017,LNG,7.58
OPTFOWZG,Nikola Tre,2024,Diesel,8.83
U5DSJNCT,International LT,2010,Hybrid,16.47
X2BK26BO,Arrival Van,2019,Diesel,14.91
VWTF9AZJ,Mack Anthem,2020,Petrol,16.46
  PU0T0M96  , Ford F-750 , 2022 , CNG , 13.95 
N0DSG2QF,Thomas Saf-T-Liner,2026,Hybrid,14.94
T1AFDTOH,Ford Transit,2021,Hybrid,14.52
S604CKOY,Thomas Saf-T-Liner,2015,Hybrid,14.89
SFU0V9L1,Ford Transit,2008,Hybrid,20.84
JFW8WU3J,IC Bus CE Series,2009,Hybrid,10.67
ROCZQ1FZ,Hyundai XCIENT,2014,Electric,3.03
WQAODZ8M,Peterbilt 579,2001,CNG,11.95
JNPAXXHZ,Rivian EDV,2020,LNG,9.44
MOXJCBX9,Peterbilt 579,2012,CNG,13.0
KL3ER9OM,Tesla Semi,2013,CNG,12.19
8A7PJS9B,Kenworth T680,2023,Electric,4.39
IKEL1V80,Isuzu NPR,NULL,CNG,12.13
6BUWNBB2,Model XXXXXXXXXXXXXXXXXXXXXXXXXXXXXXXXXXXXXXXXXXXXXXXXXXXXXXXXXXXXXXXXXXXXXXXXXXXXXXXXXXXXXXXXXXXXXXXXXXXXXXXXXXXXXXXXXXXXXXXXXXXXXXXXXXXXXXXXXXXXXXXXXXXXXXXXXXXXXXXXXXXXXXXXXXXXXXXXXXXXXXXXXXXXXXXXXX,2010,CNG,9.41
F05VWOP4,Arrival Van,2000,Petrol,12.74
SCRV3HON,Isuzu NPR,2012,LNG,11.56
9HBPIW4T,BYD 8TT,2002,lng,17.53
,Mack Anthem,2017,Hybrid,20.18
NOXYPCZ8,Tesla Semi,2003,CNG,8.51
T0VZKZDN,Kenworth T680,2008,ELECTRIC,18.39
Q5P52DWH,Rivian EDV,2000,Petrol,11.9
0ORVXBPR,International LT,2003,CNG,12.63
VAA39GM2,Hino 268,2005,Electric,3.87
73QW522H,Ford Transit,2007,Hybrid,21.89
MGPSSEWJ,Peterbilt 579,N/A,Petrol,10.0
IKFM35VJ,Ram ProMaster,2014,LNG,12.26
8WB8P8HN,Freightliner M2,2015,Petrol,9.84
  UN3OCYAP  , Hyundai XCIENT , 2013 , Hybrid , 10.8 
49II3GT6,Hyundai XCIENT,2022,Hybrid,12.49
ZJ9ZMG9L,Arrival Van,2011,Electric,3.75
J5BNFORP,Blue Bird All American,2019,Diesel,8.94
8SY7P1ZS,Kenworth T680,2002,Diesel,8.38
AELYYZZ0,Hino 268,2002,CNG,8.76
K2U4AVPM,Arrival Van,2018,CNG,14.98
4C9LI03G,Peterbilt 579,2016,Petrol,8.81
S0KCW8Q6,Hino 268,2002,Hybrid,16.92
,,,,
D740988Y,Peterbilt 579,2009,Hybrid,15.58
IHCGU93S,Ford Transit,2025,Hybrid,16.5
EXWPR2MR,Kenworth T680,2014,Hybrid,20.82
7S9BU1DG,Mack Anthem,2002,LNG,8.82
T0KG6UMH,Western Star 5700XE,2022,Petrol,6.41
81ZBW3YD,IC Bus CE Series,2020,CNG,9.12
V1UC8EAN,Ford Transit,2014,LNG,12.3
RQJ6FF4Y,Mack Anthem,2020,CNG,8.86
AA2TBABA,Kenworth T680,2010,Petrol,8.96
5i9hjb2d,IC Bus CE Series,2009,CNG,10.18
Q8N8077X,Freightliner M2,2017,LNG,11.13
0UC87NXP,Hyundai XCIENT,2008,Electric,3.0
' OR '1'='1,Freightliner M2,2007,Hybrid,11.88
Y7ZJC7R1,Mercedes Sprinter,2000,LNG,9.77
FRCKQH3E,Ford Transit,2009,Hybrid,10.06
YKZ1GWJI,Blue Bird All American,2020,Diesel,8.81
IUNIDI40,Hino 268,2023,Hybrid,20.5
ajb9klem,Kenworth T680,2005,Petrol,6.96
4FV0UKX5,Kenworth T680,2019,Hybrid,18.38
EIRHRLNF,Freightliner M2,2012,CNG,9.46
SJ2JGWMZ,Blue Bird All American,2010,CNG,14.71
BGTWXSAB,Blue Bird All American,2001,3,12.55
FPS4V32P,Ford Transit,2025,Hybrid,18.74
MH78DIQK,IC Bus CE Series,2002,Diesel,9.31
YWK2RWBO,Kenworth T680,2018,3,17.89
JL86FZ47,Freightliner M2,2015,LNG,13.95
JUQBL3O1C74FW,Volvo VNL,2006,CNG,8.24
2AJBJ19U,Volvo VNL,2008,CNG,14.59
A0FNZ28Q,BYD 8TT,2007,Hybrid,13.31
K179YIXM,Western Star 5700XE,2019,Petrol,13.01
S8F093FL,International LT,2004,Petrol,13.67
9EMT0AZ4,Western Star 5700XE,2002,CNG,9.04
PLMVK5SG,Kenworth T680,2016,Hybrid,16.2
KWIYL1CF,"Freightliner M2, Heavy Duty",2002,CNG,9.5
A0KAH6UK,BYD 8TT,2018,CNG,15.52
QL208PRN,International LT,2013,Petrol,14.05
NJEW273T,Nikola Tre,2020,LNG,12.46
ZF234N36,Mack Anthem,2022,LNG,10.72
76T49O7D,Chevrolet Silverado 4500HD,2008,Electric,3.03
380UKBH3,International LT,2026,Electric,3.51
MP7YC8S5,Arrival Van,2026,Electric,2.93
   ,	, ,  , 
XKH7YDH9,Rivian EDV,2010,Electric,3.66
2E3UT67F,Isuzu NPR,2019,Electric,3.69
WOFKF07K,BYD 8TT,2018,Petrol,10.47
3U93A375,Hino 268,2005,Petrol,7.96
8WRZBFNZ,Ford Transit,2001,LNG,7.83
BMQW8EVR,Volvo VNL,2019,CNG,13.86
W6XXXREA,Hyundai XCIENT,2022,Petrol,17.32
E9SYXAHU,BYD 8TT,2023,Electric,4.45
8230LWF9,Ram ProMaster,2007,Petrol,15.7
41,Western Star 5700XE,2005,LNG,10.12
R9RAPPFS,Isuzu NPR,2021,Petrol,13.09
PVAIHALF,,2005,CNG,12.4
BKUPCAXP,Freightliner M2,2004,Petrol,6.76
XE7LV2UP,Blue Bird All American,2009,Petrol,14.59
0UR5L8A7,Peterbilt 579,2023,Electric,6.0
8QSZRX0Z,Mack Anthem,2026,Petrol,10.77
BGJM5CGH,Thomas Saf-T-Liner,NULL,LNG,13.39
JJJJJJJJ,Western Star 5700XE,2002,CNG,12.22
PPVBQANX,Rivian EDV,2025,LNG,9.31
57CPLEXA,Rivian EDV,2007,Petrol,10.62
CLQ7DAEE,Nikola Tre,2026,Hybrid,21.09
A6LXVHY8,Western Star 5700XE,2012,LNG,12.39
4AQC7OZG,Volvo VNL,2016,Petrol,6.35
X4Q1QA95,Hyundai XCIENT,2022,Petrol,14.71
5G5FJD5M,Volvo VNL,2004,Electric,3.34
VBCH0Z31,BYD 8TT,2007,DIESEL,23.71
KUPFKQWD,Nikola Tre,2002,CNG,11.43
VTPSBDFD,Volvo VNL,2011, CNG,3.29
FDY3FZZJ,Isuzu NPR,2016,LNG,-7.86
E72G528G,Ford Transit,2020,Electric,3.33
65LEJ7SR,Arrival Van,2014,Electric,5.38
KAU1AXV5,International LT,2023,Diesel,11.75
F4DQWML7,IC Bus CE Series,2009,Hybrid,20.95
7J47SSNF,Blue Bird All American,2011,Petrol,11.83
DBQKVHL0,Freightliner M2,2021,Hybrid,12.63
R25MDF7F,Ford Transit,2024,LNG,13.96
YSWRB8KEAJ,Rivian EDV,2014,Diesel,14.24
3HKFIC4J,Ford Transit,2017,Hybrid,16.09
GDOR8Y05,Mack Anthem,2000,CNG,14.09
WHL6TMTN,International LT,2023,CNG,14.71
,,,,
43MVKPO4,Peterbilt 579,2018,Electric,5.74
OQSMTJ8G,Nikola Tre,2022,CNG,8.41
YJE4GWXJ,International LT,2020,Hybrid,14.13
IIAZNXKG,Ram ProMaster,2010,Petrol,17.17
C7XM3I5W,Chevrolet Silverado 4500HD,2007,Electric,5.33
U6ZZXXDU,Blue Bird All American,2003,Hybrid,19.89
VDMMIT7K,Ford F-750,2003,Electric,3.36
4P59P9LS,Ram ProMaster,2004,CNG,15.98
N/A,Hino 268,2013,Petrol,14.58
I6QGCMRR,Ford F-750,2026,Diesel,5.06
8LEFX70H,Kenworth T680,2001,Diesel,6.54
X4NTQVNM,Peterbilt 579,2015,Diesel,14.52
VK94CL4O,Tesla Semi,2003,Electric,3.12
RWN4OOAX,Isuzu NPR,2000,Hybrid,12.55
7AX4BAOD,Arrival Van,2025,LNG,10.63
5X2E8NC9,Rivian EDV,2007,Petrol,8.63
IZN078IK,Hino 268,2007,Electric,4.31
G8SNM7V4,Ford Transit,2025,Hybrid,19.49
MFMHLVSY,Mack Anthem,2009,Electric,5.53
MXMJ79J7,Western Star 5700XE,2010,Hybrid,10.53
GXRCQQ2Q,Ford Transit,2024,CNG,12.16
A62JNQU2,Ram ProMaster,2013,LNG,0
VO0C182X,Western Star 5700XE,2007,LNG,11.54
WTKPIFN4,Mack Anthem,2008,CNG,9.63
OZRB7EYB,Isuzu NPR,2020,LNG,11.98
CZ42NBHO,Hyundai XCIENT,2004,CNG,10.75
TIVEH8VF,Blue Bird All American,2005,LNG,10.17
ALPU3V4W,BYD 8TT,2007,Hybrid,18.31
UV4JA2UM,Mercedes Sprinter,2026,LNG,10.9
29D2FF5L,Volvo VNL,2004,CNG,12.09
WHQMN7D9,Volvo VNL,2025,Electric,5.36
SBK426E3,Volvo VNL,2018,LNG,8.3
FT07X5IC,Nikola Tre,2019,CNG,13.62
NFQV2174,Thomas Saf-T-Liner,2022,Electric,3.4
87ZF1A79,IC Bus CE Series,2005,Hybrid,14.18
DK9ODLFS,Tesla Semi,2003,Electric,3.65
PUK6CMWS,Western Star 5700XE,2015,LNG,12.06
AW54OQLF,Hino 268,2012,Hybrid,21.49
PEL03XXK,Hino 268,2021,Hybrid,14.21
8TG7LA9S,     ,2019,Hybrid,20.85
NJHA6DZB,Arrival Van,2023,Electric,3.18
N0QOHP7J,Blue Bird All American,2022,Diesel,11.19
1BOCHTCX,Ford Transit,2007,Hybrid,18.02
SMHLDKBN,Ford Transit,2009,CNG,9.85
3XN2SU24,Freightliner M2,2015,Diesel,11.84
4TS2D3P6,Blue Bird All American,2022,Petrol,14.6
PXV5VOKN,"Freightliner M2, Heavy Duty",2012,Hybrid,18.75
ODEWYB40,Tesla Semi,2025,Electric,4.41
ELYYU829,Nikola Tre,2022,LNG,11.07
3TAYB5BB,Ford F-750,2002,Petrol,9.16
JTD8JGQ1,     ,2021,Petrol,17.99
Y3IW6VGK,Ford Transit,2022,Hybrid,18.32
A42IXYMR,Chevrolet Silverado 4500HD,2023,Diesel,14.94
WKNWNQT2,Ford F-750,2019,Diesel,12.98
775USS8F,Mack Anthem,2022,CNG,13.32
3923BJEH,International LT,2017,LNG,13.87
RBIRIQTK,Arrival Van,2002,Hybrid,19.05
8KLLHBPB,4237,2010,Hybrid,21.06
E8E5TNLZ,Tesla Semi,2000,Electric,4.7
WWSHH8DD,BYD 8TT,2018,LNG,6011.02
KO1SY7S1,Volvo VNL,2025,Electric,5.95
BUJDS0SP,Rivian EDV,2008,Petrol,8.45
KS978BX5,Mack Anthem,2012,CNG,14.55
IPSY0LJ2,International LT,2026,LNG,8.54
NEXFD90L,Thomas Saf-T-Liner,2001,Electric,3.64
ZG8GW6LK,Isuzu NPR,2001,Petrol,11.53
BMJB1MW0,Freightliner M2,2026,Hybrid,15.51
EDW3T6U5,Ram ProMaster,2026,Diesel,13.32
KQLVLLF9,Mack Anthem,2018,Petrol,6.68
DCBHHLK3,Arrival Van,2008,LNG,8.33
61IIAGY9,Mack Anthem,2002,Diesel,11.68
MZAP796I,Mercedes Sprinter,2025,Petrol,11.21
X8W1QXSR,Volvo VNL,2008,Diesel,6.81
FBRAEZCM,Mercedes Sprinter,2000,Petrol,9.87
TTLLGSQ0,Mercedes Sprinter,2005,CNG,11.7
VFHD7WG1,Isuzu NPR,2016,Petrol,15.37
9KW1AAKN,Kenworth T680,2011,Hybrid,14.31
9LAOLBFB,Mack Anthém,2025,Petrol,13.37
5B8Y21J1,NULL,2014,Hybrid,21.04
1JHFVLUX,Mercedes Sprinter,2004,Diesel,13.43
9XRDT1N0,Blue Bird All American,2000,CNG,11.87
EC41RN9U,Mercedes Sprinter,2025,LNG,13.45
2E8BZ4,Mercedes Sprinter,2003,LNG,11.86
3L89VHZH,Kenworth T680,2002,Hybrid,14.11
98CQK4LT,Freightliner M2,2011,Electric,3.2
32YNVO8M,Chevrolet Silverado 4500HD,2003,Diesel,6.47
OQZLA9IC,Thomas Saf-T-Liner,NULL,CNG,11.12
OY44TFW0,Rivian EDV,2004,Electric,3.79
346ZSSJN,Hino 268,2024,CNG,15.72
EJPAGWCI,Thomas Saf-T-Liner,2008,Petrol,3
RW7CTXDH,Tesla Semi,2026,Hybrid,17.21
U9435O1L,Hino 268,2020,Electric,4.7
YOLY0C4Z,Volvo VNL,2004,LNG,N/A
J3MNHTZQ,Tesla Semi,2017,Hybrid,13.13
D8ECDNNI,International LT,2022,LNG,13.13
5UVLYABZ,Blue Bird All American,2024,Hybrid,19.8
I72YCNR9,Western Star 5700XE,2000,CNG,11.07
C48LREHL,Arrival Van,2015,Hybrid,15.36
549SNJ1V,Rivian EDV,2013,LNG,7.29
07E7OHZ9,Mercedes Sprinter,2024,Diesel,12.63
4FQCOOTN,Hino 268,2006,Petrol,9.96
3A5F1U6S,BYD 8TT,2011,Petrol,13.31
8AIC1PFS,Volvo VNL,N/A,Electric,4.68
5I4RZPCD,Hino 268,2026,Electric,5.03
MHOZT3K2,Nikola Tre,2024,Electric,
SAULMPCV,Ram ProMaster,2082,LNG,10.96
NOT8SIS9,Mercedes Sprinter,2021,Hybrid,19.43
HHFJHN4T,Ford Transit,2005,Hybrid,12.18
AUZIPGYF,Isuzu NPR,2019,LNG,8.69
S1F9WX95,Arrival Van,2021,LNG,9.51
LICNCW6Q,Mercedes Sprinter,2005,Hybrid,16.66
BEGK9R6G,Freightliner M2,2003,Hybrid,18.11
2Z9UVN0T,Blue Bird All American,2005,CNG,14.78
52DE05DL,Tesla Semi,2003,CNG,11.21
PNGMZYZC,Blue Bird All American,2011,Petrol,17.64
XLR8U6PX,Thomas Saf-T-Liner,2003,Hybrid,13.23
3F3VEUD9,Chevrolet Silverado 4500HD,2025,Diesel,10.96
317MM6DN,Peterbilt 579,2000,CNG,NULL
3YD6O8DC,Ford Transit,2001,Diesel,6.02
E6V5NIDD,IC Bus CE Series,2011,CNG,14.63
N795UAEU,Ram ProMaster,2009,Electric,4.28
I0JQWL1O,BYD 8TT,2025,Petrol,14.58
6Q5WKN7E,Peterbilt 579,2007,Hybrid,
RR2GSO8N,Freightliner M2,2011,Diesel,11.88
I7C9WTRX,BYD 8TT,2002,Diesel,7.47
2MA63T2J,"Freightliner M2, Heavy Duty",2020,Diesel,11.09
MQGY27VY,Chevrolet Silverado 4500HD,2003,Petrol,8.86
5M92NL6W,Chevrolet Silverado 4500HD,2022,LNG,11.63
XT4TS463,Kenworth T680,2025,CNG,10.71
l3ngzorx,Nikola Tre,2022,CNG,11.04
6PY06FTL,IC Bus CE Series,2019,Hybrid,20.09
5QI0XAED,Mack Anthém,2020,LNG,13.25
0YV8ZLNL,Arrival Van,2016,Diesel,11.14
Q59H2E02,Thomas Saf-T-Liner,2002,Hybrid,11.39
KS02W22E,Blue Bird All American,2025,LNG,11.99
GXSKOUZX,IC Bus CE Series,2002,Diesel,8.14
JU9JKMNP,Mercedes Sprinter,2010,Electric,3.25
MQ6GXLUN,Tesla Semi,2018,LNG,8.17
RGN74F9Y,Mack Anthem,2000,LNG,7.5
PVARKCPW,Ram ProMaster,2005,Petrol,8.99
VOVLJEP9,Isuzu NPR,2008,Petrol,17.64
AZYW6WEY,Nikola Tre,2009,Electric,3.97
D19YJQHI,Rivian EDV,2023,CNG,8.55
YI,Ford Transit,2024,Electric,3.05
XGHU9IVL,Arrival Van,2019,CNG,15.26
II8677YE,Arrival Van,2024,Hybrid,6729.06
05FPIE8B,Blue Bird All American,2012,EV,13.03
7DYVGDGF,BYD 8TT,2010,Petrol,17.25
T2EE5RZF,Ford F-750,2008,Petrol,16.14
YHXELG3E,Tesla Semi,2011,Diesel,15
4T97WTWX,Nikola Tre,2025,CNG,14.57
NE87VA,Kenworth T680,2011,Diesel,5.11
20RNZ3EF,Kenworth T680,2017,Electric,3.31
59TWUYSC,Kenworth T680,2026,LNG,9.59
YX0MFV82,Ford F-750,2012,Petrol,8
AAFFSDUC,Ford F-750,2003,Diesel,7.28
QAU88QNQ,Thomas Saf-T-Liner,2004,Petrol,8.79
,Arrival Van,2001,Hybrid,18.51
OW5DRHLM,Thomas Saf-T-Liner,2007,Electric,3.83
9CP74IQY,Ford F-750,2021,LNG,9.97
X1KMX5ZL,Arrival Van,2019,CNG,13.91
KW8EO6F4,Rivian EDV,2002,LNG,9.87
C8RL2H7R,Peterbilt 579,2023,Electric,3.52
HWKNP8B9,International LT,2011,LNG,7.59
1R0KF6VH,Arrival Van,2006,Hybrid,18.74
SOHLYBBS,Western Star 5700XE,2020,Hybrid,14.1
TAMNON1I,Hyundai XCIENT,2016,Petrol,14.65
WZC4XL99,Ram ProMaster,2001,CNG,9.84
7UVWEV1Z,Rivian EDV,2017,Diesel,6.96
2YQNNZ1I,Ford F-750,2020,LNG,11.93
00000000,Ford Transit,2006,Diesel,13.46
9LG3U57V,Hyundai XCIENT,2018,Hybrid,11.0
DO1R716K,Tesla Semi,2005,Diesel,11.88
VLJPW7M9,     ,2022,CNG,13.42
YY3233UX,Thomas Saf-T-Liner,2019,CNG,10.4620687155
NTMNLKDV,"Freightliner M2, Heavy Duty",2015,Petrol,14.21
GDXQ4WBG,Arrival Van,2017,CNG,13.94
OKT6E5M9,Arrival Van,2003,Hybrid,21.93
NAWVMFHD,Tesla Semi,1935,Diesel,12.6
LOCM295W,International LT,2011,Petrol,12.15
VZP4YXHG,Mercedes Sprinter,2002,LNG,11.87
IBU4FMPK,Arrival Van,2020,Petrol,13.2
I79XEG2Y,Isuzu NPR,2025,Hybrid,11.11
XYEF9SH1,BYD 8TT,2020,Petrol,9.05
7E8Q4TUH,Hyundai XCIENT,2007,Hybrid,21.19
,International LT,2007,CNG,9.53
KKKS30AP,Volvo VNL,2008,Hybrid,21.15
1HMYV254,Arrival Van,2023,Diesel,8.82
UD0CTY1C,Peterbilt 579,2026,Diesel,9.95
KPC1STDU,Rivian EDV,2019,Electric,2.54
TIQIWQUL,Ford F-750,2000,Petrol,8.92
HDRIAHOI,BYD 8TT,2025,Hybrid,17.78
2WNPQF4E,International LT,2013,LNG,11.77
QYRVPV2U,Western Star 5700XE,2001,Electric,2.67
3ZZNI44J,Peterbilt 579,2009,CNG,9.73
URP6FRR3,Hino 268,2012,CNG,11.44
HIST6FMF,Blue Bird All American,2022,CNG,9.98
Q4UEK4KB,Blue Bird All American,2009,Electric,15.94
R9LKFMHU,Mack Anthem,2010.9,Petrol,10.62
JWQDIRU0,Rivian EDV,2004,LNG,8.75
MUD48OH9,Kenworth T680,2012,CNG,11.7
LQSYGMZT,Isuzu NPR,2005,Petrol,8.38
Z4UX8BVR,Nikola Tre,2000,diesel,6.08
CBT3ZTMB,Thomas Saf-T-Liner,2025,Petrol,10.47
R2LWKMSN,Mack Anthem,2019,Hybrid,18.89
HKK7QG24,Peterbilt 579,2004,Electric,4.34
FRAF45UO,Isuzu NPR,2019,Electric,5.82
24CSL3KW,BYD 8TT,2013,Diesel,13
EE9N611M,Volvo VNL,2000,Hybrid,10.14
RZ0ERAXP,Blue Bird All American,2016,Hybrid,12.0
Z9PWQ7F1,Ford F-750,2005,Electric,4.02
W2QFU8LS,Rivian EDV,2019,Hybrid,21.66
2A6VK0KJ,Blue Bird All American,2021,Electric,5.32
55MUBZU2,Tesla Semi,2004,Petrol,9.54
QZ4HKV4Z,BYD 8TT,2001,Electric,5.06
LOB777IH,Chevrolet Silverado 4500HD,2004,Diesel,6.82
TG1D9OB6,Ford F-750,2009,Electric,2.67
HIMZHSJQ,Isuzu NPR,2007,Hybrid,17.86
OKXKQPTI,Thomas Saf-T-Liner,2010,Diesel,14.48
LZIKQJMK,Thomas Saf-T-Liner,2006,Electric,4.69
LOP8TEDL,Ram ProMaster,2018,Hybrid,10.27
QT061ATM,Kenworth T680,2025,Electric,5.29
IJHXA3QGA,Thomas Saf-T-Liner,2014,CNG,8.0
GCO7TZUY,Kenworth T680,2019,Electric,4.42
ZLP4XKAV,Mack Anthem,2012,CNG,8.18
GDM57PPX,Freightliner M2,2024,Petrol,13.49
82SG0YPJ,Freightliner M2,2018,LNG,11.32
KWZARFZI,Blue Bird All American,2001,Diesel,6.66
27CH8TIS,Mack Anthem,2017,LNG,12.14
28MT9FSV,Freightliner M2,2014,CNG,9.53
803G5DFR,Ford F-750,2012,Electric,4.69
KFM9ZMRX,International LT,2009,CNG,13.47
6IDIIOH6,Kenworth T680,2015,Hybrid,17.02
DY27A24L,IC Bus CE Series,2003,Electric,3.89
6LRIM4SA,IC Bus CE Series,2011,Electric,4.96
6TAMY74W,Arrival Van,2024,Electric,4.48
RKG338BT,Volvo VNL,2015,Petrol,14.7
SZN5CTTA,Western Star 5700XE,2024,Hybrid,15.98
L5JKUYXC,Ford F-750,2017,CNG,12.66
JY5BSW6F,Nikola Tre,2015,Petrol,16.96
4TGVXKQ5,Western Star 5700XE,2012,LNG,8.47
ECC7JBS8,BYD 8TT,2025,Petrol,10.17
AE2JINN2,Blue Bird All American,2001,CNG,12.93
8U9144DJ,Mack Anthem,2011,LNG,-inf
P5R5IHZS,IC Bus CE Series,2020,LNG,11.63
YTJPCFV7,Isuzu NPR,2000,Diesel,10.13
TD85CA42,Nikola Tre,2001,Diesel,6.24
YSPTHOVV,Arrival Van,2009.0,Hybrid,13.39
PSNUM8BT,IC Bus CE Series,2014,CNG,0
O1Q3F6L6,Volvo VNL,2020,Electric,5.78
HXCJHWDF,Hyundai XCIENT,2003,Diesel,9.3
GMFGV5PI,Arrival Van,2006,Petrol,11.35
HD6VX67Q,Volvo VNL,2001,CNG,9.58
M1RE3LTD,International LT,2003,LNG,9.61
XR7L9K6N,Peterbilt 579,2022,CNG,11.54
WTJPS03S,Hino 268,2000,Electric,3.63
RZLY4Z6K,Chevrolet Silverado 4500HD,2023,Electric,3.62
T9X1PNWY,Blue Bird All American,2015,LNG,10.22
1OFOYI73,"Freightliner M2, Heavy Duty",2010,LNG,11.75
P3948JPF,Rivian EDV,2024,LNG,11.86
ROJ01P5W,Mack Anthem,2024,Electric,4.61
88J10KIG,Hino 268,1957,LNG,8.94
ZKC45YZD,Peterbilt 579,2000,CNG,12.28
47OTB85V,Isuzu NPR,2009,Diesel,6.44
KZSN9081,Rivian EDV,2003,Diesel,9.52
AKL1VVBG,Western Star 5700XE,2007,H2,24.75
NW2XJC3P,Peterbilt 579,2009,Electric,2.81
KWQH5K2Y,Thomas Saf-T-Liner,2022,Electric,5.94
WKXRU850,Thomas Saf-T-Liner,2012,LNG,13.76
PQTZ98DJ,Peterbilt 579,2022,Electric,5.55
D6FIZ791,Ford Transit,2022,Hybrid,10.02
GVZ0B3Q3,Blue Bird All American,2026,Diesel,9.25
14ZR012X,Mack Anthem,2011,Electric,4.83
O0LNMTZR,"Freightliner M2, Heavy Duty",2007,Hybrid,13.29
EVKPITYW,Thomas Saf-T-Liner,2018,LNG,12.98
EBR9FTWJ,Tesla Semi,2020,CNG,10.09
NZGARCP2,     ,2010,Petrol,10.25
DY4TKVV7,Thomas Saf-T-Liner,2008,CNG,9.42
3N7CCVCF,Tesla Semi,2008,Diesel,14.24
7SWY9V43,Arrival Van,2023,Petrol,-12.52
IUUKD07A,Hyundai XCIENT,2004,CNG/LNG,23.19
FKPA2TVM,Hyundai XCIENT,2007,Petrol,11.39
JBRRD44N,Kenworth T680,2009,CNG,12.77
HR8HDVAM,Hino 268,2014,Electric,-Infinity
23Q8749X,Mack Anthem,2018,Electric,5143.36
64L90FXV,Thomas Saf-T-Liner,2022,CNG,14.45
QFC2PTLS,Hyundai XCIENT,2023,Hybrid,19.88
c4rb4asf,Ford Transit,2023,Petrol,13.13
04BAUBB8,Ford F-750,2020,Petrol,"11,05"
1PH40DPM,Arrival Van,2023,Diesel,11.15
TAYW2HV3,Kenworth T680,2014,Petrol,13.59
UQNYBFA7,Rivian EDV,2022,Diesel,9.3
XWS5BU3N,Rivian EDV,2002,Electric,13.84
8T4H8IR6,Volvo VNL,2011,Diesel,14.75
FY0OZZHN,Ford F-750,2035,Electric,5.32
FOASZIXD,N/A,2025,Diesel,8.22
YOQSFHE1,Freightliner M2,2003,CNG,8.73
W4GRX404,Volvo VNL,2015,Diesel,8.38
DFK9OKJX,BYD 8TT,2013,Electric,5.53
0C3RB1FN,Tesla Semi,2018,LNG,13.56
UWTEU2,Tesla Semi,2017,CNG,9.17
9XRWNNVG,Mercedes Sprinter,2002,Electric,4.49
MC1DVHMA,Nikola Tre,2022,electric,10.97
TQH6JXRL,Mercedes Sprinter,2003,CNG,8.89
TM4ZC5CM,Hyundai XCIENT,2001,Electric,16.32
VUDM0L8B,Arrival Van,2016,Hybrid,11.32
SFHXAD3T,Freightliner M2,2026,Diesel,12.61
FFZ67A8X,Ford Transit,2014,LNG,11.69
FSLD78B8,Arrival Van,2009,Hybrid,16.33
VI2WVK00,     ,2021,CNG,8.02
BTLDKZ27,Peterbilt 579,2017,Petrol,11.37
PKR9VMFW,Isuzu NPR,2025,Diesel,9.99
NMBU04A2,Hyundai XCIENT,2016,Hybrid,17.31
6RVPBANX,Ford Transit,2007,CNG,14.6
PTFNM88U,Freightliner M2,2011,LNG,12.7
1HXE5ZAQ,Chevrolet Silverado 4500HD,2003,CNG,8.31
DS7KVK1X,BYD 8TT,2024,Diesel,6.8
TRAZMDUY,Western Star 5700XE,2026,Petrol,15.63
UW8PMY9P,Western Star 5700XE,2010,Hybrid,16.93
1QRF87HK,Chevrolet Silverado 4500HD,2012,Hybrid,19.01
646P9743,Mercedes Sprinter,2016,CNG,14.27
1Q6SE4SJ,Ram ProMaster,2006,Hybrid,17.24
B0E176MQ,Ford Transit,2021,Electric,5.58
FJLLAFGG,Mack Anthem,2016,Electric,4.42
URL6NFBI,Peterbilt 579,2011,Hybrid,16.14
UOIQ68BM,Kenworth T680,2006,Electric,5.39
ZGZU2NAC,IC Bus CE Series,2017,Petrol,13.91
97AHU0WU,Blue Bird All American,2018,Diesel,7.73
6L4PESRS,Ram ProMaster,2014,CNG,13.82
V6XGZ7CT,Chevrolet Silverado 4500HD,2009,CNG,13.8
DV8TXBRU,Isuzu NPR,2006,CNG,8.37
<script>alert(1)</script>,Isuzu NPR,2020,Petrol,6.69
T8KZ3Q0E,Hyundai XCIENT,2015,LNG,9.19
7XVG0FN9,Hyundai XCIENT,2022,Hybrid,16.68
SKR26G1O,Freightliner M2,2012,Hybrid,16.59
P9S3MGJ7,Kenworth T680,2013,Petrol,14.34
KWCJ8DL4,Hino 268,2006,Petrol,10.3
XGQHPZHU,Nikola Tre,2005,CNG,15.65
96H3I3NV,Kenworth T680,2026,Hybrid,19.38
2IA727A7,Kenworth T680,2016,Diesel,
NULL,Mercedes Sprinter,2021,Hybrid,18.36
6X4KY8YF,Blue Bird All American,2000,Petrol,7.23
AZL9ML70,Mack Anthem,2004,LNG,19.792502132
Y7YXKQTT,,2008,Petrol,15.69
HWTGQ0P8,Hyundai XCIENT,2012,CNG,10.71
ROCNI0TA,"Volvo
VNL",2002,Hybrid,11.71
6RYDQ3ML,Ford Transit,2024,Diesel,7.64
GHPO1VGK,Mack Anthem,2018,LNG,11.74
JZHGBSGL,Ram ProMaster,2015,Hybrid,16.33
67ZXOMZ9,International LT,2005,Electric,24.5
VGTDD567,BYD 8TT,2009,Hybrid,16.63
OS3BORAU,Freightliner M2,2023,Diesel,10.78
1LBN3Y7R,Thomas Saf-T-Liner,2007,LNG,10.51
EJSHK0FY,Mercedes Sprinter,2003,Diesel,6.74
Z4FG5WL1,Volvo VNL,2086,Diesel,10.69
20GRR6U6,Ram ProMaster,,Diesel,11.96
VNAK3QZD,Freightliner M2,2015,Electric,3.15
MYID4VJO,Hino 268,2010,Electric,5.74
QXPJ6O8J,Unknown,2024,LNG,9.39
ICKYVIV2,Mack Anthem,2002,Electric,3.88
MUOPXSDD,Ford F-750,2008,Electric,4.79
<script>alert(1)</script>,Arrival Van,2011,Electric,5.25
I2VMAV94,Mercedes Sprinter,2003,Electric,4.94
2KXSJZSB,Thomas Saf-T-Liner,2022,Petrol,17.41
8DHIC6V1,Arrival Van,2021,LNG,11.79
GW8X3KDD,Blue Bird All American,2012,LNG,10.49
31X5FDMF,Isuzu NPR,2011,Hybrid,17.26
R12PHUKJ,     ,2020,Hybrid,18.98
IJ8FZ7ZP,Volvo VNL,2005,CNG,13.59
6RMX1VZA,Thomas Saf-T-Liner,2026,Electric,5.36
CQS3R4TW,Rivian EDV,2026,CNG,"9,43"
UUUUUUUU,Peterbilt 579,2000,CNG,8.28
I3OK26VM,International LT,2022,Hybrid,16.01
Q4UA9N1P,Chevrolet Silverado 4500HD,2001,Hybrid,12.73
5I3IEST9,Thomas Saf-T-Liner,2000,Diesel,8.38
LA07BWF7,Kenworth T680,2015,LNG,8.61
  VP8QSM7B  , Hyundai XCIENT , 2018 , Petrol , 9.36 
O4DQ2ZZK,Western Star 5700XE,2010,CNG,11.26
6HDLZX5G,Rivian EDV,2008,Petrol,9.5
9IFDVBWE,BYD 8TT,2023,LNG,10.68
LJXTTQ2N,Hino 268,2024,CNG,11.09
R3GAE9DR,Kenworth T680,2014,Petrol,6.35
1I8JQ9E5,Nikola Tre,2019,Gasoline,8.25
R2XDOBD0,Nikola Tre,2008,Hybrid,20.69
8RRT4I7Z,Blue Bird All American,2001,Petrol,10.11
KCKW1QV1,IC Bus CE Series,2023,CNG,10.12
GUFM64AT,IC Bus CE Series,2001,Electric,Infinity
QG1X1IEB,Kenworth T680,2006,Diesel,5.06
V8U36KTU,Rivian EDV,2023,Diesel,7.15
8IR47FE3,BYD 8TT,2001,LNG,11.64
IIGIY0DR,Tesla Semi,2002,Petrol,15.91
JOJ2ZT08,Hino 268,2013,Electric,5.19
SGBJ6YVW,Western Star 5700XE,2019,Hybrid,17.57
CZ521S8N,Hino 268,2025,Diesel,10.77
1KXEZPOI,IC Bus CE Series,2024,CNG,11.29
UJAZNRKY,Freightliner M2,2010,CNG,13.53
TJC3W8WD,Kenworth T680,2002,Hybrid,18.17
317KO7CT,Volvo VNL,2009,Petrol,7.38
4ZNF3ZF5,Rivian EDV,2021,Petrol,12.01
UXTQS3Q5,Blue Bird All American,2025,CNG,9.25
5XT3O1BA,Thomas Saf-T-Liner,2004,Electric,5.64
T032SYU2,BYD 8TT,2008,Diesel,13.82
1YBYQKCQ,Ram ProMaster,2003,LNG,13.97
KIC424X6,Ford Transit,2018,Petrol,17.74
  VC7O45EJ  , BYD 8TT , 2025 , Hybrid , 18.87 
BB8WKIXC,Peterbilt 579,2010,CNG,14.31
W9JZYEDZ,Rivian EDV,2009,LNG,10.61
W46S7PO0,Rivian EDV,2009,Electric,3.88
,Nikola Tre,2000,CNG,11.22
S8ERKD0R,IC Bus CE Series,2019,Petrol,8.22
5ZKO0AWX,Tesla Semi,2009,Hybrid,19.13
T5MHR8ZL,Kenworth T680,2019,Hybrid,20.44
XPJ2QI80,Ford F-750,2000,Diesel,11.97
0M9YA8YF,Thomas Saf-T-Liner,2017,Electric,4.23
CC28FLK3,Volvo VNL,2019,LNG,11.49
4P8RI4BN,BYD 8TT,2011,Electric,4.1
MEQK9ZUH,IC Bus CE Series,Year2022,CNG,11.94
9P7Y6SOV,Ram ProMaster,2025,Diesel,5.66
0RIXG2RJ,Mack Anthem,2020,Electric,4.31
ZRP1482G,Mercedes Sprinter,2025,Diesel,10.29
MQ0NDQRB,Western Star 5700XE,2014.3,LNG,9.72
LGZ07YWA,Volvo VNL,2009,CNG,11.46
DPJUVFFK,BYD 8TT,2022,Electric,5.8
LQSF25GH,Mercedes Sprinter,2026,Electric,4.21
0907SN6A,Mack Anthem,2021,CNG,9.74
G28P4ADX,Peterbilt 579,2005,Hybrid,11.83
PZKBB77N,Mack Anthem,2020,Hybrid,12.82
MPXSV4DA,Nikola Tre,2022,Hybrid,14.64
TGQ01TEE,Tesla Semi,2026,LNG,13.94
EH2YOVPZ,Tesla Semi,2004,Diesel,8.94
PGFZXX69,Nikola Tre,2008,Diesel,13.11
GVYJ2JZO,Kenworth T680,2011,LNG,11.02
!@#$%,Ram ProMaster,2002,LNG,12.97
CHY3T5Q2,International LT,2006,LNG,12.22
SJDTLEB1,BYD 8TT,2010,LNG,
1HGB H225,Volvo VNL,2005,Petrol,13.15
7EH7YL7X,Ram ProMaster,2024,Petrol,16.09
NUXF1X88,Isuzu NPR,2018,LNG,10.52
3KOGUOXT,Mercedes Sprinter,1991,LNG,12.63
WQDWOL61,BYD 8TT,2021,Petrol,6.25
31TH1P8N,Isuzu NPR,2024,Electric,2.56
H3TV3I12,BYD 8TT,2000,Electric,3.47
QAF00PCB,IC Bus CE Series,2018,Hybrid,19.73
GEVOKQY9,Mack Anthem,2000,LNG,9.19
BIY7RULB,Kenworth T680,2023,Electric,5.52
925NGKQC,Western Star 5700XE,2025,petrol,22.35
UODZY2XA,Rivian EDV,2008,CNG,13.05
KHGQXF3P,Ford Transit,2019,Diesel,13.41
06DJIN9R,International LT,2007,Diesel,13.54
CMLZTI89,Nikola Tre,2020,Electric,4.58
UZLKDJAY,Hino 268,2015,LNG,Infinity
J2SMNP57,Ram ProMaster,2008,Electric,5.22
UAUS5VJC,Nikola Tre,2017,Hybrid,11.12
N/A,International LT,2023,LNG,10.55
X1CCEFE7,Tesla Semi,2021,Petrol,14.67
0G9F4OVK,Tesla Semi,2014,CNG,8.49
601KUO53,Nikola Tre,2003,Petrol,8.97
HPGIVE0G,IC Bus CE Series,2024,Diesel,6.57
QAOJGYOF,"Volvo
VNL",2018,Electric,3.28
FSQGAOVV,Isuzu NPR,2006,Electric,5.89
0RDYA0QT,Volvo VNL,2012,Electric,15.19
RWX35FJV,BYD 8TT,2007,CNG,15.06
7JR9JDLU,Mercedes Sprinter,2015,LNG,13.32
O7BAL23I,Mercedes Sprinter,2026,Hybrid,12.24
UZDD7AL9,IC Bus CE Series,2006,Electric,5.29
4V1FJ2AO,Rivian EDV,2008,Diesel,13.01
T53YKYYD,Nikola Tre,2011,LNG,12.76
N0GLM2H7,Volvo VNL,2025,Petrol,17.33
SZ9ULPNL,Mack Anthem,2022,CNG,8.25
XHXXD9WI,Mack Anthem,2011,LNG,12.79
0JQ3GZD9,International LT,2019,Petrol,6.58
D5AFQL0D,International LT,2024,Electric,3.27
K3FDJ2QS,Nikola Tre,2026,Diesel,8.17
5A7G3KRP,Volvo VNL,2019,Electric,2.54
VTX634ZH,Rivian EDV,Year2022,Hybrid,14.53
SGUBJV9N,International LT,2022,Hybrid,17.85
G3C36F5A,Kenworth T680,2025,LNG,13.44
N2M35JJG,Hyundai XCIENT,2020,CNG,13.01
JJ4UGG6S,IC Bus CE Series,2011,Diesel,12.35
HLOC9W89,Ford F-750,2005,CNG,inf
OWUF75WG,Freightliner M2,2023,CNG,15.46
BPZJQXJY,Ford F-750,2005,Petrol,7.13
D9YY0VS8,Ford F-750,2009,Petrol,11.18
QR03J6KK,BYD 8TT,2017,Diesel,13.6
29OWS6Y5,Volvo VNL,2023,Hybrid,15.91
LQK7UUNA,Volvo VNL,2014,Disel,10.97
ECXFYFK6,BYD 8TT,2015,Electric,5.26
J312A0WN,Kenworth T680,2015,Electric,5.68
6Y7IGWW6,Western Star 5700XE,2007,CNG,8.79
2H3YL76J,BYD 8TT,2006,Hybrid,10.47
USZHFFBR,Volvo VNL,2007,LNG,8.03
WVWORLEW,Nikola Tre,2017,LNG,8.55
QY8ECV84,Hyundai XCIENT,2019,Diesel,12.88
XAJMK4X1,Mack Anthem,2002,Petrol,14.56
64FBM0UN,Hino 268,2021,Diesel,8.35
G8SNM7V4,Nikola Tre,2023,Hybrid,20.54
5EZR6TZ7,Ford F-750,2018,Hybrid,-19.26
9DRLU8BR,IC Bus CE Series,2007,CNG,9.05
JCEF82DL,Tesla Semi,2008,Petrol,7.08
DZS13HDN,Western Star 5700XE,2000,Diesel,8.62
04S5QCSK,"Volvo
VNL",2025,LNG,13.27
TZ63RRPN,Kenworth T680,2006,Electric,4.25
PRD00QII,Isuzu NPR,2016,Electric,3.24
V6RMGHM6,Ford F-750,2006,Hybrid,16.72
PR3UHGFA,Isuzu NPR,2021,CNG,14.87
U4XODBSQ,Western Star 5700XE,2003,Petrol,15.38
I7MYEV8N,Ram ProMaster,2002,CNG,14.94
SF6X8KD1,IC Bus CE Series,20 22,Hybrid,16.58
HO28COQ3,Isuzu NPR,2006,Hybrid,10.07
WSUH4L3I,Mercedes Sprinter,2011,LNG,8.33
4UMQKP4Y,Arrival Van,2013,Electric,2.51
JPTS5690,Arrival Van,2009,,9.65
B7IAADDW,Thomas Saf-T-Liner,2019,LNG,9.38
XYCKDHG6,IC Bus CE Series,2022,CNG,9.12
O40A9Z1X,Mack Anthem,2003,CNG,8.88
NEBR49BM,Thomas Saf-T-Liner,2007,Hybrid,15.7
RGREWDS0,Western Star 5700XE,2000,LNG,10.04
OW50286F,Kenworth T680,2000,Electric,4.27
69ZR42FB,Hino 268,2025,LNG,9.25
TM7XL8WQ,Blue Bird All American,2021,Electric,5.21
7DT6V9N3,Ram ProMaster,2023,Diesel,5.97
NLY5IE4Q,Hyundai XCIENT,2018,Petrol,14.42
PUZHBNKN,Arrival Van,-47,LNG,12.3
DIGXL9YS,Nikola Tre,2008,Electric,5.16
CCDMKUI8,Freightliner M2,2005,Petrol,14.1
S5RO1J8T,Ford F-750,2006,ELECTRIC,9.55
L7VJUZ5P,Mack Anthem,2022,Diesel,5.54
FPHXEA17,Tesla Semi,2013,Petrol,12.31
417VF0JQ,Mercedes Sprinter,2009,Diesel,8.75
CQVACZ41,Mercedes Sprinter,2017,Petrol,17.04
G1G27YHA,Chevrolet Silverado 4500HD,2016,Electric,4.8
7TM0ZXO4,Arrival Van,2013,Petrol,8.53
RR7S20CV,International LT,2017,LNG,9.06
UFABV94I,Arrival Van,2023,CNG,15.54
  UNZJSZR6  , Tesla Semi , 2014 , Hybrid , 17.58 
   ,	, ,  , 
QBDL9ZMP,Western Star 5700XE,2014,LNG,11.39
E502ZDZJ,Hino 268,2001,Electric,4.5
96I5NXFE,Hyundai XCIENT,2023,CNG,9.24
1R8JWHTT,Western Star 5700XE,2000,Hybrid,15.43
YYJWYW39,Ford Transit,2021,LNG,9.85
RGOI9WM1,Ram ProMaster,2008,Petrol,6.24
4C8MA30W,Nikola Tre,2020,Diesel,13.46
20MQADS8,International LT,2020,LNG,10.18
SPAJYQEF,Mercedes Sprinter,2014,LNG,10.5
6U9MR4G6,Ford Transit,2021,Diesel,8.33
GA99UF1Z,BYD 8TT,2020,Electric,3.97
4W1B2TW5,Tesla Semi,2022,LNG,12.22
RBPH3OAS,Arrival Van,2018,CNG,15.77
QU2RFTVN,Blue Bird All American,1985,Hybrid,21.8
QG48JZTZ,"Freightliner M2, Heavy Duty",2022,Electric,3.0
C7R77KWK,Ford Transit,2023,Hybrid,15.47
AZKSWNVM,IC Bus CE Series,2026,Hybrid,11.2
37VDG5RK,Western Star 5700XE,2006,Hybrid,10.4
B2BB3NYM,BYD 8TT,2021,Petrol,15.39
XH0HKRQP,Volvo VNL,2024,Petrol,14.6
TUP8V3DL,Ford F-750,2021,Hybrid,18.26
896AO600,Rivian EDV,2007,Petrol,11.7603628175
W9Z0NJ0Z,Mack Anthem,2008,Petrol,6.87
ZXP1VE0J,Ford Transit,2013,CNG,9.66
RMSMOCWX,International LT,2000,Hybrid,15.2
MHCF7QRP,IC Bus CE Series,2018,Diesel,11.16
OUSMO841,Western Star 5700XE,2090,Petrol,16.7
3I6HNSHR,Peterbilt 579,2014,Petrol,9.84
CDWDV8I3,"Freightliner M2, Heavy Duty",2000,CNG,13.87
32DA1MIO,Volvo VNL,2003,Diesel,14.96
VJV38KZ8,Tesla Semi,2014,Petrol,17.91
E46VVQHY,IC Bus CE Series,2018,LNG,13.8
SIXVGSO9,Ram ProMaster,2012,Hydrogen,11.18
QV9W2ZZS,Freightliner M2,2002,CNG,10.87
IMNZ9B9B,Thomas Saf-T-Liner,2003,Electric,4.15
1JWYR248,Arrival Van,2012,CNG,15.02
ECE8FTXK,International LT,2003,Electric,3.02
Q86UNXLG,Blue Bird All American,2023,Hybrid,17.3
NULL,Blue Bird All American,2023,Diesel,6.38
82KB700U,Volvo VNL,2020,Petrol,11.68
EQD6R5FL,Ford F-750,2025,Diesel,13.15
8ZRR9FY5,Mack Anthem,2007,LNG,8.12
TPS7KQZ1,Arrival Van,2012,Diesel,9.52
R1ZSY9I5,IC Bus CE Series,2017,Petrol,14.5
U9EHL59X,Peterbilt 579,1982,Hybrid,18.14
QUNF57VH,Blue Bird All American,2002,CNG,13.02
NO5MJWM1,BYD 8TT,2018,LNG,11.58
PVK2SEZI,International LT,2005,LNG,11.8
BV6QBJB2,IC Bus CE Series,2018,Petrol,14.42
mb3d6mui,Arrival Van,2016,Petrol,7.63
PRWMOEGP,Kenworth T680,2007,Petrol,11.27
LW00I6PQ,Isuzu NPR,2003,Diesel,13.81
U6SX8,Nikola Tre,2019,LNG,10.67
   ,	, ,  , 
GOF2NNKQ,Peterbilt 579,2007,Petrol,6.16
6CCVCJWT,Chevrolet Silverado 4500HD,2012,Hybrid,21.94
EJFNSFB4,Thomas Saf-T-Liner,2001,CNG,8.8
0AXW9VRZ,Ford F-750,2020,Petrol,15.29
NULL,Blue Bird All American,2011,Diesel,14.18
JJ0V60XN,International LT,2008,Petrol,15.39
SYSAVA73,Mercedes Sprinter,2019,LNG,9.99
AFQONY8M,Rivian EDV,2006,Hybrid,10.86
DC3J7GKO,Kenworth T680,2005,Electric,5.38
UKKN0SCQ,Hino 268,2018,Hybrid,14.24
C5R441CA,Rivian EDV,2012,Petrol,13.87
5KH0405C,Ford Transit,2009,Diesel,12.09
27H6GMD4,Hino 268,2018,CNG,10.78
2WALCNSF,Thomas Saf-T-Liner,1933,Petrol,14.89
BW0BVXGI,Peterbilt 579,2024,LNG,11.99
A68T2A3A,Western Star 5700XE,2009,LNG,13.59
LLLLLLLL,Volvo VNL,2010,Petrol,9.58
WJCW25FL,Chevrolet Silverado 4500HD,2022,Hybrid,18.61
25JT3MT2,Chevrolet Silverado 4500HD,2007,CNG,8.85
U7OHQT03,Kenworth T680,2005,CNG,12.02
X6BL7IJ9,IC Bus CE Series,2015,LNG,12.14
TTTTTTTT,IC Bus CE Series,2026,Electric,4.38
K1PBCD6F,Hyundai XCIENT,2001,Electric,3.79
1BH4XY1M,Peterbilt 579,2000,Hybrid,21.4
2WP88TNG,BYD 8TT,2011,LNG,12.96
IUC1VSHP,Ford F-750,2020,Electric,N/A
TPWY433F,Arrival Van,2015,Hybrid,13.64
1HGB H225,Volvo VNL,2013,LNG,13.34
O648Q6C6,Mack Anthem,2013,Petrol,16.39
ZORCGR42,Mercedes Sprinter,2015,LNG,8.63
SZYI5EQT,Western Star 5700XE,2000,Hybrid,21.11
4RAG6KB9,Peterbilt 579,2024,Diesel,7.89
X6YYYBWF,Ford Transit,2016,Electric,3.81
SZM12AWV,Ram ProMaster,2013,LNG,10.04
WU5RTNFD,Nikola Tre,2022,Petrol,14.8
1KDK2YWF,Chevrolet Silverado 4500HD,2000,LNG,11.04
XJCIGHDV,BYD 8TT,2004,CNG,15.16
TATLLQHR,Ford F-750,2024,Electric,3.76
LU246L7L,Tesla Semi,2002,Electric,3.42
NNNGBPJ4,Nikola Tre,2001,Electric,3.03
CPA9MVT4,Rivian EDV,2013,CNG,15.77
M8N65FFW,Ford Transit,2025,Petrol,11.58
KEI5QFQ6,BYD 8TT,2015,LNG,9.42
5RWWRTET,Thomas Saf-T-Liner,2006,Electric,3.62
ZX64YR42,Blue Bird All American,2004,lng,4.72
0RBNX14T,BYD 8TT,2017,Petrol,8.43
V0TCKC70,Chevrolet Silverado 4500HD,2011,Electric,4.61
4T2J04BG,Western Star 5700XE,2015,Electric,5.75
7HF4XRTT,IC Bus CE Series,2006,CNG,12.8
C76WIZ6P,Mercedes Sprinter,2024,Electric,5.43
CE9I9WRI,Tesla Semi,2007,electric,15.32
AP4TEQ6G,BYD 8TT,2014,Petrol,8.89
1RU08L4P,Hino 268,2024,Electric,2.53
H9YK62R8,BYD 8TT,2010,LNG,10.48
XXEXTPEY,Mack Anthem,2002,Hybrid-Electric,12.2
74N8MMES,Tesla Semi,2010,LNG,13.59
QPYE3U42,BYD 8TT,2009,Electric,4.77
JY5QFAGQ,Hino 268,2005,Diesel,5.22
A9MUB6QF,Rivian EDV,2008,CNG,14.25
RVI1PY0B,Peterbilt 579,2021,Petrol,16.12
K4G5AWTA,Mercedes Sprinter,2001,CNG,8.02
P6VCKY6K,Peterbilt 579,2014,Petrol,9.32
TNU3SWNH,International LT,2016,Diesel,8.72
1'; DROP TABLE vehicle_registry;--,Isuzu NPR,2017,Petrol,13.91
OZFSRAZZ,Arrival Van,2023,Petrol,13.1
8GR7LVO3,International LT,2000,CNG,8.34
13UMJ47E,Ram ProMaster,2006,Electric,2.67
SOGTSBZH,Kenworth T680,2008,Petrol,7.75
QR1DQYIC,Tesla Semi,2011,LNG,12.48
Q91YY1J2,Hino 268,2024,Hybrid,10.75
PZ883LFU,IC Bus CE Series,2023,Diesel,8.05
S7B4TVDI,"Freightliner M2, Heavy Duty",2021,Diesel,8.31
387P24DI,Tesla Semi,2003,Electric,5.64
R2XHI22R,Mack Anthem,2006,Diesel,9.27
H29262CB,International LT,2004,Hybrid,20.25
YG16L0IF,Rivian EDV,2008,Electric,4.41
HCQBY1E1,Tesla Semi,2019,Diesel,inf
PARW83TT,Isuzu NPR,2019,Diesel,12.49
E37SABQD,Ford F-750,2011,Diesel,8.87
3EXS4CYQ,IC Bus CE Series,2022,Petrol,11.7316273634
69V1V03S,Peterbilt 579,2019,Electric,24.26
6MXPSRQK,Hino 268,2024,Hybrid,Infinity
GP75OGVL,Tesla Semi,2019,Petrol,15.51
78V3C1ED,Chevrolet Silverado 4500HD,2025,CNG,12.02
7D8WKDEF,Mack Anthem,2010,Diesel,6.17
H75UUI1V,Chevrolet Silverado 4500HD,2005,Electric,3.32
CPRKFWJ8,Peterbilt 579,2008,Electric,2.59
X99D5GYH,Mercedes Sprinter,2007,LNG,13.01
RSIOSXCP,Western Star 5700XE,2001,Petrol,13.96
ECF61J3I,Western Star 5700XE,2015,Electric,3.55
0FPM94Q4,Ram ProMaster,2023,Diesel,11.65
8JR8L7MX,Western Star 5700XE,2000,Hybrid,N/A
QE1EGZ6H,Hino 268,2001,Electric,4.68
4X4IOVEZ,"Freightliner M2, Heavy Duty",2008,Diesel,14.1
DX895SAG,Tesla Semi,2021,Diesel,7.46
  J44PC76N  , Chevrolet Silverado 4500HD , 2001 , Petrol , 7.02 
NY9V20YA,Ford Transit,2008,CNG,15.74
ALZU2RED,Mercedes Sprinter,,CNG,9.59
19NO52CZ,Nikola Tre,2015,Petrol,17.7
G5G2I2DO,Peterbilt 579,2024,Hybrid,19.72
CNTG2K11,Ram ProMaster,2000,Diesel,5.0
X1V4SEW1,Hino 268,2006,CNG,"14,39"
9YUV3FJE,Mercedes Sprinter,2025,LNG,10.64
R12O53WD,"Freightliner M2, Heavy Duty",2011,LNG,12.66
8JDC2TH0,Chevrolet Silverado 4500HD,2020,CNG,11.35
PHALJ8HO,Ford F-750,2008,Diesel,10.83
MD6T5Y7F,Peterbilt 579,2017,LNG,9.3
88PCPAPX,Hino 268,2023,CNG,9.95
HPAZAUR4,Chevrolet Silverado 4500HD,2022,LNG,9.43
H5NIB0NF,Thomas Saf-T-Liner,2022,Petrol,6.1
S4WT3PSL,Peterbilt 579,2020,Electric,3.39
PIFOLM1V,Freightliner M2,2012,Diesel,8.66
C6DYNKWW,Nikola Tre,2021,Diesel,12.0
N6DVJHJQ,Isuzu NPR,2010,LNG,8.7
583GQVBI,International LT,2012,Diesel,13.87
GASBCGOZ,Kenworth T680,2023,Hybrid,11.28
4423HELS,Nikola Tre,2026,CNG,8.43
GS75511R,Ram ProMaster,2010,Hybrid,21.05
UES8TQSV,3109,2018,Electric,3.25
T9450XPO,Isuzu NPR,2013,Hybrid,21.1
52IRUHZH,Nikola Tre,2026,Electric,4.72
0DPDINTH,BYD 8TT,2006,Petrol,8.74
YXI1QE4X,Ram ProMaster,2018,CNG,15.94
njvzp1i2,Nikola Tre,2002,Diesel,8.29
  XOFJZWAE  , Chevrolet Silverado 4500HD , 2015 , Petrol , 15.87 
A3O5U56T,Tesla Semi,20/22,Diesel,14.29
L60D97IB,Mack Anthem,2015,Diesel,5.11
X32API7O,BYD 8TT,2019,Hybrid,11.57
CQHCETAA,Isuzu NPR,1901,Diesel,5.29
RTVCE3SK,Ram ProMaster,2011,Hybrid,14.97
N55WPOCI,IC Bus CE Series,2017,LNG,13.0
9GJZEZ4S,Ram ProMaster,2012,Diesel,8.29
ZVKFMVEF,Isuzu NPR,2019,CNG,13.14
RMIV9C59,Chevrolet Silverado 4500HD,2006,LNG,7.8
FFPB7RQQ,Hino 268,2024,LNG,inf
B0OPUHKG,Chevrolet Silverado 4500HD,2001,Hybrid,18.61
RZMS1208,Hyundai XCIENT,2018,Hybrid,18.0
96UEJFJ6,Chevrolet Silverado 4500HD,2016,Electric,4.48
7JB5NJRM,International LT,2013,Hybrid,15.79
FN44QN4Y,Blue Bird All American,NULL,LNG,10.68
VYWRJM9H,Chevrolet Silverado 4500HD,2010,Petrol,12.23
XVM9R66E,Volvo VNL,2024,Petrol,9.39
9BDRNI75,Arrival Van,2016,Electric,2.77
,,,,
HY05Y5FN,Hyundai XCIENT,2017,LNG,13.03
  F6JYLI5G  , IC Bus CE Series , 2008 , LNG , 13.76 
QT3WVEDN,Chevrolet Silverado 4500HD,2017,Electric,5.79
J5CXCPL9,Ford Transit,2006,Hybrid,14.19
LA17QQF4,Thomas Saf-T-Liner,2024,Diesel,14.93
0FV2074Z,Volvo VNL,2008,LNG,8.45
5ZVY7EDE,Chevrolet Silverado 4500HD,2019,LNG,7.36
,,,,
3GDILK1Q,Arrival Van,2009,Electric,5.75
RZU0J4CG,Rivian EDV,2004,CNG,9.09
2O33B29X,Rivian EDV,2022,Hybrid,20.77
U0TMPB7P,IC Bus CE Series,2015,CNG,12.34
RRRRRRRR,BYD 8TT,2006,Electric,4.25
27JN4AF0,Mercedes Sprinter,2002,Electric,4.15
T8DL8F5W,Freightliner M2,2007,Petrol,14.41
15SBMY7T,Hino 268,2013,Hybrid,-inf
NBQG5A8M,Freightliner M2,2023,Electric,4.11
KSVYJ9BI,Peterbilt 579,2012,LNG,9.08
CLIV6TY6,Ram ProMaster,2015,Electric,4.18
6FBOJPGJ,Hino 268,2005,Diesel,5.42
56HUKODC,Hyundai XCIENT,2014,Diesel,1
YWT3HKO1,Kenworth T680,2004,LNG,9.52
U536H4VJ,Hyundai XCIENT,2012,Electric,2.53
VRYDC1AU,Volvo VNL,2003,CNG,9.69
D5C2IMJ2,Hyundai XCIENT,2018,LNG,9.0
H1TP7QNC,Tesla Semi,2026,Diesel,6.89
UGP6153I,Rivian EDV,2020,Electric,3.83
T2YPZK78,Chevrolet Silverado 4500HD,2021,Hybrid,18.43
5GZPLUSQ,Ford Transit,2001,Electric,24
AA3PYZ8R,Thomas Saf-T-Liner,2009,Petrol,12.42
83GSV5E0,Mack Anthem,2025,LNG,7.72
9QF3XNP3,Rivian EDV,2001,Petrol,11.8
J36TCFKJ,Blue Bird All American,2014,Diesel,5.01
659WRNPZ,Hyundai XCIENT,2024,Hybrid,13.19
6LLXC3Q1,International LT,2002,LNG,-inf
CMWQG266,Hyundai XCIENT,2006,Diesel,NULL
FATBEAXY,Ford F-750,2014,Hybrid,17.7
FEWSM91K,Mercedes Sprinter,2022,CNG,15.85
5R5RC6ZS,Ram ProMaster,2025,Hybrid,16.86
KFFSAIFA,Nikola Tre,2015,Petrol,13.77
GWKW5OG3,Ford F-750,2014,Electric,5.5
FYM3XMLT,Ford F-750,2006,Hybrid,10.25
7QTZ1RUY,Tesla Semi,2015,Diesel,5.6
1JUU4SMO,Volvo VNL,2001,CNG,10.22
LYID8FF3,Ford F-750,2018,CNG,15.75
46D27Z5Q,Volvo VNL,2014,LNG,10.89
KTERFRQ0,Peterbilt 579,2026,Petrol,7.15
QRMJL125,Blue Bird All American,2009,Electric,2.99
NOBLWD83,Rivian EDV,2022,LNG,7.16
5AA35WFW,Mercedes Sprinter,2020,CNG,14.99
AYMRCLT8,Volvo VNL,2007,LNG,11.39
L2R6K5U9,IC Bus CE Series,2003,Hybrid,14.63
QHLCGIZZ,Thomas Saf-T-Liner,2021,LNG,NaN
90BHJWP6,Tesla Semi,2000,Electric,4.29
VNO4DBSJ,Arrival Van,2008,Hybrid,19.35
HAU5LXC0,Freightliner M2,2021,Diesel,5.84
82N2ATQY,Arrival Van,2008,Diesel,10.85
4R5SF6AX,Hyundai XCIENT,2017,LNG,11.04
B7AO6FV5,Peterbilt 579,2008,Hybrid,12.07
WL2FA4P3,Isuzu NPR,2015,CNG,13.07
6SJMHJ6C,Freightliner M2,2025,Petrol,6.4
8TH6CZOU,International LT,2004, CNG,4.86
W17KF6JZ,Mercedes Sprinter,2012,Electric,3.0
BY2OWOSI,BYD 8TT,2006,Diesel,10.75
DBDLO9B2,Mack Anthem,2011,Electric,3.07
ZCNVS3FA,International LT,2012,CNG,12.12
29TC6CGE,Chevrolet Silverado 4500HD,2004,Hybrid,17.07
Z17BSV1G,Hino 268,2018,Electric,3.87
S95ZOW60,Rivian EDV,2013,Diesel,12.03
O9LQHF2S,Peterbilt 579,2016,LNG,10.14
MU9Q9VCM,Tesla Semi,2014,Petrol,8.28
637810OE,Ram ProMaster,2006,Hybrid,19.4
CSDU3PJT,Kenworth T680,2026,CNG,12.02
7GKN3VB0,Hyundai XCIENT,2003,Electric,4.47
9JY06IWP,Mack Anthem,2019,Petrol,8.58
1RDNF4X1,BYD 8TT,2014,Petrol,7.93
8YJ9AA9P,Nikola Tre,2015,Diesel,9.74
F5E47RHO,Hyundai XCIENT,2026,Electric,5.57
2WAA2PQL,Tesla Semi,2001,LNG,11.44
IBL7Y4RK,Western Star 5700XE,2020,LNG,9.66
S8FEBCG6,Tesla Semi,2002,CNG,9.32
9089XNDB,1694,2024,LNG,11.63
VESMPR6C,Rivian EDV,2025.8,Diesel,7.08
8XTOR6E5,Tesla Semi,2007,CNG,13.45
87YGB316,Nikola Tre,2021,Electric,3.04
85S0I99N,Freightliner M2,2017,Diesel,6.73
KOUYUB87,BYD 8TT,2018,LNG,11.52
0C8F9YOU,"Freightliner M2, Heavy Duty",2011,Electric,5.83
HQHMO269,Blue Bird All American,2002,Diesel,7.39
L69ISXUW,BYD 8TT,2021,Electric,4.65
E93N27F9,Hyundai XCIENT,2021,Petrol,6.56
NXK71B1Q,Ford F-750,2017,CNG,13
FC0TR58P,Ram ProMaster,2023,CNG,9.09
B5WXYPL6,Hyundai XCIENT,2017,LNG,10.14
HBCHPI79,Ford Transit,2019,Diesel,5.25
1KTR2QZI,Unknown,2015,Petrol,10.39
OHSMDYVS,Ford F-750,2001,Diesel,7.21
6D97OIE0,Mack Anthem,2003,Petrol,9.54
B80LQ1Q1,Mack Anthem,2005,Hybrid,19.76
G3MP3EVS,Volvo VNL,2020,LNG,12.74
58BV45RH,Mercedes Sprinter,2004,Petrol,7.76
T8BP6NLN,Mercedes Sprinter,2001,Electric,2.62
54DZM8D3,Ford Transit,2009,LNG,8.03
U2MPY814,Ford Transit,2006,CNG,11.64
D502II9I,IC Bus CE Series,2024,Petrol,10.03
WCDPI2EY,Mack Anthem,2002,Diesel,8.74
FL9154F3,IC Bus CE Series,2005,Hybrid,12.73
E7SRKFF2,Ford Transit,2023,Petrol,8.56
0VS62J62,Hino 268,2023,Petrol,12.45
LT,Ford Transit,2001,LNG,9.35
ETN7C7UE,Rivian EDV,NULL,Petrol,17.91
QZ2EHBBS,BYD 8TT,2007,Petrol,12.59
LRCD56Z0,Isuzu NPR,2009,LNG,10.07
2O4WESTX,Blue Bird All American,2006,Electric,20
UOT8MMDF,Volvo VNL,2026,CNG,9.74
0OSP9XFA,Hino 268,2004,Diesel,"18,78"
OXIO25NA,Hino 268,2016,Petrol,14.05
7U8H0IMJ,Arrival Van,2013,Hybrid,13.33
0HBBNUIW,Rivian EDV,2015,CNG,10.17
1TC42OUT,Blue Bird All American,2007,Electric,5.74
0YET337A,Rivian EDV,2005,LNG,12.52
69BQGI1M,Freightliner M2,2017,CNG,8.98
KXJTMYSW,Peterbilt 579,2024,Electric,5.81
BEU4POKI,Chevrolet Silverado 4500HD,2023,Electric,5.83
AWPQSHE9,International LT,2024,LNG,13.6
LYGWR70I,Thomas Saf-T-Liner,2015,LNG,8.11
CO69EKIN,Thomas Saf-T-Liner,2018,CNG,13.69
ZNL4XRRP,Thomas Saf-T-Liner,2008,LNG,12.07
TQA9X1VB,Blue Bird All American,2022,Hybrid,15.43
B269J7TF,Rivian EDV,2010,Electric,4.53
NXVSRSMW,Mack Anthem,2022,Gasoline,19.49
Z0HCM2IA,Volvo VNL,2007,LNG,7.2
y3eefjyf,Blue Bird All American,2000,Hybrid,11.99
M0T47IBG,Ford F-750,2013,Hybrid,21.43
JZTRHXJN,Hino 268,2010,Diesel,12.25
6O8Z0N7N,Hino 268,2006,CNG,13.1
H4SLPRS0,Western Star 5700XE,2013,Diesel,7.46
QAU2UEGD,NULL,2026,Petrol,16.32
3KYKG9IA,Peterbilt 579,2008,Electric,5.32
3QHWLJFB,Chevrolet Silverado 4500HD,2019,LNG,inf
T8M93UCE,Hyundai XCIENT,2019,Electric,4.69
7I6BXPDZ,Chevrolet Silverado 4500HD,2006,LNG,13.21
C8HH41QK,Isuzu NPR,2003,Hybrid,12.87
38HSL1FG,Kenworth T680,2011,Electric,4.05
ZTKRBXPW,Mercedes Sprinter,2021,LNG,7.67
SJ2O204Z,Western Star 5700XE,2014,Petrol,7.6
RM004TYW,Ford Transit,2006,Petrol,10.62
NEG45RME,International LT,2016,LNG,11.43
YZN9RHVH,Mack Anthem,2023,CNG,8.69
JGKMS22V,Arrival Van,2004,CNG,11.6
XIINHNYL,International LT,2004,CNG,8.28
XYJ38XRG,Blue Bird All American,2005,Electric,2.99
YBZ9M7SA,Mack Anthem,2024,Petrol,16.36
MI3GLB04,Mercedes Sprinter,2002,Electric,3.75
CW2LMEGS,Hino 268,2018,Electric,2.88
PAGI3XAW,Hino 268,2011,Diesel,14.93
TFF718JU,Nikola Tré,2003,Hybrid,12.85
0G9B3GP3,Mercedes Sprinter,2008,Hybrid,16.81
WYLUA1GI,Nikola Tre,2012,LNG,11.93
T69PV6LR,Freightliner M2,2010,Petrol,7.41
34NJR4R0,International LT,2012,Hybrid,15.77
QXCJWLNZ,IC Bus CE Series,2002,Hybrid,13.16
VAZ18M7M,Peterbilt 579,2014,Diesel,11.29
LZ50FCON,Ram ProMaster,2009,Diesel,3
Y5OJSQXW,IC Bus CE Series,2024,Electric,5.42
JMHXNFE4,Freightliner M2,2021,Petrol,14.4
EYNHU1ZEI7LSFQU8F6IY,Isuzu NPR,2020,Hybrid,12.58
VHTN7SU6,Ram ProMaster,2008,Hybrid,13.98
15KXSXWK,Thomas Saf-T-Liner,2006,LNG,9.51
09R17WLQ,Isuzu NPR,2019,CNG,11.52
4A4IPVWO,Thomas Saf-T-Liner,2007,Electric,5.9
J39T61GG,Arrival Van,2014,CNG,10.93
O1P74UV7,Kenworth T680,2024,Diesel,9.77
W748LGME,Arrival Van,1924,Diesel,12.88
NYPB8AKZ,Western Star 5700XE,2024,Electric,5.76
4FN5G77L,Ford F-750,2002,LNG,13.26
4T0SEKKB,Thomas Saf-T-Liner,2020,LNG,12.56
KTBQRZE8,Ford Transit,2006,Diesel,5.13
889R5V5W,Thomas Saf-T-Liner,2023,CNG,15.55
BM7ZO1K9A9,Peterbilt 579,2013,Hybrid,11.98
GR3AJNC9,Western Star 5700XE,2007,Diesel,11.57
L7S19NYZ,Ford F-750,2007,Electric,5.72
9EWHO5QQ,IC Bus CE Series,2014,LNG,9.54
BU2Y0OY5,Kenworth T680,2005,Petrol,11.25
4CCFH9AP,Nikola Tre,2026,Hybrid,14.58
E7YCS1KE,Kenworth T680,2026,Electric,3.43
HYV08MHS,Ram ProMaster,2019,Diesel,6.41
EPC3UZH8,Ford Transit,2006,Electric,3.93
PXLVLB8D,Chevrolet Silverado 4500HD,2011,Hybrid,21.34
UC3GT0KO,Freightliner M2,2020,Electric,4.79
3Q9B5WEH,Chevrolet Silverado 4500HD,2009,Hybrid-Electric,24.13
X93MVNIR,Mack Anthem,2011,Diesel,5.81
IV0B1HI8,Western Star 5700XE,2015,Hybrid,21.01
WOR3VLLM,Rivian EDV,2014,Hybrid,12.31
YLOQBPOZ,Mack Anthem,2004,Electric,4.88
7MOU3DN1,Tesla Semi,2000,Electric,3.43
QP5XYAKJ,Mack Anthem,2015,Petrol,8.22
GBI6HM8V,Tesla Semi,2020,Diesel,14.55
  9G2JF8JZ  , BYD 8TT , 2017 , CNG , 8.77 
23U7OUB7,Chevrolet Silverado 4500HD,2012,Hybrid,13.37
WW7OPIDL,Freightliner M2,2012,Electric,4.79
5PPNOV3S,Arrival Van,2006,Electric,3.84
4V9RBUQ9,Blue Bird All American,2021,LNG,12.34
OB7P7O0O,Chevrolet Silverado 4500HD,2016,Hybrid,11.9
Q9BJF5EX,Tesla Semi,2002,Hybrid,4171.45
BFNOGRID,Nikola Tre,2015,CNG,11.65
7OVHM3KW,Hyundai XCIENT,2004,LNG,11.78
PNX4YK1W,Freightliner M2,2026,Electric,4.08
5VB1T5C2,Hyundai XCIENT,2026,CNG,12.79
UL10C1LP,Tesla Semi,2020,LNG,10.5492711268
BZEM89WP,"Freightliner M2, Heavy Duty",2020,Hybrid,17.61
EW2TLY1Q,International LT,2021,CNG,11.17
,International LT,2014,Petrol,16.0
79W5DY4L,Ford Transit,2003,Petrol,16.73
DD3OTOBH,Freightliner M2,2026,Hybrid,17.96
SHB0DX08,Western Star 5700XE,2012,CNG,13.37
EGS3X568,Blue Bird All American,2012,LNG,11.92
34QT3KSK,Chevrolet Silverado 4500HD,2002,Electric,3.88
RK8T0ITB,Kenworth T680,2026,Diesel,7.13
I2SO2JQX,Peterbilt 579,2013,Hybrid,14.34
YB1PPMSN,Hyundai XCIENT,2019,Electric,5.15
06SYW2W8,Blue Bird All American,2024,Petrol,7.98
JH5ZZAQX,Western Star 5700XE,2002,LNG,8.6
VI37WAZ5,Western Star 5700XE,2017,LNG,11.92
1N0GJOF9,Tesla Semi,2007,Hybrid,16.07
H1VJF8WA,Chevrolet Silverado 4500HD,2009,Petrol,14.64
DL8IP0CQ,Mack Anthem,2003,Diesel,5.49
PRLI1VMK,Ford Transit,2021,LNG,13.23
USSD6SJ6,Western Star 5700XE,2003.8,Diesel,8.46
B9OPLLV1,Peterbilt 579,2001,CNG,11.58
5QU0K5QZ,Rivian EDV,2025,Electric,3.54
255M5JF9,Rivian EDV,2014,LNG,11.69
YHJ65O46,Ford Transit,2022,LNG,good
3IL7BLC2,Hyundai XCIENT,2016,Petrol,12.28
704RP1C7,,2007,LNG,7.21
HAVSSLTX,Hino 268,2020,CNG,11.52
EZTWAUEO,Volvo VNL,2005,CNG,12.1
2FVZS040,Rivian EDV,2010,LNG,8.31
,,,,
WGWPMRXT,Thomas Saf-T-Liner,2020,Electric,4.1
85,Peterbilt 579,2006,Hybrid,19.78
LJAIMUE2,Isuzu NPR,2020,Electric,5.12
ELXYB9ND,Rivian EDV,2012,Hybrid,19.63
2IDC5VIR,Isuzu NPR,2002,Petrol,8.76
648N9JI7,IC Bus CE Series,2019,Hybrid,14.13
1MXOAQQB,IC Bus CE Series,2021,CNG,
DG1WJUII,Arrival Van,2000,LNG,9.51
BYXYJL2T,Ram ProMaster,2009,Hybrid,11.15
OZSM69HA,Ram ProMaster,2063,LNG,7.54
6KIX9NY7,BYD 8TT,2016,Hybrid,0
XQK5CCK0,Freightliner M2,2019,Electric,3.54
9OO08XWN,Kenworth T680,1903,CNG,14.69
VW1N6KVP,Nikola Tre,2019,Electric,2.71
NZBVH1KH,Thomas Saf-T-Liner,2011,Electric,4.92
IY4VA13U,International LT,2015,CNG,12.15
5ADL5YI3,Peterbilt 579,2025,LNG,260.29
7KKE7JY6,4150,2004,Petrol,16.96
5HRBP00A,BYD 8TT,2021,LNG,11.06
TNVOKEYN,Hino 268,2024,Hybrid,16.55
Q5CC8I7H,Tesla Semi,2009,Hybrid,11.32
DV7ZOBIZ,Volvo VNL,2000,Diesel,14.25
DN6BFHYH,Hino 268,2012,LNG,10.01
  H8KEOM9J  , Thomas Saf-T-Liner , 2010 , LNG , 13.87 
3PUWSXVT,Isuzu NPR,2025,Petrol,15.63
J52IX9FX,Nikola Tre,2022,Hybrid,14.01
6QH4MNYK,Rivian EDV,2010,LNG,8.47
8SSZY74B,Mercedes Sprinter,2009,Hybrid,17.93
N8CQPHLI,Chevrolet Silverado 4500HD,2020,LNG,13.41
AGF4333W,International LT,2008,Petrol,7.07
SJXL66YA,Thomas Saf-T-Liner,2001,LNG,7.11
9C2LTWI0,Western Star 5700XE,2022,Petrol,6.93
IHMOBPEG,Arrival Van,2017,Hybrid,18.01
QG87CI60,Chevrolet Silverado 4500HD,2005,CNG,11.21
6FB14T29,Isuzu NPR,2016,Hybrid,13.27
NH81TJRT,Arrival Van,2015,Diesel,9.13
YSAGHWLG,Mercedes Sprinter,2019,Electric,3.9
Q8SZ7QST,Thomas Saf-T-Liner,2004,CNG,15.73
Z6QBR03A,Peterbilt 579,2014,Diesel,8.21
9UXC8WCJ,Mercedes Sprinter,2018,Petrol,12.54
3YT2Y6KZ,Peterbilt 579,2008,Petrol,10.87
AYIUKEUF,Arrival Van,2002,LNG,8.54
DIYENYN8,Ford F-750,2001,Diesel,11.06
THW44W99,Chevrolet Silverado 4500HD,2010,LNG,12.5
1NGKX6AW,Volvo VNL,2007,Electric,5.1
LWDEQMBK,IC Bus CE Series,2017,Electric,2.68
DZDOZ1OK,Chevrolet Silverado 4500HD,2021,Hybrid,16.25
7AITMOFM,Blue Bird All American,2011,Electric,4.69
Q8BGJ5G1,Western Star 5700XE,2012,Petrol,17.57
B2EGICQX,Nikola Tre,2022,Hybrid,21.77
7DVUSSGY,Tesla Semi,2017,Hybrid,19.28
7UGI9BAO,Freightliner M2,2017,Electric,5.64
MFNZN997,Western Star 5700XE,2008,Petrol,-inf
ZD3Q0E03,Arrival Van,2016,Electric,3.34
JOYSJ8OY,Ford Transit,2024,Hybrid,12.5
BIWZF8AB,,2016,Diesel,12.27
Z8JPM9QE,IC Bus CE Series,2023,LNG,8.83
CKFKPJ6Q,Tesla Semi,2014,Petrol,17.97
DDVXC78HM3,Ford Transit,2002,Diesel,12.07
HL5JJCMA,Ford Transit,2021,Diesel,14.04
U2NKMBGF,Chevrolet Silverado 4500HD,2012,CNG,11.23
UBLODPRB,Ford F-750,2001,Petrol,9.57
IHEGYIRC,Mercedes Sprinter,2000,Electric,5.21
TQEAEQ2I,International LT,2010,Electric,4.12
YOHZJH8G,Peterbilt 579,2000,Electric,3.81
8ISGAZLJ,Mercedes Sprinter,2014,Electric,4.24
SX93SBE0,BYD 8TT,2026,Diesel,5.99
J5RNO5GL,Nikola Tre,2012,Electric,5.73
PJPF240S,Western Star 5700XE,2013,Petrol,7.32
5WM72QLG,Peterbilt 579,2000,Diesel,10.95
JAL1TPNS,Mercedes Sprinter,2001,CNG,14.49
960361I2,Isuzu NPR,2020,Hybrid,12.28
DFBV56DY,Arrival Van,2008,Electric,5.63
AZ7GKXQ9,Hino 268,2019,Hybrid,20.39
1WSWOQM4,BYD 8TT,2006,Hybrid,12.28
EDXQWBMJ,Hyundai XCIENT,2019,Hybrid,21.26
C6P1LLH2,Ford Transit,2001,Hybrid,21.88
2Q3W7NUG,BYD 8TT,2004,CNG,-Infinity
FNLJ9,Ford F-750,2002,CNG,9.83
IF2TJB9H,Mercedes Sprinter,2020,LNG,13.56
EYO5TM9L,International LT,2011,Petrol,12.99
5JYE3ILY,Kenworth T680,2024,Diesel,5.1
I68L5DZL,Freightliner M2 – 特别版,2021,CNG,15.73
TCSF73FI,Volvo VNL,2020,CNG,12.18
GEEJ1MNW,Nikola Tre,2000,Hybrid,10.05
LA0DI2C1,Rivian EDV,2022,Electric,20.47
SKVON3UQ,Chevrolet Silverado 4500HD,2007,Electric,3.88
  BER9YX5L  , IC Bus CE Series , 2003 , Electric , 5.74 
ZKE2OJB5,Nikola Tre,2005,Petrol,7.66
C2ONIDNUG027Q,Ford Transit,2022,Hybrid,13.93
   ,	, ,  , 
4IJ643YU,IC Bus CE Series,2008,Petrol,6.05
2TLTT23G,Ram ProMaster,2010,CNG,9.8
R6EDBZN9,Mercedes Sprinter,2002,CNG,10.01
NK2ZRL8Y,BYD 8TT,2025,Diesel,5.38
98YTQ,Hyundai XCIENT,2013,Petrol,11.32
2XZDT9GQ,Kenworth T680,2026,Diesel,5.57
EFBGYEWS,Chevrolet Silverado 4500HD,2005,CNG,11.16
I3EYGZ8S,Tesla Semi,2010,Electric,2.81
H3P8ENUF,Isuzu NPR,2024,Electric,18.59
cao6tklx,Ford Transit,2022,Hybrid,10.01
D26GOASJ,Hino 268,2024,Electric,5.72
D27ID7SB,Hino 268,2015,Hybrid,16.38
BXFKVDC6,Hyundai XCIENT,2013,Hybrid,10.48
OK9BSQPX,Kenworth T680,2007,LNG,11.59
ARXY0DJ4,Kenworth T680,2026,Diesel,13.26
E90P53NF,"Freightliner M2, Heavy Duty",2006,Hybrid,12.99
V9H0DM15,Ford Transit,2005,Hybrid,13.15
T7R9V0PQ,IC Bus CE Series,2010,Electric,3.59
IAYC1Y4Y,Western Star 5700XE,2002,LNG,8.26
14CZOVFV,Hyundai XCIENT,2006,Electric,4.1
1GFD1TI1,Unknown,2024,LNG,7.07
02EHNURG,Ram ProMaster,2004,Diesel,13.67
ORFOYQMX,Nikola Tre,2010,Diesel,
XS5GD7SP,Volvo VNL,2007,CNG,13.69
EBDT055F,BYD 8TT 中国,2021,CNG,10.6
6AX6V41T,Mercedes Sprinter,2015,CNG,7532.7
EHB9FCFH,Ford F-750,2017,Diesel,5.39
L2DIBZXA,Freightliner M2,2009,LNG,9.24
5GPECIMZ,Thomas Saf-T-Liner,2015,Hybrid,16.01
H1ZAFJKG,Kenworth T680,2011,Electric,5.11
8EICFARY,Tesla Semi,2002,Hybrid,13.83
R5CPKZK5,Ram ProMaster,2025,Diesel,5.91
JWFQ84GD,Ford Transit,2021,Hybrid,18.59
00000000,Rivian EDV,2002,Petrol,14.38
XPHX2KBV,Ram ProMaster,2022,LNG,8.62
9ZU1EH33,BYD 8TT,2016,Electric,5.03
4CBJWMZ8KQ,Mercedes Sprinter,2017,Petrol,9.45
JMEHIYLW,IC Bus CE Series,2010,CNG,10.45
HP2RNZBC,Mack Anthem,2001,Diesel,7.67
00000000,Nikola Tre,2025,Hybrid,10.19
WJ6XUQZ9,Tesla Semi,2021,Electric,-inf
VDQBHSC2,Peterbilt 579,2017,Electric,4.01
HO5WLL53,Rivian EDV,2010,petrol,19.2
GH9DJ8D3,Isuzu NPR,2020,Petrol,11.34
UPBBBKVP,Blue Bird All American,2015,Diesel,7.28
ECKSL5D0,Isuzu NPR,2000,LNG,8.92
SUU5UTXR,Western Star 5700XE,2025,CNG,11.23
ZRUIP6SN,Hyundai XCIENT,2025,Hybrid,19.61
I43PT5P5,Freightliner M2,2010,Hybrid,13.57
FYPPI678,N/A,2008,Electric,3.1
1QD41J2P,Freightliner M2,2017,Diesel,6.26
ZCNH3AC7,Ford F-750,2021,Petrol,17.19
94W7U8BU,Peterbilt 579,2003,LNG,12.21
TAALKFB1,Hyundai XCIENT,2026,Hybrid,17.95
V91TTSHE,Chevrolet Silverado 4500HD,2019,CNG,10.17
LQRBJDAA,Ram ProMaster,2006,CNG,8.94
GWDC6CY9,Ford Transit,2020,LNG,13.05
JXI9B7C8,Peterbilt 579,2012,LNG,9.88
2D792HEC,IC Bus CE Series,2009,CNG,13.58
QG3A7I28,Tesla Semi,2008,Diesel,14.59
N/A,Nikola Tre,2015,Diesel,9.04
WHZEII66,N/A,2015,Hybrid,13.49
5WMD9LAE,Kenworth T680,2021,LNG,13.63
P1JHLPX5,Ford Transit,2023,Petrol,14.61
715REJ84,Hino 268,2009,Electric,5.2
JBPC8S38,IC Bus CE Series,2013,Diesel,10.13
JJ7IFWJ9,Rivian EDV,2010,LNG,10.3
HM5ZJYIT,Ford Transit,2022,LNG,10.7
G1HAV6XH,Mack Anthem,2010,LNG,10.6
5XNUHAQX,Ford Transit,2024,Petrol,9.07
B4AZP8QY,Ram ProMaster,2015,Diesel,7.93
0O0FJK97,Ford Transit,2026,Electric,4.4
OZ7E0PCM,Hino 268,2000,Diesel,11.13
SOE6FF95,Mercedes Sprinter,2009,Diesel,10.34
FF2HTB2Y,BYD 8TT,2013,CNG,12.55
10CJ1I4E,Western Star 5700XE,2020,Petrol,10.93
P1I3661L,Volvo VNL,2009,Hybrid,17.86
R9M682LW,Hyundai XCIENT,2011,CNG,13.35
G0X3KMZ5,Rivian EDV,2019,Electric,4.51
H8FFPW7R,International LT,2016,Petrol,13.11
010YXSD5,Nikola Tre,2009,CNG,13.43
NAM148P0,Tesla Semi,2025,Electric,4.61
UKR3ZQRY,Blue Bird All American,2003,Diesel,11.17
7DG3JZPA,Isuzu NPR,2018,Petrol,9.12
HG2HEKFI,Rivian EDV,2022,LNG,9.25
BDTWH7F0,Arrival Van,2003,LNG,12.66
HRT6KUIK,Peterbilt 579,2016,LNG,10.88
DVA49X0F,Peterbilt 579,2022,Electric,3.64
EJA1V2TG,Tesla Semi,2000,Petrol,14.17
3YSF922D,Rivian EDV,2010,Diesel,9.67
IJQ2X978,Ram ProMaster,,LNG,10.01
F6BCWFO7,Ford Transit,2013,Hybrid,11.06
T37N557J,International LT,2018,Diesel,12.94
011JDIAS,Arrival Van,2025,Hybrid,19.8
1S71EUUL,Thomas Saf-T-Liner,2006,LNG,12.28
Y0RCNJ6B,Ford Transit,2021,Diesel,7.55
1S6V40W3,Peterbilt 579,2025,LNG,7.83
<script>alert(1)</script>,Western Star 5700XE,2013,Petrol,12.89
GBVYOW47,Ford F-750,2008,CNG,12.48
CP8FP1K8,Ford Transit,2001,Diesel,11.96
EB900YEH,Peterbilt 579,2018,LNG,7.02
0USXW8M0,Ford F-750,2000,LNG,9.55
7SSS3RQC,Freightliner M2,2018,CNG,14.88
BIHTH24P,Mercedes Sprinter,2009,CNG,13.35
P43QA4BX,Volvo VNL,2019,Petrol,10.45
HQKJNZ05,Ford F-750,2006,LNG,8.9
G9NYUJ2O,Chevrolet Silverado 4500HD,,Petrol,14.44
9KMG15B9,Volvo VNL,2004,Electric,20.08
Y2EFSW5M,Hino 268,2008,LNG,8.45
2629C6JB,Rivian EDV,2031,LNG,12.84
2DU97J0S,"Freightliner M2, Heavy Duty",2005,Electric,5.68
EZPR3DF8,Mack Anthem,2007,Diesel,7.28
,Ford Transit,2021,Electric,5.21
J7WDFP85,Chevrolet Silverado 4500HD,2024,Electric,3.73
VB37GMX9,Mercedes Sprinter,2016,Petrol,15.15
BA0L2NZV,Tesla Semi,2008,Electric,3.9
XIKPDKUY,Thomas Saf-T-Liner,2007,Diesel,6.42
HHVPPQ4I,Tesla Semi,2024,LNG,8.24
41O9W7BV,International LT,2015,Electric,inf
S9JJ21I3,Nikola Tre,2016,Electric,5.74
52SQ3B9S,IC Bus CE Series,2023,Hybrid,10.47
LE2JASFQ,Ford F-750,2011,Electric,5.06
NAOK94F1,IC Bus CE Series,2013,LNG,9.46
J9TSJGWO,Ford F-750,2004,Diesel,14.41
R7HGFAVS,1092,2024,CNG,10.32
3,Mack Anthem,2010,Diesel,10.82
2BXRQYNM,Western Star 5700XE,2018,Electric,11.75
7AIH2E9X,Peterbilt 579,2015,Electric,8994.17
   ,	, ,  , 
6AQYCVF7,Hino 268,2022,Petrol,10.1
57GOCRK5,Chevrolet Silverado 4500HD,2012,Diesel,8.17
JUJHVD5H,,2023,CNG,11.35
1N1T7NRQ,Western Star 5700XE,2017,Diesel,13.46
CAAY4UFJ,Hino 268,,Diesel,14.0
0PVYEPZN,Isuzu NPR,2025,Petrol,17.37
J2F04V0D,Western Star 5700XE,2025,CNG,Infinity
45A4520S,Rivian EDV,2012,Petrol,11.29
YU4IJ0W8,BYD 8TT,2005,Petrol,16.56
F02442IK,Ford Transit,2002,Hybrid,13.88
F1W2NZ0V,Tesla Semi,2026,Petrol,12.32
QBFK8V8G,Tesla Semi,2026,Diesel,14.99
60V4N5FI,Kenworth T680,2023,Electric,5.45
FE1DIPSR,BYD 8TT,2011,PETROL ,23.18
CAECRTSI,Ford F-750,1990,Electric,3.48
US960VGA,BYD 8TT,2012,Electric,3.5
4QEQI27X,Peterbilt 579,2025,Petrol,16.16
CEKKLMSZ,Kenworth T680,2022,LNG,9.31
5SS9SIPG,Blue Bird All American,2020,LNG,9.72
F1M5W7G7,Tesla Semi,2004,Hybrid,17.4
PFQSFQI0,IC Bus CE Series,2020,Hybrid,11.19
VYB6LI07,Blue Bird All American,2000,Electric,3.68
KLEKQGW1,Arrival Van,2005,Diesel,13.22
BAOIWAYD,Ford Transit,2001,Petrol,12.72
7TLETBW4,Arrival Van,2001,CNG,8.3
ZZZZZZZZ,Western Star 5700XE,2025,LNG,8.86
O98N2R48,Tesla Semi,2016,Diesel,11.38
L8OSDWAT,Ram ProMaster,2014,LNG,8.81
,,,,
OML62GXE,BYD 8TT,2024,CNG,8.22
R6WSSK4W,Ford Transit,2019,Electric,5.06
SKYLYVAI,Kenworth T680,2012,Electric,13.55
Y0365MKR,Isuzu NPR,2017,LNG,12.53
RREB7U81,5731,2007,Diesel,12.59
B61G0B68,Nikola Tre,2021,CNG,8.84
1DWTOWUA,Peterbilt 579,2009,CNG,-4.48
73XVAXD9,Blue Bird All American,2023,Electric,5.57
V91UHXLX,Ford F-750,2020,Petrol,14.6
HBYGK165,Nikola Tre,2007,Electric,11
M7B0VZGU,Western Star 5700XE,2013,Hybrid,14.53
LLS9KSWK,Ford Transit,2021,Hybrid,16.49
NULL,Chevrolet Silverado 4500HD,2022,Electric,4.03
RJYGUUYF,Hyundai XCIENT,2025,Electric,4.3
